month,day,country_of_user,model_photography,page_number,unique_product_models,category_1_clicks,category_2_clicks,category_3_clicks,num_revisits
4,1,29,2,3,8,1,3,2,0.0
4,1,29,2,2,8,2,4,0,1.0
4,1,21,2,1,3,0,1,2,0.0
4,1,21,1,3,4,2,0,2,0.0
4,1,9,1,1,1,0,0,1,0.0
4,1,9,1,2,3,0,0,3,0.0
4,1,29,2,4,8,0,1,1,0.0
4,1,9,2,3,8,0,2,6,0.0
4,1,29,1,2,3,2,1,0,0.0
4,1,16,2,1,5,1,4,0,0.0
4,1,9,1,1,1,1,0,0,0.0
4,1,29,1,2,6,0,5,1,1.0
4,1,38,1,1,3,3,0,0,0.0
4,1,9,1,1,1,1,0,0,0.0
4,1,21,2,3,20,2,13,5,0.0
4,1,29,1,1,1,0,0,0,0.0
4,1,9,2,2,4,1,2,1,0.0
4,1,9,2,2,5,5,0,0,0.0
4,1,29,2,2,3,1,0,2,0.0
4,1,29,1,2,2,2,0,0,0.0
4,1,29,1,1,5,0,3,2,0.0
4,1,9,2,2,3,3,0,0,0.0
4,1,29,1,1,1,0,0,0,0.0
4,1,29,1,2,5,0,3,1,0.0
4,1,9,1,1,1,0,1,0,0.0
4,1,29,1,1,2,2,0,0,0.0
4,1,9,2,1,5,1,1,3,0.0
4,1,29,2,1,4,2,0,1,0.0
4,1,29,1,1,3,3,0,0,0.0
4,1,29,2,3,10,4,2,4,0.0
4,1,29,2,3,7,1,4,4,2.0
4,1,29,2,2,3,2,0,0,0.0
4,1,29,2,4,15,5,1,0,1.0
4,1,24,1,1,1,0,1,0,0.0
4,1,24,2,2,5,4,1,0,0.0
4,1,29,1,1,1,0,0,0,1.0
4,1,29,2,2,5,1,3,0,0.0
4,1,29,1,2,4,2,0,0,0.0
4,1,41,1,2,2,1,0,1,0.0
4,1,9,2,2,6,4,2,0,0.0
4,1,9,2,2,2,2,0,0,0.0
4,1,29,1,1,1,1,0,0,0.0
4,1,9,2,2,11,0,20,0,3.0
4,1,9,2,3,9,2,4,3,0.0
4,1,12,2,2,3,3,0,0,0.0
4,1,9,1,1,1,1,0,0,0.0
4,1,29,1,2,4,0,2,0,0.0
4,1,29,2,1,3,1,0,0,0.0
4,1,9,2,4,27,12,4,11,0.0
4,1,29,1,1,4,0,4,0,0.0
4,1,9,1,1,3,4,0,0,1.0
4,1,38,2,1,8,2,5,0,1.0
4,1,9,1,1,2,2,0,0,0.0
4,1,29,2,1,3,0,0,0,0.0
4,1,29,2,1,6,0,0,4,1.0
4,1,29,2,2,7,3,2,1,0.0
4,1,41,2,2,3,0,0,0,0.0
4,1,29,2,2,4,2,0,0,0.0
4,1,24,1,1,1,0,0,1,0.0
4,1,21,2,1,5,2,3,1,1.0
4,1,24,2,2,4,1,3,0,0.0
4,1,9,2,1,4,0,0,4,0.0
4,1,24,2,2,10,0,13,0,2.0
4,1,24,1,2,3,3,0,0,0.0
4,1,24,2,1,2,1,1,0,0.0
4,1,24,2,3,17,10,4,3,0.0
4,1,24,1,1,1,1,0,0,0.0
4,1,24,2,4,11,2,2,7,0.0
4,1,41,1,1,3,0,3,0,0.0
4,1,9,1,1,1,1,0,0,0.0
4,1,29,1,1,1,0,0,1,0.0
4,1,29,1,1,1,1,0,0,0.0
4,1,29,2,3,6,3,0,0,0.0
4,1,29,1,1,1,0,1,0,0.0
4,1,29,2,5,9,2,0,1,1.0
4,1,29,2,1,4,0,4,0,0.0
4,1,9,1,1,1,0,0,1,0.0
4,1,29,2,2,10,4,0,0,0.0
4,1,29,1,1,2,0,0,1,0.0
4,1,29,2,1,4,0,5,0,1.0
4,1,29,2,2,7,2,1,3,0.0
4,1,29,2,1,7,0,0,2,1.0
4,1,9,1,2,4,0,3,1,0.0
4,1,24,1,1,1,0,0,1,0.0
4,1,24,2,3,10,3,4,3,0.0
4,1,41,2,1,4,3,0,0,0.0
4,1,29,1,1,4,0,0,2,0.0
4,1,29,1,1,1,0,0,1,0.0
4,1,29,1,1,1,0,0,0,0.0
4,1,29,2,1,4,0,1,2,0.0
4,1,24,1,1,1,1,0,0,0.0
4,1,29,2,4,9,3,2,0,0.0
4,1,9,2,1,2,0,0,2,0.0
4,1,9,2,3,5,1,3,1,0.0
4,1,21,1,1,1,0,0,0,0.0
4,1,21,1,1,1,0,0,1,0.0
4,1,29,2,2,8,0,6,0,1.0
4,1,29,1,1,10,3,0,4,0.0
4,1,29,1,1,1,0,1,0,0.0
4,1,29,1,1,3,1,0,2,1.0
4,1,9,1,1,2,3,0,0,1.0
4,1,29,1,1,3,0,3,0,0.0
4,1,29,1,1,1,0,1,0,0.0
4,1,29,1,1,2,0,0,0,0.0
4,1,29,2,4,18,4,2,2,2.0
4,1,29,2,1,2,0,0,0,0.0
4,1,29,2,2,3,2,1,0,0.0
4,1,29,1,4,4,0,0,0,0.0
4,1,29,1,1,1,0,1,0,0.0
4,1,29,2,2,6,1,4,0,0.0
4,1,24,2,2,6,1,4,2,1.0
4,1,24,1,2,2,2,0,0,0.0
4,1,9,2,2,2,1,0,1,0.0
4,1,9,1,2,2,2,0,0,0.0
4,1,29,1,1,1,1,0,0,0.0
4,1,9,2,2,8,5,1,2,0.0
4,1,9,2,2,5,2,4,0,1.0
4,1,29,2,2,6,4,2,2,2.0
4,1,29,1,1,3,2,0,0,0.0
4,1,29,2,2,7,0,0,2,0.0
4,1,29,2,3,7,3,1,1,0.0
4,1,29,2,3,33,12,19,2,1.0
4,1,29,1,1,2,0,0,2,0.0
4,1,29,2,2,4,3,0,2,1.0
4,1,29,1,1,1,0,0,1,0.0
4,1,29,2,3,4,0,0,0,0.0
4,1,29,1,1,2,0,0,2,0.0
4,1,29,2,1,5,2,1,2,0.0
4,1,29,2,1,4,0,4,0,0.0
4,1,29,1,1,1,1,0,0,0.0
4,1,29,2,2,4,0,0,1,0.0
4,1,29,1,1,1,1,0,0,0.0
4,1,29,1,1,3,3,0,0,0.0
4,1,29,2,4,8,9,0,0,3.0
4,1,29,2,1,5,2,1,0,1.0
4,1,29,1,1,2,1,0,0,0.0
4,1,29,2,1,4,2,0,2,0.0
4,1,29,1,1,1,0,0,0,0.0
4,1,29,2,3,4,0,0,2,0.0
4,1,29,2,2,2,0,0,0,0.0
4,1,29,1,2,3,2,0,1,0.0
4,1,29,2,2,8,6,2,4,4.0
4,1,29,1,1,1,0,0,0,0.0
4,1,29,1,2,5,0,5,0,0.0
4,1,29,2,1,4,2,0,0,0.0
4,1,29,1,1,1,0,0,1,0.0
4,1,29,2,1,4,0,0,2,0.0
4,1,29,2,3,5,1,1,3,1.0
4,1,29,1,2,3,1,2,0,0.0
4,1,29,1,1,2,2,0,0,0.0
4,1,29,2,4,21,1,5,7,1.0
4,1,29,1,1,1,0,1,0,0.0
4,1,29,1,2,2,1,0,0,0.0
4,1,29,2,3,3,0,0,0,0.0
4,1,29,1,1,1,0,0,1,0.0
4,1,29,2,2,3,0,0,4,1.0
4,1,29,1,1,3,0,0,3,0.0
4,1,29,2,2,2,2,0,0,0.0
4,1,29,1,2,4,0,3,1,0.0
4,1,29,1,1,1,0,1,0,0.0
4,1,44,2,1,3,0,0,3,0.0
4,1,34,2,4,25,0,0,24,5.0
4,1,29,1,1,1,0,1,0,0.0
4,1,29,2,2,8,4,4,0,0.0
4,1,29,2,1,5,2,0,4,1.0
4,1,29,2,2,3,0,3,0,0.0
4,1,29,2,2,18,5,8,0,3.0
4,1,29,2,3,7,0,0,0,1.0
4,1,29,1,1,1,0,1,0,0.0
4,1,29,1,1,1,0,1,0,0.0
4,1,29,1,2,3,2,0,0,0.0
4,1,29,1,2,3,0,3,0,0.0
4,1,29,1,1,1,1,0,0,0.0
4,1,29,2,5,10,2,1,4,1.0
4,1,29,2,1,7,0,0,0,1.0
4,1,29,2,1,16,7,7,2,0.0
4,1,29,2,4,36,13,0,12,0.0
4,1,29,1,1,1,0,0,0,0.0
4,1,29,2,4,7,0,0,4,0.0
4,1,29,2,2,8,0,0,4,0.0
4,1,29,1,2,12,14,1,0,1.0
4,1,29,1,1,1,1,0,0,0.0
4,1,29,1,2,4,0,0,2,0.0
4,1,29,1,1,1,0,0,1,0.0
4,1,29,2,3,15,9,3,3,0.0
4,1,29,2,2,5,2,0,3,0.0
4,1,29,2,3,9,0,1,4,0.0
4,1,29,2,2,5,1,0,1,0.0
4,1,29,2,4,26,0,8,12,1.0
4,1,9,2,1,6,3,2,1,0.0
4,1,29,2,1,5,0,2,2,0.0
4,1,29,1,1,1,0,0,1,0.0
4,1,29,1,2,6,5,0,1,0.0
4,1,29,2,4,19,4,7,8,1.0
4,1,29,1,1,3,0,3,0,0.0
4,1,29,2,1,2,0,2,0,0.0
4,1,29,1,1,1,0,0,1,0.0
4,1,29,1,2,2,0,2,0,0.0
4,1,29,1,2,8,2,6,0,0.0
4,1,29,2,1,9,1,1,7,1.0
4,1,29,1,1,1,1,0,0,0.0
4,1,29,1,1,1,1,0,0,0.0
4,1,29,2,1,8,7,1,0,0.0
4,1,29,2,3,15,9,2,4,0.0
4,1,29,2,4,16,1,0,2,2.0
4,1,29,2,2,8,5,1,1,1.0
4,1,29,2,1,3,0,5,0,2.0
4,1,29,2,1,3,0,3,0,1.0
4,1,29,2,2,5,5,0,0,0.0
4,1,29,2,2,6,6,0,0,0.0
4,1,29,2,3,6,0,0,9,3.0
4,1,29,1,1,2,0,0,0,0.0
4,1,29,2,3,18,7,6,7,4.0
4,1,29,1,1,1,0,0,1,0.0
4,1,29,2,2,7,4,1,0,0.0
4,1,29,2,4,6,0,0,6,0.0
4,1,29,1,2,4,0,2,2,0.0
4,1,29,1,1,1,0,1,0,0.0
4,1,29,1,1,2,1,0,1,0.0
4,1,29,1,1,8,8,0,0,0.0
4,1,29,2,1,8,0,6,0,1.0
4,1,29,2,2,7,0,2,5,0.0
4,1,29,2,3,6,1,2,1,0.0
4,1,29,1,2,5,4,0,0,0.0
4,1,29,2,3,8,0,0,7,0.0
4,1,29,2,1,3,1,0,2,0.0
4,1,29,2,3,9,0,5,5,2.0
4,1,29,1,1,1,1,0,0,0.0
4,1,29,2,3,4,0,1,1,0.0
4,1,29,2,5,24,0,7,5,2.0
4,1,29,1,2,3,0,2,1,0.0
4,1,29,1,1,1,1,0,0,0.0
4,1,29,2,3,8,0,6,2,0.0
4,1,29,1,1,1,0,0,0,0.0
4,1,29,2,4,10,7,0,0,1.0
4,1,29,2,1,2,0,1,1,0.0
4,1,29,1,1,1,0,1,0,0.0
4,1,29,2,2,15,1,0,14,0.0
4,1,29,2,3,9,1,3,2,0.0
4,1,29,2,2,3,0,0,0,0.0
4,1,28,1,1,7,6,0,0,2.0
4,1,29,1,1,2,0,2,0,0.0
4,1,29,1,1,1,0,1,0,0.0
4,1,9,2,3,13,11,2,3,3.0
4,1,29,2,1,15,15,0,0,0.0
4,1,29,1,1,1,0,0,1,0.0
4,1,29,1,1,2,0,0,2,0.0
4,1,24,1,1,5,2,1,2,0.0
4,1,24,1,1,2,0,2,0,0.0
4,1,29,1,3,10,0,7,3,0.0
4,1,29,2,4,11,4,0,0,0.0
4,1,29,1,1,1,1,0,0,0.0
4,1,29,2,3,9,0,0,0,0.0
4,1,29,2,1,5,0,2,0,0.0
4,1,29,2,1,10,0,4,2,1.0
4,1,29,2,1,3,0,0,1,0.0
4,1,29,1,1,1,0,1,0,0.0
4,1,29,1,1,3,0,2,0,1.0
4,1,29,1,1,3,2,0,1,0.0
4,1,9,1,1,1,1,0,0,0.0
4,1,29,2,2,13,4,6,4,3.0
4,1,29,1,1,1,1,0,0,0.0
4,1,29,2,4,11,0,9,1,2.0
4,1,29,2,3,4,1,0,0,0.0
4,1,29,2,4,20,1,3,4,0.0
4,1,29,2,3,12,10,0,4,2.0
4,1,29,2,3,9,1,4,0,3.0
4,1,29,2,2,9,0,9,0,0.0
4,1,29,2,1,4,0,2,0,1.0
4,1,29,1,1,2,1,0,1,0.0
4,1,29,1,1,1,0,1,0,0.0
4,1,29,2,1,2,1,0,0,0.0
4,1,29,2,4,10,2,3,6,1.0
4,1,29,2,2,2,0,1,1,0.0
4,1,29,1,1,3,1,0,1,0.0
4,1,29,2,3,4,0,0,0,0.0
4,1,29,2,1,4,1,0,1,1.0
4,1,29,2,3,33,14,2,23,5.0
4,1,29,1,1,1,0,0,1,0.0
4,1,29,2,1,3,0,2,1,0.0
4,1,29,2,3,6,3,0,3,1.0
4,1,29,2,3,4,2,0,0,1.0
4,1,29,1,1,1,0,0,1,0.0
4,1,29,1,1,1,0,0,0,0.0
4,1,29,1,2,3,0,2,1,0.0
4,1,29,1,1,1,1,0,0,0.0
4,1,29,2,2,8,3,2,2,0.0
4,1,29,1,1,1,0,0,0,1.0
4,1,29,1,1,1,0,0,1,0.0
4,1,29,2,4,6,0,4,0,0.0
4,1,29,2,1,11,3,6,0,0.0
4,1,29,2,2,4,0,0,0,0.0
4,1,9,2,4,7,2,3,2,0.0
4,1,29,1,1,1,0,0,0,0.0
4,1,29,1,1,1,1,0,0,0.0
4,1,29,2,1,7,0,7,0,0.0
4,1,29,1,1,1,0,1,0,0.0
4,1,46,2,1,3,0,0,1,0.0
4,1,29,1,1,1,1,0,0,0.0
4,1,44,2,3,9,3,0,1,0.0
4,1,29,2,3,5,2,0,3,0.0
4,1,29,1,1,1,1,0,0,0.0
4,1,29,1,1,1,0,0,0,0.0
4,1,29,1,1,2,0,0,2,0.0
4,1,29,2,2,6,1,1,2,1.0
4,1,29,2,4,22,2,4,5,1.0
4,1,29,1,1,1,1,0,0,0.0
4,1,29,2,2,6,0,3,3,0.0
4,1,29,2,3,9,4,3,3,1.0
4,1,29,2,3,8,1,1,3,0.0
4,1,29,2,2,12,7,0,0,0.0
4,1,29,1,1,3,2,0,1,0.0
4,1,29,1,1,3,1,0,2,0.0
4,1,29,1,1,6,3,1,1,0.0
4,1,29,2,3,6,0,2,0,0.0
4,1,29,2,3,11,2,0,9,0.0
4,1,29,2,2,3,0,3,0,0.0
4,1,29,2,4,4,0,1,3,0.0
4,1,29,2,2,7,0,3,0,0.0
4,1,29,1,3,6,0,1,3,0.0
4,1,9,2,3,7,5,2,0,0.0
4,1,9,1,1,1,0,1,0,0.0
4,1,29,2,1,3,1,2,0,0.0
4,1,9,1,1,3,0,3,0,0.0
4,1,29,2,2,10,8,0,0,1.0
4,1,29,2,4,18,7,6,0,6.0
4,1,29,2,3,4,0,0,0,0.0
4,1,9,2,3,4,1,0,3,0.0
4,1,29,2,1,5,2,0,5,2.0
4,1,29,1,2,2,2,0,1,1.0
4,1,29,2,3,8,1,0,2,0.0
4,1,29,1,1,1,1,0,0,0.0
4,1,29,1,3,3,0,1,0,0.0
4,1,44,1,1,1,1,0,0,0.0
4,1,29,1,1,1,0,1,0,0.0
4,1,44,2,1,2,0,1,1,0.0
4,1,44,1,1,1,0,0,0,0.0
4,1,29,1,1,6,5,1,0,0.0
4,1,29,1,1,2,1,0,0,1.0
4,1,29,2,2,4,0,0,0,0.0
4,1,29,2,1,5,3,0,2,0.0
4,1,29,1,1,1,1,0,0,0.0
4,1,29,2,1,17,6,5,7,1.0
4,1,29,1,1,1,1,0,0,0.0
4,1,29,1,1,2,0,0,0,0.0
4,1,29,2,1,6,5,0,0,0.0
4,1,29,2,2,3,2,0,0,0.0
4,1,29,2,4,8,3,0,0,0.0
4,1,29,1,3,5,0,3,2,0.0
4,1,29,2,1,4,0,4,0,0.0
4,1,29,1,1,1,1,0,0,0.0
4,1,29,1,2,3,2,0,0,1.0
4,1,29,2,3,7,0,0,0,1.0
4,1,29,2,2,5,0,2,0,0.0
4,1,29,1,2,5,0,5,0,0.0
4,1,29,1,1,1,0,0,0,0.0
4,1,29,1,1,1,0,1,0,0.0
4,1,29,2,4,9,4,2,1,1.0
4,1,29,1,1,3,1,2,0,0.0
4,1,29,1,1,4,0,1,1,0.0
4,1,29,1,1,1,0,0,0,0.0
4,1,15,1,1,1,1,0,0,0.0
4,1,9,2,1,7,5,0,2,0.0
4,1,29,2,3,7,2,2,3,0.0
4,1,24,2,4,20,1,8,12,1.0
4,1,29,2,2,6,3,2,1,1.0
4,1,29,1,1,1,0,2,0,1.0
4,1,29,1,1,1,1,0,0,0.0
4,1,29,2,4,10,2,3,4,0.0
4,1,29,1,1,2,2,0,0,0.0
4,1,9,1,1,1,1,0,0,0.0
4,1,29,1,1,1,0,0,0,0.0
4,1,24,2,3,13,1,11,3,2.0
4,1,9,2,1,2,2,0,0,0.0
4,1,29,1,1,1,0,0,1,0.0
4,1,29,2,1,6,4,1,0,0.0
4,1,24,2,2,8,2,2,4,0.0
4,1,29,1,1,1,0,0,1,0.0
4,1,9,2,2,4,4,0,0,0.0
4,1,46,1,1,1,0,0,1,0.0
4,1,46,1,1,1,0,1,0,0.0
4,1,46,1,1,1,1,0,0,0.0
4,1,46,1,1,1,1,0,0,0.0
4,1,46,1,1,1,1,0,0,0.0
4,1,46,1,1,1,0,0,1,0.0
4,1,9,1,1,1,0,1,0,0.0
4,1,9,2,3,11,5,4,3,1.0
4,1,29,1,1,1,0,0,1,0.0
4,1,9,1,1,1,1,0,0,0.0
4,1,9,2,2,7,7,0,0,0.0
4,1,29,1,1,1,1,0,0,0.0
4,1,29,1,1,3,1,2,0,0.0
4,1,29,1,2,2,2,0,1,1.0
4,1,29,2,1,3,0,4,0,1.0
4,1,29,2,2,9,5,1,2,0.0
4,1,29,2,5,19,14,0,0,2.0
4,1,29,1,1,2,0,2,0,0.0
4,1,29,1,1,2,2,0,0,0.0
4,1,29,2,4,21,8,7,7,1.0
4,1,29,1,1,3,3,0,0,0.0
4,1,29,2,4,12,1,4,0,0.0
4,1,9,2,3,5,0,0,5,0.0
4,1,46,1,2,7,4,0,3,0.0
4,1,9,2,1,6,5,1,0,0.0
4,1,16,1,1,6,7,0,0,1.0
4,1,46,1,1,2,1,1,0,0.0
4,1,29,2,1,4,0,0,0,0.0
4,1,29,2,1,7,2,2,3,0.0
4,1,44,1,1,1,1,0,0,0.0
4,1,29,1,1,2,1,0,0,0.0
4,1,29,1,1,1,0,1,0,0.0
4,1,29,2,4,21,4,9,2,0.0
4,1,29,1,1,2,0,0,1,0.0
4,1,29,1,2,4,2,1,0,1.0
4,1,29,1,1,1,1,0,0,0.0
4,1,9,2,2,2,1,0,1,0.0
4,1,9,1,1,2,2,0,0,0.0
4,1,9,1,1,3,3,0,0,0.0
4,1,9,1,1,1,0,2,0,1.0
4,1,9,2,2,7,5,2,0,0.0
4,1,9,1,1,1,0,1,0,0.0
4,1,9,2,2,4,0,2,3,1.0
4,1,9,2,1,4,0,5,0,1.0
4,1,29,1,1,1,0,0,1,0.0
4,1,29,1,2,3,1,2,0,0.0
4,1,29,1,1,2,1,0,1,0.0
4,1,29,1,1,2,0,0,2,0.0
4,1,29,1,1,2,0,0,0,0.0
4,1,29,1,1,1,0,0,0,0.0
4,1,29,2,2,12,1,4,0,0.0
4,1,29,2,1,2,1,0,1,0.0
4,1,29,2,1,2,3,0,0,1.0
4,1,29,2,3,6,0,0,0,1.0
4,1,29,1,1,2,1,1,0,0.0
4,1,29,2,4,11,3,4,3,1.0
4,1,29,1,1,2,1,1,0,0.0
4,1,29,2,1,2,0,0,2,0.0
4,1,29,2,2,9,3,3,0,0.0
4,1,29,2,3,10,4,3,3,0.0
4,1,28,2,3,3,1,0,0,0.0
4,1,9,2,2,20,28,4,0,6.0
4,1,29,2,4,6,0,0,0,0.0
4,1,9,2,2,5,3,1,1,0.0
4,1,29,2,1,3,0,2,0,0.0
4,1,29,2,2,8,5,0,2,0.0
4,1,29,1,1,2,2,0,0,0.0
4,1,29,1,1,1,0,0,1,0.0
4,1,29,2,2,4,0,0,4,0.0
4,1,44,1,1,1,0,1,0,0.0
4,1,29,1,2,5,0,5,0,0.0
4,1,29,2,3,7,1,3,1,1.0
4,1,29,1,1,2,0,0,4,1.0
4,1,29,2,2,5,0,0,5,0.0
4,1,29,1,1,1,1,0,0,0.0
4,1,29,2,3,3,0,1,2,0.0
4,1,9,2,2,4,3,0,1,0.0
4,2,29,2,1,11,2,5,5,1.0
4,2,29,1,1,1,1,0,0,0.0
4,2,29,2,3,5,0,2,0,1.0
4,2,29,2,4,9,4,0,1,0.0
4,2,29,2,3,6,4,0,0,1.0
4,2,29,2,2,2,0,0,2,0.0
4,2,9,1,2,3,0,0,3,0.0
4,2,9,2,3,11,3,1,7,0.0
4,2,29,2,4,13,6,3,1,1.0
4,2,29,2,2,4,0,1,2,0.0
4,2,29,2,2,8,5,0,2,1.0
4,2,9,1,1,2,0,2,0,0.0
4,2,46,1,1,7,12,0,0,4.0
4,2,29,1,1,1,0,1,0,0.0
4,2,29,1,1,2,0,0,1,0.0
4,2,9,2,4,21,0,18,3,0.0
4,2,29,1,1,3,0,3,0,0.0
4,2,9,1,1,1,1,0,0,0.0
4,2,9,1,1,2,2,0,0,0.0
4,2,29,2,3,3,3,0,0,0.0
4,2,24,2,4,17,0,10,8,1.0
4,2,29,1,1,1,0,0,0,1.0
4,2,9,1,1,1,0,1,0,0.0
4,2,29,2,3,27,14,13,1,1.0
4,2,29,1,1,1,0,0,0,1.0
4,2,9,2,1,5,1,2,2,0.0
4,2,9,1,2,4,1,3,0,0.0
4,2,29,2,1,3,0,2,0,0.0
4,2,24,1,2,3,4,0,0,1.0
4,2,29,1,1,2,0,0,2,0.0
4,2,10,2,3,6,3,2,1,0.0
4,2,29,2,2,4,0,5,0,1.0
4,2,46,1,1,1,2,0,0,1.0
4,2,9,1,1,4,2,0,2,0.0
4,2,29,2,4,12,3,4,1,2.0
4,2,29,2,4,27,11,0,17,2.0
4,2,29,2,4,20,3,3,8,0.0
4,2,41,2,1,2,1,0,0,0.0
4,2,29,2,1,5,3,2,0,1.0
4,2,24,2,1,6,3,3,1,1.0
4,2,9,1,2,8,3,5,1,1.0
4,2,9,1,1,1,1,0,0,0.0
4,2,9,1,1,5,1,0,5,1.0
4,2,24,1,1,2,0,2,0,0.0
4,2,29,2,5,12,0,5,5,3.0
4,2,29,2,3,7,1,0,1,0.0
4,2,29,1,1,2,0,1,1,0.0
4,2,29,2,5,15,6,3,5,4.0
4,2,29,1,3,15,6,6,3,0.0
4,2,29,1,1,1,0,0,1,0.0
4,2,29,2,1,2,0,2,0,0.0
4,2,29,2,4,5,2,1,0,0.0
4,2,29,2,2,4,0,4,0,0.0
4,2,29,2,3,9,2,4,3,1.0
4,2,41,2,1,2,1,0,0,0.0
4,2,29,2,3,6,1,0,5,0.0
4,2,9,2,2,8,4,4,0,0.0
4,2,9,2,1,2,1,1,0,0.0
4,2,29,2,3,6,0,0,6,0.0
4,2,9,2,2,3,2,1,0,0.0
4,2,9,1,1,2,0,0,2,0.0
4,2,9,2,2,15,2,7,10,4.0
4,2,29,2,1,5,2,0,1,0.0
4,2,9,1,1,3,3,0,0,0.0
4,2,27,2,4,23,0,5,13,0.0
4,2,9,1,1,1,0,0,1,0.0
4,2,29,2,3,11,1,0,5,0.0
4,2,29,1,1,1,0,1,0,0.0
4,2,9,2,1,2,1,1,0,0.0
4,2,29,2,2,5,0,1,0,0.0
4,2,29,2,2,4,1,0,1,0.0
4,2,29,1,1,1,0,0,1,0.0
4,2,29,2,2,5,2,4,0,1.0
4,2,29,1,2,3,1,2,0,0.0
4,2,29,1,1,1,0,0,1,0.0
4,2,24,2,3,27,15,10,3,2.0
4,2,24,1,2,3,3,0,0,0.0
4,2,7,2,3,7,1,2,4,0.0
4,2,24,2,4,15,7,0,8,0.0
4,2,29,1,1,2,0,0,0,0.0
4,2,29,2,2,2,0,0,2,0.0
4,2,29,1,1,1,0,0,1,0.0
4,2,29,2,1,3,0,3,0,0.0
4,2,29,2,2,7,0,6,0,0.0
4,2,29,2,1,14,5,7,3,1.0
4,2,29,2,3,24,7,0,8,0.0
4,2,29,2,1,3,1,1,0,0.0
4,2,29,1,2,3,2,0,1,0.0
4,2,9,1,1,1,1,0,0,0.0
4,2,29,1,1,1,0,0,0,0.0
4,2,29,2,2,2,0,0,0,0.0
4,2,29,1,1,1,0,0,1,0.0
4,2,9,1,1,1,0,1,0,0.0
4,2,24,2,2,9,10,0,0,1.0
4,2,29,2,3,7,3,0,0,0.0
4,2,21,2,4,14,0,0,0,1.0
4,2,9,1,1,1,1,0,0,0.0
4,2,29,1,1,2,1,0,1,0.0
4,2,9,1,1,5,3,2,0,0.0
4,2,29,1,1,1,0,0,0,0.0
4,2,9,1,1,1,1,0,0,0.0
4,2,21,1,1,5,5,0,0,0.0
4,2,21,1,1,3,1,0,2,0.0
4,2,29,2,4,14,0,3,0,0.0
4,2,29,2,4,20,5,0,0,1.0
4,2,29,1,1,1,0,0,1,0.0
4,2,9,1,2,4,4,1,0,1.0
4,2,10,1,1,6,7,0,0,1.0
4,2,41,2,2,2,0,1,0,0.0
4,2,29,1,1,1,0,0,0,0.0
4,2,29,1,1,4,0,4,0,0.0
4,2,29,1,1,1,1,0,0,0.0
4,2,9,2,3,8,2,2,4,0.0
4,2,9,2,3,9,5,0,3,0.0
4,2,29,1,1,1,1,0,0,0.0
4,2,29,2,3,6,2,0,1,0.0
4,2,9,1,1,1,0,1,0,0.0
4,2,29,1,3,4,3,0,0,0.0
4,2,29,2,5,16,0,4,3,1.0
4,2,29,2,2,3,1,1,1,0.0
4,2,29,2,4,23,5,5,2,1.0
4,2,29,2,3,14,8,0,5,0.0
4,2,29,1,3,6,0,2,4,0.0
4,2,29,2,2,9,6,0,3,0.0
4,2,29,2,2,3,0,1,0,0.0
4,2,29,2,2,5,3,2,0,0.0
4,2,29,1,2,3,0,1,2,0.0
4,2,29,2,2,10,1,4,0,0.0
4,2,29,2,1,3,3,0,0,0.0
4,2,29,2,1,4,0,1,3,0.0
4,2,29,2,2,9,6,1,2,1.0
4,2,29,2,2,5,0,1,3,0.0
4,2,29,1,3,5,0,2,1,0.0
4,2,29,2,2,8,2,5,2,1.0
4,2,29,1,1,1,0,0,0,0.0
4,2,29,1,1,3,0,0,3,1.0
4,2,29,1,2,6,2,3,1,0.0
4,2,29,2,4,17,7,4,2,0.0
4,2,29,2,1,3,0,0,1,0.0
4,2,29,2,2,2,1,0,1,0.0
4,2,29,2,4,14,5,1,2,0.0
4,2,29,2,1,5,1,2,1,0.0
4,2,29,2,1,6,0,0,2,0.0
4,2,29,1,1,1,0,0,0,0.0
4,2,29,2,3,7,3,2,2,3.0
4,2,29,2,2,7,2,4,1,0.0
4,2,29,2,1,4,1,3,0,0.0
4,2,29,2,5,13,5,0,1,1.0
4,2,29,1,1,1,0,0,0,0.0
4,2,29,1,1,1,1,0,0,0.0
4,2,29,2,2,6,0,0,5,0.0
4,2,29,1,1,1,0,1,0,0.0
4,2,29,2,2,2,1,0,0,0.0
4,2,29,1,1,1,0,1,0,0.0
4,2,29,2,5,34,0,14,2,10.0
4,2,29,1,1,2,0,1,0,0.0
4,2,29,2,3,4,0,0,3,0.0
4,2,29,2,3,10,4,0,0,1.0
4,2,29,1,1,1,0,0,1,0.0
4,2,29,2,1,4,0,7,0,2.0
4,2,29,2,1,4,1,0,1,0.0
4,2,29,2,3,8,9,0,0,1.0
4,2,29,1,1,2,2,0,0,0.0
4,2,38,2,3,5,0,0,0,0.0
4,2,34,2,3,19,0,2,37,11.0
4,2,34,1,1,1,1,0,0,0.0
4,2,29,2,2,8,4,0,4,1.0
4,2,29,1,1,1,1,0,0,0.0
4,2,29,1,1,1,2,0,0,1.0
4,2,29,2,4,6,0,4,0,1.0
4,2,29,1,3,9,0,6,3,0.0
4,2,29,1,1,1,1,0,0,0.0
4,2,29,1,1,2,1,0,1,0.0
4,2,29,1,1,1,0,1,0,0.0
4,2,29,2,1,3,0,1,1,0.0
4,2,29,1,2,3,2,1,0,0.0
4,2,29,1,3,3,0,1,1,0.0
4,2,9,2,1,4,3,0,1,0.0
4,2,29,1,1,1,1,0,0,0.0
4,2,29,2,3,8,3,0,4,2.0
4,2,29,1,1,1,0,0,0,0.0
4,2,29,2,1,2,0,0,0,0.0
4,2,29,1,1,3,0,3,0,0.0
4,2,29,2,1,3,1,0,0,0.0
4,2,29,1,2,3,2,1,0,0.0
4,2,9,2,2,4,1,0,3,0.0
4,2,29,1,1,1,0,1,0,0.0
4,2,29,2,2,4,0,2,1,0.0
4,2,29,1,1,2,0,2,0,0.0
4,2,29,2,3,8,1,5,0,1.0
4,2,29,2,3,12,12,0,0,3.0
4,2,29,2,3,8,9,0,0,1.0
4,2,29,2,1,3,0,0,3,0.0
4,2,29,1,1,5,0,3,2,0.0
4,2,29,2,2,2,2,0,0,0.0
4,2,29,1,1,3,2,1,1,1.0
4,2,9,2,1,7,2,2,3,0.0
4,2,29,2,1,5,6,0,0,1.0
4,2,29,2,1,8,0,6,3,1.0
4,2,29,1,1,1,1,0,0,0.0
4,2,29,2,1,2,2,0,0,0.0
4,2,29,2,1,7,3,2,2,0.0
4,2,29,2,4,25,1,4,16,1.0
4,2,29,1,1,1,0,0,0,0.0
4,2,29,1,1,1,1,0,0,0.0
4,2,29,2,4,5,0,0,3,0.0
4,2,29,2,3,24,5,2,16,0.0
4,2,29,2,1,3,0,3,0,0.0
4,2,29,2,1,3,0,2,0,0.0
4,2,29,1,1,3,0,3,0,0.0
4,2,29,1,1,1,1,0,0,0.0
4,2,29,2,3,5,1,0,1,3.0
4,2,29,1,1,2,0,2,0,0.0
4,2,29,1,2,4,2,1,0,0.0
4,2,29,2,3,6,4,0,2,0.0
4,2,29,1,1,3,2,0,0,0.0
4,2,29,1,1,3,0,0,0,1.0
4,2,29,2,3,11,7,0,2,1.0
4,2,29,2,1,2,1,0,0,0.0
4,2,29,1,1,3,2,1,0,0.0
4,2,29,1,1,3,0,3,0,0.0
4,2,29,1,2,3,0,0,0,2.0
4,2,29,2,1,3,0,0,1,0.0
4,2,29,2,3,3,2,0,0,0.0
4,2,29,1,1,1,0,1,0,0.0
4,2,29,2,2,4,0,0,2,1.0
4,2,29,1,2,2,1,1,0,0.0
4,2,29,2,2,8,1,7,0,0.0
4,2,29,2,5,7,0,1,0,0.0
4,2,29,1,3,8,0,0,9,1.0
4,2,29,1,1,3,0,0,2,0.0
4,2,29,2,4,14,1,7,4,4.0
4,2,29,2,2,8,2,6,0,0.0
4,2,29,1,1,1,0,0,1,0.0
4,2,29,2,1,3,2,1,0,0.0
4,2,29,1,1,1,0,1,0,0.0
4,2,9,2,2,7,9,0,1,2.0
4,2,29,2,1,6,0,4,2,0.0
4,2,44,1,1,1,0,0,1,0.0
4,2,29,2,2,4,1,3,0,0.0
4,2,29,2,1,5,1,1,0,0.0
4,2,29,2,1,5,0,0,5,0.0
4,2,29,1,1,3,1,0,0,0.0
4,2,29,1,1,1,0,0,0,0.0
4,2,29,2,3,9,3,1,4,0.0
4,2,29,2,3,5,0,0,0,0.0
4,2,29,1,1,1,1,0,0,0.0
4,2,29,2,1,5,0,1,1,0.0
4,2,29,2,4,9,0,2,1,0.0
4,2,29,2,2,4,0,4,0,0.0
4,2,29,2,1,4,2,1,1,0.0
4,2,29,2,4,10,1,6,0,0.0
4,2,29,2,3,4,0,0,4,1.0
4,2,29,1,3,7,1,3,0,0.0
4,2,29,2,3,7,5,0,2,0.0
4,2,29,1,1,2,0,0,2,0.0
4,2,9,2,4,16,2,6,8,0.0
4,2,9,2,2,5,5,0,1,1.0
4,2,29,1,1,1,0,1,0,0.0
4,2,29,1,1,1,0,0,1,0.0
4,2,29,1,1,1,0,0,0,0.0
4,2,29,1,1,1,0,0,2,1.0
4,2,29,1,1,2,1,0,0,0.0
4,2,29,2,3,6,4,2,2,2.0
4,2,16,2,1,8,6,1,0,0.0
4,2,29,2,1,7,0,7,0,0.0
4,2,29,1,1,1,0,1,0,0.0
4,2,29,1,1,3,2,0,1,0.0
4,2,29,2,1,2,0,2,0,0.0
4,2,29,2,3,27,6,9,4,0.0
4,2,29,2,3,4,1,2,0,1.0
4,2,29,1,1,1,0,0,1,0.0
4,2,29,2,1,7,7,0,0,0.0
4,2,29,1,1,3,1,0,2,0.0
4,2,29,2,4,10,1,3,4,1.0
4,2,29,2,3,5,2,0,1,1.0
4,2,29,2,2,3,5,0,0,2.0
4,2,29,1,3,3,1,1,0,0.0
4,2,29,2,3,10,4,0,6,0.0
4,2,29,2,3,11,0,4,2,0.0
4,2,29,1,1,1,0,0,0,0.0
4,2,29,1,1,1,0,1,0,0.0
4,2,29,1,1,1,0,1,0,0.0
4,2,29,2,3,3,0,0,0,0.0
4,2,29,2,1,4,0,1,1,0.0
4,2,29,1,1,1,0,0,0,0.0
4,2,29,2,1,3,0,0,1,0.0
4,2,29,2,2,2,1,0,0,0.0
4,2,29,1,1,1,1,0,0,0.0
4,2,29,2,1,2,1,1,0,0.0
4,2,9,1,1,1,0,0,0,0.0
4,2,29,2,1,2,1,3,0,1.0
4,2,9,1,1,1,2,0,0,1.0
4,2,9,1,1,1,1,0,0,0.0
4,2,46,1,1,1,1,0,0,0.0
4,2,29,1,1,1,0,0,1,0.0
4,2,29,1,2,2,0,0,0,0.0
4,2,9,1,1,1,0,0,1,0.0
4,2,29,2,3,14,3,11,3,3.0
4,2,29,1,1,1,0,0,1,0.0
4,2,29,1,1,1,0,0,1,0.0
4,2,29,1,1,1,4,0,0,1.0
4,2,29,1,1,1,0,1,0,0.0
4,2,9,2,4,10,4,2,4,0.0
4,2,29,1,1,1,0,0,0,0.0
4,2,29,2,5,9,0,3,4,2.0
4,2,29,2,3,16,2,0,13,3.0
4,2,9,1,2,3,3,0,0,0.0
4,2,9,1,1,2,2,0,0,0.0
4,2,46,2,2,4,1,0,3,0.0
4,2,9,1,1,1,0,1,0,0.0
4,2,29,2,3,8,0,0,0,0.0
4,2,29,1,1,1,0,0,1,0.0
4,2,29,2,3,9,2,2,4,0.0
4,2,29,1,2,3,3,2,0,2.0
4,2,9,1,1,1,0,2,0,1.0
4,2,29,2,1,4,1,0,3,0.0
4,2,29,2,3,9,0,6,0,2.0
4,2,29,2,5,20,4,0,3,0.0
4,2,44,1,1,1,0,0,0,0.0
4,2,29,1,1,2,0,0,2,1.0
4,2,29,1,1,1,0,0,1,0.0
4,2,29,2,2,2,0,2,0,0.0
4,2,29,2,1,3,0,3,0,0.0
4,2,44,2,3,3,0,1,2,0.0
4,2,29,2,3,6,4,0,2,1.0
4,2,29,1,1,1,1,0,0,0.0
4,2,44,2,2,11,2,10,0,1.0
4,2,44,2,2,4,0,0,3,0.0
4,2,29,2,3,29,8,1,2,8.0
4,2,29,2,2,3,1,0,0,0.0
4,2,29,2,3,7,2,1,3,2.0
4,2,29,1,1,2,0,2,0,0.0
4,2,29,2,2,12,2,2,4,0.0
4,2,29,2,2,6,0,1,0,0.0
4,2,29,1,1,1,2,0,0,1.0
4,2,29,2,2,3,0,5,0,2.0
4,2,29,1,1,5,0,5,0,0.0
4,2,29,2,4,10,0,0,1,0.0
4,2,29,2,3,5,0,0,7,1.0
4,2,46,1,2,4,3,0,1,0.0
4,2,29,1,1,1,0,0,0,0.0
4,2,29,1,1,2,0,0,2,0.0
4,2,29,2,4,10,0,0,1,4.0
4,2,29,2,2,7,6,0,0,0.0
4,2,29,1,1,2,0,2,0,0.0
4,2,29,2,5,28,15,4,8,4.0
4,2,29,2,1,2,0,1,1,0.0
4,2,29,1,1,2,2,0,0,0.0
4,2,29,2,2,4,3,0,1,0.0
4,2,29,1,3,8,0,1,2,0.0
4,2,29,2,5,24,7,0,9,2.0
4,2,29,2,2,6,6,0,0,1.0
4,2,9,2,1,2,1,1,0,0.0
4,2,29,2,1,4,0,1,4,1.0
4,2,29,1,2,3,0,2,0,0.0
4,2,29,1,1,1,1,0,0,0.0
4,2,29,1,1,1,1,0,0,0.0
4,2,29,2,4,6,0,0,5,0.0
4,2,29,2,3,8,2,0,2,0.0
4,2,29,2,1,3,0,1,0,0.0
4,2,29,2,1,11,1,9,3,2.0
4,2,29,2,1,3,0,4,0,1.0
4,2,9,1,1,1,0,1,0,0.0
4,2,29,2,2,6,2,3,0,0.0
4,2,29,1,1,5,3,4,0,1.0
4,2,9,1,1,1,1,0,0,0.0
4,2,9,2,2,3,0,1,2,0.0
4,2,9,1,1,2,2,0,0,0.0
4,2,29,2,2,8,3,1,2,0.0
4,2,29,1,1,6,1,0,4,0.0
4,2,9,1,1,1,0,1,0,0.0
4,2,46,1,1,1,0,0,1,0.0
4,2,46,1,1,1,0,1,0,0.0
4,2,46,1,1,1,0,0,1,0.0
4,2,46,1,1,1,1,0,0,0.0
4,2,29,2,2,4,0,4,1,1.0
4,2,9,2,2,7,0,8,0,1.0
4,2,29,2,5,20,0,1,0,0.0
4,2,29,2,1,9,3,0,5,0.0
4,2,29,2,3,8,0,5,0,0.0
4,2,29,2,4,10,0,3,11,4.0
4,2,29,2,2,5,0,2,1,0.0
4,2,29,2,2,2,0,0,0,0.0
4,2,29,1,1,2,0,0,2,0.0
4,2,29,1,1,1,0,0,0,0.0
4,2,29,2,4,7,0,0,1,0.0
4,2,29,2,3,5,3,2,0,0.0
4,2,29,1,1,1,0,0,1,0.0
4,2,9,1,1,2,0,0,2,0.0
4,2,29,1,2,3,0,0,2,0.0
4,2,29,1,1,1,1,0,0,0.0
4,2,29,1,1,1,0,0,2,1.0
4,2,29,2,3,7,0,3,4,0.0
4,2,29,2,1,4,0,3,0,0.0
4,2,29,2,3,7,1,0,8,2.0
4,2,29,1,1,1,1,0,0,0.0
4,2,29,2,4,23,2,16,20,15.0
4,2,9,2,2,5,1,0,4,0.0
4,2,29,1,1,1,0,0,1,0.0
4,2,9,2,3,15,18,1,0,4.0
4,2,29,1,1,1,0,0,1,0.0
4,2,9,1,2,2,2,0,0,0.0
4,2,29,2,2,10,0,6,0,0.0
4,2,29,1,1,2,0,0,3,1.0
4,2,9,1,1,2,0,1,1,0.0
4,2,29,1,1,1,1,0,0,0.0
4,2,29,1,2,4,3,0,1,0.0
4,2,29,1,1,1,1,0,0,0.0
4,2,9,1,2,5,2,3,0,0.0
4,2,29,2,1,11,1,5,5,3.0
4,2,9,1,2,5,0,4,2,1.0
4,2,44,1,3,6,0,0,2,0.0
4,2,9,2,4,13,4,1,8,0.0
4,2,9,2,1,2,0,0,2,0.0
4,2,29,2,2,4,3,0,1,1.0
4,2,29,1,1,1,2,0,0,1.0
4,2,29,1,1,2,0,2,0,0.0
4,2,29,2,1,10,0,5,0,0.0
4,2,9,1,1,1,1,0,0,0.0
4,2,9,1,1,1,0,0,1,0.0
4,2,9,2,4,14,5,1,6,0.0
4,2,9,1,1,3,3,0,0,0.0
4,2,29,1,2,8,6,1,2,1.0
4,2,9,2,1,3,1,0,2,0.0
4,2,9,2,2,5,1,3,1,0.0
4,2,9,2,3,9,1,4,4,0.0
4,2,29,2,3,9,11,0,0,2.0
4,2,9,1,2,5,1,2,2,0.0
4,2,9,2,1,5,4,1,0,0.0
4,2,9,1,1,1,0,0,1,0.0
4,2,29,2,2,8,8,0,0,1.0
4,2,29,2,3,3,0,0,0,0.0
4,2,29,1,1,2,1,0,1,0.0
4,2,29,1,2,3,3,0,0,0.0
4,2,9,1,1,1,0,1,0,0.0
4,2,29,2,2,4,1,1,2,1.0
4,2,29,1,1,1,0,0,1,0.0
4,2,29,2,2,4,3,0,0,0.0
4,2,34,1,1,1,1,0,0,0.0
4,2,29,1,1,1,0,0,0,0.0
4,2,24,2,2,10,3,5,2,0.0
4,2,29,2,3,10,0,5,5,0.0
4,2,29,2,2,8,3,0,4,0.0
4,2,29,2,2,8,1,0,2,0.0
4,2,29,1,1,2,0,1,0,0.0
4,2,29,2,5,18,0,0,3,2.0
4,2,29,2,5,40,1,2,1,2.0
4,2,9,1,1,1,1,0,0,0.0
4,2,29,1,1,1,0,0,1,0.0
4,2,44,2,3,13,8,2,2,0.0
4,2,29,1,2,5,5,0,0,0.0
4,2,29,1,3,3,3,0,0,0.0
4,2,29,1,2,2,0,0,0,1.0
4,2,29,2,4,17,1,3,10,4.0
4,2,29,2,5,26,6,4,8,1.0
4,2,29,2,2,7,0,6,1,0.0
4,3,29,2,3,10,0,0,0,0.0
4,3,9,1,1,1,1,0,0,0.0
4,3,29,1,2,3,3,0,0,0.0
4,3,9,2,1,2,3,0,0,1.0
4,3,16,2,3,11,4,2,1,0.0
4,3,24,1,1,1,1,0,0,0.0
4,3,29,2,1,2,2,0,0,0.0
4,3,29,2,3,12,6,0,9,4.0
4,3,29,1,1,3,3,0,0,2.0
4,3,29,1,1,2,0,2,0,0.0
4,3,29,1,1,4,3,1,0,0.0
4,3,29,2,1,5,4,0,0,0.0
4,3,29,2,3,7,4,1,2,1.0
4,3,29,1,2,8,0,7,0,0.0
4,3,29,2,1,10,5,0,0,0.0
4,3,29,1,1,3,1,1,1,0.0
4,3,9,1,1,2,0,2,0,0.0
4,3,29,1,1,1,0,1,0,0.0
4,3,29,1,2,2,1,1,0,0.0
4,3,29,2,3,7,0,1,5,0.0
4,3,29,1,1,1,0,0,0,0.0
4,3,24,1,1,1,0,1,0,0.0
4,3,12,1,1,1,1,0,0,0.0
4,3,29,2,3,19,11,0,2,3.0
4,3,29,1,1,1,0,0,0,0.0
4,3,29,1,2,3,0,0,3,0.0
4,3,29,2,2,7,0,7,0,1.0
4,3,29,1,2,3,0,3,0,0.0
4,3,29,1,1,1,0,1,0,0.0
4,3,29,2,1,4,0,4,0,0.0
4,3,29,2,1,3,0,0,0,0.0
4,3,41,1,1,1,0,0,1,0.0
4,3,29,2,4,17,6,6,1,0.0
4,3,9,1,1,1,0,0,0,0.0
4,3,9,2,1,3,3,0,0,0.0
4,3,29,2,2,4,3,1,0,0.0
4,3,29,2,2,2,0,2,0,0.0
4,3,29,1,1,1,0,0,1,0.0
4,3,29,1,1,1,1,0,0,0.0
4,3,29,2,2,2,0,0,1,0.0
4,3,29,1,1,2,2,0,0,0.0
4,3,29,2,3,15,0,8,4,0.0
4,3,29,2,2,3,0,0,1,0.0
4,3,29,1,1,1,0,0,0,1.0
4,3,29,1,1,1,1,0,0,0.0
4,3,29,1,1,1,1,0,0,0.0
4,3,29,2,4,5,0,1,2,0.0
4,3,29,1,1,2,0,1,0,1.0
4,3,9,1,1,1,0,0,1,0.0
4,3,29,2,1,2,0,0,2,0.0
4,3,29,2,4,4,2,0,0,0.0
4,3,29,2,2,4,2,2,0,1.0
4,3,29,2,3,5,0,0,5,0.0
4,3,29,1,1,1,1,0,0,0.0
4,3,29,1,3,13,15,0,4,4.0
4,3,29,1,1,4,4,0,0,0.0
4,3,29,2,2,10,10,0,0,0.0
4,3,29,2,2,3,1,0,2,0.0
4,3,21,2,4,5,1,0,1,1.0
4,3,29,1,1,1,0,1,0,0.0
4,3,9,2,1,2,0,0,2,0.0
4,3,29,2,1,3,0,0,0,0.0
4,3,29,2,3,4,1,0,2,0.0
4,3,29,1,2,2,0,1,1,0.0
4,3,29,1,2,9,7,1,1,1.0
4,3,29,1,1,1,1,0,0,0.0
4,3,29,2,3,9,5,0,0,0.0
4,3,29,2,4,11,0,4,0,0.0
4,3,29,1,1,1,0,0,1,0.0
4,3,29,2,5,29,3,13,5,2.0
4,3,29,2,4,8,1,0,1,2.0
4,3,29,1,1,2,0,2,0,0.0
4,3,29,2,3,4,1,2,0,0.0
4,3,29,2,3,7,3,2,0,0.0
4,3,29,2,2,4,4,0,0,0.0
4,3,29,1,1,1,0,0,0,0.0
4,3,29,2,1,4,3,2,0,1.0
4,3,29,2,3,7,1,1,0,0.0
4,3,29,1,2,4,3,1,0,0.0
4,3,29,2,2,11,0,10,1,0.0
4,3,29,2,1,4,3,0,0,1.0
4,3,29,2,4,6,0,1,0,0.0
4,3,29,2,3,18,6,3,9,1.0
4,3,29,1,1,1,0,0,0,0.0
4,3,29,1,2,3,0,0,3,0.0
4,3,29,2,1,2,0,1,0,0.0
4,3,29,1,2,3,0,3,0,0.0
4,3,29,2,2,7,1,2,1,0.0
4,3,29,1,1,1,0,1,0,0.0
4,3,29,2,1,8,4,4,0,0.0
4,3,29,2,3,18,12,7,0,1.0
4,3,29,2,4,8,0,0,2,1.0
4,3,29,2,2,2,1,0,0,0.0
4,3,29,2,1,11,7,3,0,1.0
4,3,29,2,4,8,1,3,0,0.0
4,3,29,2,2,9,0,0,3,1.0
4,3,29,2,3,9,0,4,5,0.0
4,3,29,1,1,1,0,0,1,0.0
4,3,29,1,1,1,0,1,0,0.0
4,3,29,1,1,1,0,0,1,0.0
4,3,20,1,1,1,0,1,0,0.0
4,3,29,2,2,2,2,0,0,0.0
4,3,29,2,3,3,0,2,1,0.0
4,3,29,2,1,5,0,0,4,0.0
4,3,29,1,1,1,0,0,0,0.0
4,3,9,1,1,1,1,0,0,0.0
4,3,29,2,1,7,3,1,3,0.0
4,3,29,2,5,13,0,0,2,1.0
4,3,29,1,1,2,0,2,0,0.0
4,3,29,2,2,10,0,11,0,2.0
4,3,29,2,4,16,0,9,5,1.0
4,3,29,1,1,2,0,2,0,0.0
4,3,29,2,2,2,0,0,1,0.0
4,3,46,2,1,4,0,1,0,0.0
4,3,29,1,1,1,0,1,0,0.0
4,3,29,1,1,2,1,1,0,0.0
4,3,29,2,3,6,1,1,3,0.0
4,3,29,1,1,1,0,0,0,0.0
4,3,29,1,1,1,1,0,0,0.0
4,3,29,1,1,1,0,0,1,0.0
4,3,29,1,1,7,7,0,0,0.0
4,3,29,1,1,1,0,1,0,0.0
4,3,29,2,4,18,6,1,4,0.0
4,3,24,2,1,2,2,0,0,0.0
4,3,29,1,1,1,0,1,0,0.0
4,3,29,2,4,6,0,0,3,0.0
4,3,29,2,1,3,2,0,0,1.0
4,3,29,2,3,14,1,9,1,1.0
4,3,29,2,3,19,0,16,6,2.0
4,3,29,2,2,5,1,1,2,0.0
4,3,29,2,2,9,3,3,3,0.0
4,3,29,1,2,4,1,1,3,1.0
4,3,29,1,1,1,2,0,0,1.0
4,3,29,2,3,5,0,0,2,0.0
4,3,29,1,1,1,0,1,0,0.0
4,3,29,2,2,6,5,0,1,0.0
4,3,29,1,1,1,0,0,0,0.0
4,3,29,2,1,2,0,1,0,0.0
4,3,29,2,2,35,23,7,5,0.0
4,3,24,2,1,4,3,0,0,0.0
4,3,24,1,2,2,0,0,2,0.0
4,3,24,1,1,3,2,0,1,0.0
4,3,29,2,2,3,0,0,3,0.0
4,3,29,2,2,2,0,0,0,0.0
4,3,29,2,3,12,1,9,1,1.0
4,3,29,1,1,1,0,0,1,0.0
4,3,29,2,3,21,9,2,11,1.0
4,3,29,2,3,11,0,3,4,0.0
4,3,29,2,3,7,0,0,0,5.0
4,3,29,2,3,13,6,4,1,2.0
4,3,29,1,1,1,0,0,0,0.0
4,3,29,2,5,20,6,1,0,0.0
4,3,29,2,1,3,0,2,1,0.0
4,3,29,1,1,2,0,2,0,0.0
4,3,29,2,1,3,0,0,3,0.0
4,3,29,2,1,2,0,2,0,0.0
4,3,29,1,1,1,0,1,0,0.0
4,3,29,2,3,4,0,1,2,0.0
4,3,29,1,1,3,2,0,0,0.0
4,3,29,1,1,1,0,0,1,0.0
4,3,29,1,1,3,1,0,0,0.0
4,3,29,1,2,2,2,0,0,0.0
4,3,29,2,1,5,4,0,1,0.0
4,3,29,1,1,3,3,0,0,0.0
4,3,29,2,4,9,0,2,9,1.0
4,3,29,1,1,1,0,1,0,0.0
4,3,29,1,1,1,1,0,0,0.0
4,3,29,1,1,1,0,0,1,0.0
4,3,29,2,3,5,2,1,2,0.0
4,3,29,2,5,44,3,16,9,1.0
4,3,29,2,1,3,2,1,0,0.0
4,3,29,1,1,1,0,0,2,1.0
4,3,29,2,3,7,0,0,0,1.0
4,3,46,1,1,1,1,0,0,0.0
4,3,29,1,1,1,1,0,0,0.0
4,3,29,2,3,18,7,8,0,1.0
4,3,29,1,1,1,0,0,0,0.0
4,3,29,1,1,1,1,0,0,0.0
4,3,46,2,2,5,2,0,1,0.0
4,3,29,2,4,9,2,1,1,0.0
4,3,29,2,4,18,0,9,0,1.0
4,3,29,2,3,6,2,0,3,0.0
4,3,29,2,1,4,1,0,0,0.0
4,3,46,2,2,4,0,3,0,0.0
4,3,29,1,1,1,0,0,1,0.0
4,3,29,1,1,2,0,0,3,1.0
4,3,29,2,1,5,1,2,2,1.0
4,3,29,2,3,14,1,5,9,1.0
4,3,29,2,2,2,1,1,0,0.0
4,3,29,1,2,10,2,7,2,1.0
4,3,29,2,3,9,5,0,3,0.0
4,3,29,1,1,1,0,0,0,0.0
4,3,29,2,3,5,0,0,1,0.0
4,3,29,1,1,2,0,0,2,0.0
4,3,29,1,1,1,0,1,0,0.0
4,3,29,2,1,5,2,3,0,1.0
4,3,29,1,1,2,2,0,0,0.0
4,3,29,1,2,2,0,0,2,0.0
4,3,29,1,1,4,0,4,0,0.0
4,3,29,2,3,7,0,0,0,0.0
4,3,29,1,1,1,0,0,1,0.0
4,3,29,2,1,3,0,0,2,0.0
4,3,29,1,2,3,0,0,3,0.0
4,3,29,1,1,1,2,0,0,1.0
4,3,29,2,3,13,0,14,0,3.0
4,3,29,1,1,2,0,2,0,0.0
4,3,29,2,4,26,11,9,6,1.0
4,3,29,1,2,4,0,0,4,0.0
4,3,29,2,3,7,2,1,2,0.0
4,3,9,1,1,1,0,1,0,0.0
4,3,29,1,3,7,7,0,0,0.0
4,3,29,1,3,4,0,0,4,0.0
4,3,9,2,2,5,5,0,0,0.0
4,3,29,2,3,4,1,0,2,0.0
4,3,9,1,1,1,1,0,0,0.0
4,3,29,1,1,1,1,0,0,0.0
4,3,29,2,2,4,0,1,0,0.0
4,3,46,1,1,1,1,0,0,0.0
4,3,46,1,1,1,0,0,1,0.0
4,3,46,1,1,1,0,1,0,0.0
4,3,46,1,1,1,0,1,0,0.0
4,3,46,1,1,1,1,0,0,0.0
4,3,46,1,1,1,0,0,1,0.0
4,3,29,2,2,9,4,3,2,1.0
4,3,9,1,1,1,1,0,0,0.0
4,3,46,1,3,5,0,0,4,0.0
4,3,46,2,2,3,0,3,0,0.0
4,3,29,2,2,3,0,0,0,0.0
4,3,29,2,1,3,3,0,0,0.0
4,3,9,2,3,16,4,6,8,4.0
4,3,29,1,1,1,1,0,0,0.0
4,3,29,1,1,1,0,1,0,0.0
4,3,29,2,4,14,0,0,0,0.0
4,3,29,1,2,3,0,3,0,0.0
4,3,29,1,2,2,0,0,2,0.0
4,3,29,1,1,2,0,0,2,0.0
4,3,46,1,1,1,0,1,0,0.0
4,3,9,2,1,4,2,0,2,0.0
4,3,29,1,1,3,3,0,0,0.0
4,3,29,2,4,30,3,9,7,0.0
4,3,46,2,5,15,0,7,1,0.0
4,3,29,1,1,1,0,0,0,0.0
4,3,29,2,1,10,4,0,0,0.0
4,3,9,1,1,1,1,0,0,0.0
4,3,29,2,1,3,0,1,0,0.0
4,3,29,2,2,8,3,0,1,1.0
4,3,29,1,3,3,0,1,1,1.0
4,3,9,1,1,1,0,1,0,0.0
4,3,46,1,1,1,0,1,0,0.0
4,3,27,2,4,22,8,3,9,4.0
4,3,29,1,2,4,0,4,0,0.0
4,3,29,2,5,21,2,3,6,1.0
4,3,29,2,2,2,0,2,1,1.0
4,3,29,2,2,15,3,7,5,0.0
4,3,29,1,3,4,2,1,0,0.0
4,3,29,2,1,2,2,0,0,0.0
4,3,29,1,2,2,0,0,0,0.0
4,3,29,2,3,19,8,6,4,0.0
4,3,29,1,1,1,1,0,0,0.0
4,3,29,1,2,3,3,0,0,0.0
4,3,29,1,1,2,1,1,0,0.0
4,3,29,1,1,1,0,0,0,0.0
4,3,29,1,1,1,0,0,0,0.0
4,3,29,2,1,2,2,0,0,0.0
4,3,29,1,1,1,0,1,0,0.0
4,4,29,1,1,1,0,1,0,0.0
4,4,29,2,2,2,0,0,1,1.0
4,4,29,2,4,24,1,1,11,1.0
4,4,29,1,1,1,0,0,0,0.0
4,4,9,1,2,5,2,3,1,1.0
4,4,29,1,1,1,1,0,0,0.0
4,4,29,1,2,4,2,1,0,0.0
4,4,29,2,2,3,3,0,0,0.0
4,4,9,2,1,4,0,5,0,1.0
4,4,29,1,1,1,0,0,1,0.0
4,4,29,2,3,12,2,2,9,1.0
4,4,29,2,2,8,4,1,3,0.0
4,4,29,1,1,2,2,0,0,0.0
4,4,29,1,1,1,0,1,0,0.0
4,4,9,2,3,10,5,5,0,0.0
4,4,29,2,2,10,4,0,0,1.0
4,4,29,1,1,1,0,2,0,1.0
4,4,9,1,3,9,5,4,0,0.0
4,4,9,2,1,3,0,3,0,0.0
4,4,29,1,1,2,2,0,0,0.0
4,4,29,2,2,3,0,2,0,0.0
4,4,29,2,3,12,8,0,4,0.0
4,4,29,2,2,11,5,3,0,0.0
4,4,29,1,1,1,1,0,0,0.0
4,4,29,2,4,29,9,5,5,1.0
4,4,29,1,1,8,8,1,3,3.0
4,4,9,1,1,2,2,0,0,0.0
4,4,29,2,3,3,1,0,2,0.0
4,4,27,2,1,3,0,1,1,0.0
4,4,29,1,1,1,0,0,0,0.0
4,4,29,1,1,1,1,0,0,0.0
4,4,9,2,1,6,3,3,1,1.0
4,4,9,1,1,1,0,0,1,0.0
4,4,9,1,1,1,1,0,0,0.0
4,4,9,1,1,4,4,0,1,1.0
4,4,9,2,1,2,2,0,0,0.0
4,4,29,2,4,8,1,0,6,1.0
4,4,29,2,4,29,13,2,1,6.0
4,4,29,2,3,14,7,4,0,1.0
4,4,9,1,1,1,1,0,0,0.0
4,4,24,2,1,2,0,2,0,0.0
4,4,24,1,1,1,1,0,0,0.0
4,4,29,1,1,1,0,0,0,0.0
4,4,29,1,1,1,1,0,0,0.0
4,4,29,1,1,1,1,0,0,0.0
4,4,29,1,1,1,1,0,0,0.0
4,4,29,2,2,4,2,1,0,0.0
4,4,29,1,1,2,1,0,0,0.0
4,4,9,1,1,2,3,0,0,1.0
4,4,29,1,1,1,0,1,0,0.0
4,4,29,2,2,3,0,0,0,0.0
4,4,29,1,1,4,3,0,1,0.0
4,4,29,1,1,2,0,1,1,0.0
4,4,29,2,2,4,0,0,4,0.0
4,4,9,1,2,4,4,0,0,0.0
4,4,29,1,1,2,0,0,0,0.0
4,4,29,1,2,4,0,4,0,0.0
4,4,29,1,1,1,0,1,0,0.0
4,4,9,1,1,1,1,0,0,0.0
4,4,29,2,2,4,0,0,2,0.0
4,4,29,2,1,2,1,0,0,0.0
4,4,29,1,4,7,0,1,4,0.0
4,4,29,1,1,1,0,1,0,0.0
4,4,29,2,1,4,1,3,0,0.0
4,4,29,2,1,2,0,2,0,0.0
4,4,29,2,1,11,3,3,1,0.0
4,4,29,1,1,2,0,1,0,0.0
4,4,29,2,3,14,3,6,1,0.0
4,4,29,1,1,3,1,0,3,1.0
4,4,29,1,1,1,0,1,0,0.0
4,4,29,1,1,2,2,0,0,0.0
4,4,29,2,2,11,8,1,0,0.0
4,4,29,2,3,19,4,2,6,0.0
4,4,29,1,1,1,1,0,0,0.0
4,4,29,2,3,6,3,3,0,0.0
4,4,29,2,2,5,2,2,0,0.0
4,4,29,1,1,1,1,0,0,0.0
4,4,29,2,1,2,1,0,1,0.0
4,4,29,2,2,3,2,1,0,0.0
4,4,29,2,2,2,1,0,0,0.0
4,4,29,2,3,19,14,1,1,3.0
4,4,29,2,2,2,0,0,0,0.0
4,4,29,2,2,10,7,3,0,1.0
4,4,29,1,3,4,1,0,0,0.0
4,4,29,2,2,3,0,0,0,0.0
4,4,29,2,1,3,4,0,0,1.0
4,4,29,2,3,10,12,0,3,5.0
4,4,29,1,1,2,0,0,2,0.0
4,4,29,2,1,12,6,2,4,0.0
4,4,29,2,4,5,2,0,4,3.0
4,4,29,1,1,1,1,0,0,0.0
4,4,29,1,1,1,0,0,3,1.0
4,4,29,1,1,1,1,0,0,0.0
4,4,29,1,1,4,0,0,2,0.0
4,4,29,1,2,2,0,0,2,0.0
4,4,29,1,1,1,0,1,0,0.0
4,4,29,2,2,6,0,2,2,1.0
4,4,29,2,2,11,11,0,0,3.0
4,4,29,2,2,3,2,0,1,0.0
4,4,29,1,2,2,1,0,0,0.0
4,4,34,2,4,32,0,19,31,15.0
4,4,29,2,4,13,1,0,3,0.0
4,4,29,1,1,1,0,1,0,0.0
4,4,29,2,1,3,0,1,1,0.0
4,4,29,1,1,1,1,0,0,0.0
4,4,29,2,2,3,0,2,1,1.0
4,4,29,1,3,6,0,4,0,1.0
4,4,29,2,4,41,24,8,11,3.0
4,4,29,1,1,1,1,0,0,0.0
4,4,29,1,1,1,1,0,0,0.0
4,4,29,2,4,10,0,0,1,0.0
4,4,9,2,4,5,1,1,3,0.0
4,4,29,2,2,13,14,4,0,3.0
4,4,29,2,2,2,0,1,0,0.0
4,4,29,2,3,5,0,2,1,0.0
4,4,29,1,1,1,0,1,0,0.0
4,4,29,2,2,9,3,1,1,0.0
4,4,29,1,1,1,0,0,1,0.0
4,4,29,1,2,3,0,2,0,1.0
4,4,9,1,2,6,4,0,2,0.0
4,4,29,2,2,5,0,4,1,0.0
4,4,29,2,1,5,0,4,0,0.0
4,4,29,1,1,1,0,0,0,0.0
4,4,29,1,1,2,0,0,0,0.0
4,4,29,1,1,3,4,0,0,1.0
4,4,29,1,1,5,0,2,1,0.0
4,4,29,2,3,5,3,0,0,0.0
4,4,29,1,2,10,0,7,4,1.0
4,4,29,1,1,1,1,0,0,0.0
4,4,29,1,1,1,1,0,0,0.0
4,4,29,1,1,3,0,2,1,0.0
4,4,29,2,2,3,0,1,0,0.0
4,4,29,1,1,1,2,0,0,1.0
4,4,29,1,1,1,0,1,0,0.0
4,4,29,2,2,5,2,0,1,0.0
4,4,29,2,1,7,4,1,2,0.0
4,4,29,1,2,2,0,0,0,0.0
4,4,29,2,3,10,0,8,2,0.0
4,4,29,2,3,13,12,1,2,2.0
4,4,29,2,4,14,0,6,2,1.0
4,4,29,2,1,3,1,2,0,0.0
4,4,29,2,3,12,2,2,7,0.0
4,4,29,1,1,1,0,1,0,0.0
4,4,29,1,2,2,0,1,1,0.0
4,4,29,1,1,1,0,0,0,0.0
4,4,29,2,1,2,0,0,0,1.0
4,4,29,1,2,5,0,0,3,0.0
4,4,29,1,1,1,0,1,0,0.0
4,4,29,1,1,4,0,5,0,1.0
4,4,29,2,2,3,2,0,1,0.0
4,4,29,1,1,1,0,0,1,0.0
4,4,34,2,2,5,4,1,0,0.0
4,4,29,1,1,1,0,0,0,0.0
4,4,29,1,1,1,0,1,0,0.0
4,4,29,2,2,2,0,0,0,0.0
4,4,29,2,2,3,3,0,0,0.0
4,4,29,2,1,3,1,0,2,0.0
4,4,29,2,4,11,1,3,6,0.0
4,4,29,1,1,1,1,0,0,0.0
4,4,29,1,1,1,0,0,1,0.0
4,4,29,1,1,2,3,0,0,1.0
4,4,29,1,1,5,3,0,1,0.0
4,4,29,1,1,1,0,1,0,0.0
4,4,29,1,1,1,1,0,0,0.0
4,4,29,1,1,2,0,0,0,0.0
4,4,9,2,2,6,0,7,0,1.0
4,4,29,2,2,5,0,1,2,0.0
4,4,29,2,1,5,3,1,1,0.0
4,4,29,1,2,4,1,1,2,0.0
4,4,29,2,4,6,3,0,3,0.0
4,4,29,1,1,2,2,0,0,0.0
4,4,29,1,2,2,0,0,2,0.0
4,4,29,1,1,1,1,0,0,0.0
4,4,29,1,1,1,0,0,0,0.0
4,4,29,1,1,1,0,0,0,0.0
4,4,29,1,2,5,2,0,3,0.0
4,4,29,2,2,5,3,0,2,0.0
4,4,29,1,2,3,0,2,1,0.0
4,4,46,2,4,16,3,6,6,1.0
4,4,9,1,1,1,1,0,0,0.0
4,4,46,1,1,6,1,3,2,0.0
4,4,29,1,2,3,0,2,1,1.0
4,4,41,2,3,10,1,3,6,0.0
4,4,29,2,3,17,12,2,2,2.0
4,4,29,1,1,1,0,1,0,0.0
4,4,29,1,1,1,0,0,1,0.0
4,4,29,1,1,1,1,0,0,0.0
4,4,29,1,1,1,0,0,1,0.0
4,4,9,2,2,2,2,0,0,0.0
4,4,29,1,1,2,0,2,0,0.0
4,4,29,1,1,1,0,0,1,0.0
4,4,29,2,3,8,0,1,3,0.0
4,4,29,2,3,8,5,0,2,0.0
4,4,29,1,3,5,4,0,1,0.0
4,4,46,2,2,5,0,0,4,0.0
4,4,29,2,3,5,3,0,0,0.0
4,4,29,1,2,2,0,0,0,0.0
4,4,29,2,2,4,0,0,0,1.0
4,4,29,2,3,5,1,2,2,0.0
4,4,29,2,4,6,0,0,1,0.0
4,4,29,1,1,2,1,0,1,0.0
4,4,29,2,4,14,0,1,3,0.0
4,4,29,1,2,6,0,4,0,0.0
4,4,29,2,2,4,0,4,0,0.0
4,4,29,1,1,3,2,0,0,1.0
4,4,29,2,4,12,3,0,7,0.0
4,4,29,2,5,35,3,11,0,4.0
4,4,29,2,3,7,6,1,0,0.0
4,4,29,1,1,1,0,0,1,0.0
4,4,29,1,1,2,0,0,1,0.0
4,4,29,2,2,21,8,3,7,1.0
4,4,9,2,3,12,7,5,2,2.0
4,4,29,2,2,3,1,0,0,1.0
4,4,29,1,2,3,0,2,0,0.0
4,4,29,1,1,1,1,0,0,0.0
4,4,29,2,3,13,7,1,4,0.0
4,4,21,2,2,6,0,1,2,0.0
4,4,24,1,1,1,2,0,0,1.0
4,4,46,1,1,1,1,0,0,0.0
4,4,46,1,1,1,1,0,0,0.0
4,4,46,1,1,1,1,0,0,0.0
4,4,9,1,1,1,0,1,0,0.0
4,4,9,1,2,3,1,0,2,0.0
4,4,29,2,1,4,0,6,0,2.0
4,4,29,1,1,1,0,0,1,0.0
4,4,29,1,1,3,1,2,0,0.0
4,4,29,1,1,1,1,0,0,0.0
4,4,29,1,1,1,1,0,0,0.0
4,4,29,2,3,4,0,0,4,0.0
4,4,29,2,3,18,1,9,2,0.0
4,4,9,2,1,3,2,0,1,0.0
4,4,29,2,1,13,9,3,4,2.0
4,4,29,2,2,4,3,0,1,1.0
4,4,29,1,1,1,1,0,0,0.0
4,4,29,1,1,1,0,1,0,0.0
4,4,29,2,2,2,0,0,2,0.0
4,4,29,1,1,3,2,1,0,0.0
4,4,29,2,2,3,0,2,1,0.0
4,4,9,1,1,1,1,0,0,0.0
4,4,9,2,1,7,2,3,2,0.0
4,4,29,1,1,2,2,0,0,0.0
4,4,29,2,4,26,0,2,1,0.0
4,4,29,2,4,17,1,1,10,0.0
4,4,9,2,3,16,1,11,4,0.0
4,4,29,2,3,15,8,0,0,1.0
4,4,29,1,2,6,0,6,0,0.0
4,4,29,1,1,2,2,0,0,0.0
4,4,29,2,4,17,0,7,5,2.0
4,4,29,1,1,1,0,1,0,0.0
4,4,29,2,1,6,1,1,4,0.0
4,4,29,1,1,1,0,1,0,0.0
4,4,29,1,1,1,1,0,0,0.0
4,4,29,2,3,8,5,0,1,0.0
4,4,29,2,5,20,2,6,0,0.0
4,4,29,2,3,6,0,5,1,0.0
4,4,29,2,2,7,3,1,0,0.0
4,5,29,2,2,2,0,1,0,0.0
4,5,29,1,1,3,0,3,0,0.0
4,5,9,1,2,2,0,0,2,0.0
4,5,29,2,2,6,1,2,0,0.0
4,5,29,1,1,2,1,2,0,1.0
4,5,29,2,2,11,0,0,8,2.0
4,5,9,1,1,1,0,1,0,0.0
4,5,29,1,2,2,1,0,1,0.0
4,5,29,1,1,1,0,0,0,0.0
4,5,9,1,1,1,1,0,0,0.0
4,5,29,2,1,5,3,0,2,0.0
4,5,29,1,3,8,2,6,1,1.0
4,5,29,1,1,8,9,0,0,3.0
4,5,29,1,1,2,0,2,0,0.0
4,5,29,2,2,6,3,0,2,0.0
4,5,29,1,1,1,0,0,1,0.0
4,5,29,2,3,7,4,0,3,0.0
4,5,17,2,2,3,0,0,1,0.0
4,5,29,1,2,5,0,3,0,0.0
4,5,29,2,1,4,0,0,0,0.0
4,5,29,2,5,6,2,0,0,1.0
4,5,29,1,1,1,1,0,0,0.0
4,5,28,2,2,4,1,3,0,0.0
4,5,29,1,1,1,0,0,0,0.0
4,5,9,1,1,2,2,1,0,1.0
4,5,29,2,5,25,7,1,7,2.0
4,5,29,2,2,6,0,4,0,1.0
4,5,29,2,5,18,4,7,4,1.0
4,5,29,2,4,25,1,3,11,6.0
4,5,9,2,3,14,14,1,0,1.0
4,5,29,2,1,3,4,0,0,1.0
4,5,21,2,3,4,0,0,4,0.0
4,5,29,2,4,20,6,4,4,0.0
4,5,29,2,1,2,0,1,1,0.0
4,5,29,1,1,1,0,0,1,0.0
4,5,29,2,1,4,0,4,0,0.0
4,5,29,1,1,1,0,0,0,0.0
4,5,29,2,3,8,3,0,3,0.0
4,5,29,2,1,2,0,0,0,0.0
4,5,29,1,2,4,1,2,0,1.0
4,5,29,1,1,1,0,0,0,0.0
4,5,29,2,3,8,0,8,1,1.0
4,5,29,1,1,1,0,1,0,0.0
4,5,29,2,3,7,0,2,3,0.0
4,5,29,2,4,9,8,0,2,4.0
4,5,29,2,1,3,0,0,0,0.0
4,5,29,1,1,2,0,0,0,0.0
4,5,29,2,2,6,1,7,0,3.0
4,5,29,2,1,2,1,0,0,0.0
4,5,29,2,1,7,2,0,0,1.0
4,5,29,1,2,2,0,1,0,0.0
4,5,29,2,2,5,4,1,0,0.0
4,5,29,2,1,7,3,2,0,0.0
4,5,29,1,2,2,0,0,0,0.0
4,5,29,1,1,2,2,0,0,0.0
4,5,29,2,4,28,10,9,4,6.0
4,5,29,1,1,3,1,0,1,0.0
4,5,29,2,3,9,2,1,5,0.0
4,5,29,1,2,2,0,0,0,0.0
4,5,29,1,1,1,0,1,0,0.0
4,5,29,2,4,17,4,5,3,0.0
4,5,29,2,2,5,4,0,0,0.0
4,5,29,1,1,1,0,1,0,0.0
4,5,29,1,1,9,8,0,0,2.0
4,5,29,2,4,13,3,1,7,3.0
4,5,29,2,3,6,3,2,0,0.0
4,5,9,2,3,15,1,7,8,1.0
4,5,29,2,2,2,1,1,0,0.0
4,5,29,2,3,17,7,2,5,0.0
4,5,29,1,2,2,3,0,0,1.0
4,5,29,2,5,25,0,11,0,1.0
4,5,29,2,2,6,6,0,0,0.0
4,5,29,2,4,8,2,0,5,2.0
4,5,29,2,3,6,3,0,3,0.0
4,5,29,1,1,2,0,2,0,0.0
4,5,29,2,2,5,3,1,1,0.0
4,5,29,1,1,2,0,3,0,1.0
4,5,29,2,3,6,0,0,5,0.0
4,5,29,2,4,9,1,0,2,0.0
4,5,29,2,2,9,6,2,2,1.0
4,5,29,1,1,3,3,0,0,0.0
4,5,29,1,1,1,1,0,0,0.0
4,5,29,1,1,1,0,1,0,0.0
4,5,29,1,1,7,6,0,0,0.0
4,5,29,1,1,1,0,0,1,0.0
4,5,29,2,1,11,5,1,2,0.0
4,5,29,1,1,1,0,2,0,1.0
4,5,29,2,1,3,0,4,1,1.0
4,5,29,2,1,8,10,1,0,3.0
4,5,29,1,1,1,0,1,0,0.0
4,5,29,2,2,6,1,5,0,0.0
4,5,29,2,3,5,0,2,1,0.0
4,5,29,2,2,12,9,1,0,0.0
4,5,24,1,1,2,0,2,0,0.0
4,5,29,2,2,5,6,0,1,2.0
4,5,29,1,1,2,2,0,0,0.0
4,5,29,2,2,2,2,0,0,0.0
4,5,29,2,4,28,39,6,3,8.0
4,5,29,2,2,3,0,3,0,0.0
4,5,29,2,2,7,0,1,1,0.0
4,5,29,1,1,1,1,0,0,0.0
4,5,29,2,3,4,0,1,1,0.0
4,5,29,1,2,2,0,3,0,1.0
4,5,29,2,1,3,0,0,0,0.0
4,5,29,1,1,1,0,0,0,0.0
4,5,29,2,5,21,6,0,3,2.0
4,5,29,2,1,2,2,0,0,0.0
4,5,29,2,3,5,0,0,2,0.0
4,5,29,1,1,1,0,0,1,0.0
4,5,16,1,2,2,0,2,0,0.0
4,5,29,1,2,3,2,1,0,0.0
4,5,29,1,2,2,2,0,1,1.0
4,5,29,2,2,7,2,2,2,1.0
4,5,29,2,1,6,8,0,2,2.0
4,5,29,1,1,1,0,1,0,0.0
4,5,29,2,1,2,1,0,0,0.0
4,5,29,2,3,4,2,2,0,0.0
4,5,29,2,2,4,0,2,0,0.0
4,5,29,1,1,1,0,0,0,0.0
4,5,29,2,1,3,0,3,0,0.0
4,5,29,2,3,6,4,0,0,0.0
4,5,29,2,2,2,0,0,2,0.0
4,5,29,2,1,5,1,4,0,0.0
4,5,29,1,1,4,5,0,0,1.0
4,5,29,2,4,8,4,0,2,0.0
4,5,29,1,1,1,0,0,1,0.0
4,5,29,2,3,4,8,0,2,2.0
4,5,29,2,1,7,0,0,0,0.0
4,5,29,1,1,1,0,1,0,0.0
4,5,29,1,1,1,0,0,2,1.0
4,5,29,2,2,10,0,4,4,0.0
4,5,29,1,2,3,2,0,0,0.0
4,5,34,2,4,17,5,5,8,1.0
4,5,29,2,1,7,2,4,0,0.0
4,5,29,1,1,1,0,0,0,0.0
4,5,29,2,2,3,3,0,0,0.0
4,5,29,2,4,25,6,2,9,0.0
4,5,22,2,3,6,1,0,5,2.0
4,5,29,1,1,1,0,0,0,0.0
4,5,29,2,4,10,0,0,0,0.0
4,5,29,2,1,14,13,1,0,0.0
4,5,29,1,1,1,0,0,1,0.0
4,5,44,2,2,3,2,0,1,0.0
4,5,29,2,4,7,0,0,10,1.0
4,5,29,2,4,4,0,1,1,0.0
4,5,29,2,2,6,2,2,2,0.0
4,5,29,2,2,5,1,0,0,0.0
4,5,29,2,4,9,4,0,1,0.0
4,5,24,1,1,1,0,1,0,0.0
4,5,29,2,1,5,0,5,0,0.0
4,5,29,2,2,6,0,0,2,0.0
4,5,29,1,1,1,0,1,0,0.0
4,5,29,1,1,1,2,0,0,1.0
4,5,9,2,1,6,6,0,0,0.0
4,5,9,2,4,13,6,0,7,0.0
4,5,9,2,1,7,9,0,0,2.0
4,5,9,2,1,4,0,0,0,0.0
4,5,9,1,1,1,0,0,1,0.0
4,5,9,2,2,2,3,0,0,1.0
4,5,29,2,4,16,0,7,7,0.0
4,5,9,1,2,5,6,0,0,1.0
4,5,29,1,1,1,0,0,0,0.0
4,5,29,2,1,3,0,2,0,0.0
4,5,46,1,1,1,0,0,1,0.0
4,5,46,1,1,1,1,0,0,0.0
4,5,29,1,1,1,0,1,0,0.0
4,5,29,1,1,2,0,2,0,0.0
4,5,29,2,2,10,9,0,2,1.0
4,5,29,1,1,3,0,3,0,0.0
4,5,29,2,3,4,2,0,2,0.0
4,5,34,1,1,2,0,0,2,0.0
4,5,9,2,3,12,8,1,7,2.0
4,5,29,2,4,23,2,8,2,2.0
4,5,29,1,1,2,2,0,0,0.0
4,5,29,1,1,6,6,0,0,0.0
4,5,29,2,3,6,0,0,0,0.0
4,5,29,2,2,7,0,0,5,3.0
4,5,9,1,1,7,7,0,0,0.0
4,5,29,1,2,3,3,0,0,0.0
4,5,29,2,4,5,3,0,3,1.0
4,5,9,2,4,10,7,0,4,1.0
4,5,29,1,1,3,3,0,0,0.0
4,5,29,2,1,12,8,1,2,1.0
4,5,29,1,1,1,0,0,0,0.0
4,5,28,1,1,2,1,0,1,0.0
4,5,28,1,1,1,0,0,0,0.0
4,5,9,2,2,12,10,2,0,0.0
4,5,9,2,3,8,0,5,5,2.0
4,5,29,2,1,3,0,3,0,0.0
4,5,29,1,3,5,2,0,3,0.0
4,5,9,1,2,3,3,0,0,0.0
4,6,29,1,2,2,1,0,1,0.0
4,6,29,1,1,2,2,0,0,0.0
4,6,9,1,1,1,0,0,2,1.0
4,6,29,2,3,9,3,2,3,0.0
4,6,9,2,2,9,3,1,6,1.0
4,6,9,2,2,4,3,1,0,0.0
4,6,29,2,3,5,2,1,0,0.0
4,6,29,2,2,2,0,0,1,0.0
4,6,19,2,3,9,0,0,0,0.0
4,6,9,1,2,3,1,0,2,0.0
4,6,29,1,1,1,1,0,0,0.0
4,6,9,1,2,3,2,1,0,0.0
4,6,29,1,1,1,1,0,0,0.0
4,6,29,1,1,1,1,0,0,0.0
4,6,29,1,3,15,16,1,2,4.0
4,6,29,1,1,1,0,1,0,0.0
4,6,9,1,2,9,5,2,2,0.0
4,6,9,1,1,5,4,2,0,1.0
4,6,9,2,4,8,3,0,7,2.0
4,6,9,2,4,6,4,0,2,0.0
4,6,29,1,1,8,18,0,0,6.0
4,6,29,1,1,1,0,0,0,0.0
4,6,29,1,1,1,0,1,0,0.0
4,6,9,1,1,2,2,0,0,0.0
4,6,29,1,1,1,0,0,0,0.0
4,6,29,1,1,3,1,1,1,0.0
4,6,8,1,1,1,0,0,1,0.0
4,6,29,1,1,1,0,0,0,0.0
4,6,29,2,1,3,1,0,0,1.0
4,6,29,2,4,9,0,0,4,1.0
4,6,9,2,3,8,10,0,0,2.0
4,6,29,2,3,9,9,1,2,2.0
4,6,29,1,1,1,1,0,0,0.0
4,6,9,1,1,3,3,0,0,0.0
4,6,29,2,1,2,0,0,2,0.0
4,6,9,1,1,1,0,1,0,0.0
4,6,29,1,1,1,1,0,0,0.0
4,6,29,1,2,4,1,1,0,1.0
4,6,9,2,1,6,3,0,3,0.0
4,6,29,2,1,2,0,2,0,0.0
4,6,29,1,2,2,1,1,0,0.0
4,6,29,2,1,6,3,0,0,0.0
4,6,29,1,1,1,0,1,0,0.0
4,6,29,2,2,10,0,7,3,1.0
4,6,29,2,2,5,1,2,2,0.0
4,6,29,2,4,13,0,4,8,1.0
4,6,29,2,3,7,2,2,2,0.0
4,6,29,1,1,1,0,1,0,0.0
4,6,29,1,1,3,3,0,0,0.0
4,6,29,2,1,4,1,1,0,0.0
4,6,29,2,1,2,1,0,0,0.0
4,6,29,2,1,5,1,4,0,0.0
4,6,29,1,1,1,0,2,0,1.0
4,6,29,1,1,1,1,0,0,0.0
4,6,29,1,1,2,1,0,0,0.0
4,6,29,1,1,1,0,0,0,0.0
4,6,29,1,1,1,0,0,0,0.0
4,6,29,1,2,13,14,3,0,6.0
4,6,29,2,5,12,2,1,0,1.0
4,6,38,1,1,1,0,0,1,0.0
4,6,29,2,3,3,1,0,3,1.0
4,6,29,2,2,11,4,4,1,1.0
4,6,29,2,2,7,0,0,9,2.0
4,6,29,2,2,3,1,1,1,0.0
4,6,29,2,4,16,0,2,10,0.0
4,6,29,2,2,8,1,7,0,0.0
4,6,29,1,1,3,0,3,0,0.0
4,6,29,2,4,13,0,6,3,0.0
4,6,29,2,3,7,6,0,1,0.0
4,6,29,1,1,1,0,1,0,0.0
4,6,29,1,1,4,4,0,0,0.0
4,6,29,2,3,8,10,0,0,2.0
4,6,29,1,1,1,0,1,0,0.0
4,6,29,1,1,1,0,0,0,0.0
4,6,9,2,3,9,10,1,0,2.0
4,6,29,1,1,4,0,4,0,0.0
4,6,29,1,1,3,0,0,4,1.0
4,6,29,2,2,4,1,0,0,0.0
4,6,29,1,1,2,1,0,0,0.0
4,6,29,2,3,6,2,0,4,0.0
4,6,29,1,1,1,0,1,0,0.0
4,6,29,1,1,7,5,0,0,1.0
4,6,29,1,1,2,0,0,2,0.0
4,6,29,1,1,1,0,0,1,0.0
4,6,29,2,3,7,2,4,0,0.0
4,6,29,2,3,6,0,0,4,0.0
4,6,29,2,2,5,0,5,0,0.0
4,6,29,2,2,2,0,0,1,0.0
4,6,29,1,2,4,0,9,0,2.0
4,6,29,1,2,3,0,3,0,0.0
4,6,29,2,1,4,4,0,0,0.0
4,6,29,1,1,4,3,1,0,0.0
4,6,44,2,2,3,1,0,2,0.0
4,6,29,2,1,4,0,0,0,0.0
4,6,29,2,4,6,0,0,0,0.0
4,6,29,1,1,1,0,1,0,0.0
4,6,29,2,3,4,0,0,0,0.0
4,6,29,2,3,7,4,3,0,0.0
4,6,29,2,5,23,2,6,12,0.0
4,6,29,2,1,5,0,3,3,1.0
4,6,29,2,2,2,0,1,1,0.0
4,6,29,2,3,3,0,1,1,0.0
4,6,29,1,1,1,0,0,0,0.0
4,6,29,2,2,3,0,0,0,0.0
4,6,29,2,2,7,0,8,0,1.0
4,6,29,2,4,12,0,2,0,0.0
4,6,29,2,2,19,1,13,1,2.0
4,6,29,2,1,9,0,6,2,0.0
4,6,29,2,1,2,0,0,0,0.0
4,6,29,1,1,2,0,2,0,0.0
4,6,29,2,4,11,2,5,1,0.0
4,6,29,1,1,1,0,0,1,0.0
4,6,29,1,1,2,1,1,0,0.0
4,6,29,1,1,1,1,0,0,0.0
4,6,29,2,1,3,0,4,0,1.0
4,6,29,2,2,4,0,4,0,0.0
4,6,29,1,2,3,0,4,0,1.0
4,6,29,2,1,3,0,1,1,0.0
4,6,29,2,1,3,0,2,0,0.0
4,6,29,2,1,15,6,5,3,2.0
4,6,29,1,2,2,1,0,1,0.0
4,6,29,1,1,3,3,0,0,0.0
4,6,29,1,2,3,0,2,1,0.0
4,6,29,1,1,1,1,0,0,0.0
4,6,29,1,1,2,0,0,1,0.0
4,6,29,1,1,1,0,0,0,0.0
4,6,29,1,1,1,1,0,0,0.0
4,6,29,2,2,14,9,3,2,1.0
4,6,29,1,1,1,0,1,0,0.0
4,6,29,2,1,4,0,0,2,0.0
4,6,29,2,2,4,1,2,0,0.0
4,6,29,1,1,1,1,0,0,0.0
4,6,29,2,3,3,0,0,1,0.0
4,6,29,1,2,4,1,2,2,1.0
4,6,29,1,2,9,0,8,0,0.0
4,6,29,1,2,4,0,4,0,0.0
4,6,29,1,1,1,1,0,0,0.0
4,6,29,1,1,2,2,0,0,0.0
4,6,29,1,1,8,3,4,2,1.0
4,6,29,2,3,8,1,3,3,0.0
4,6,29,1,1,1,0,0,0,0.0
4,6,29,2,2,9,5,4,0,0.0
4,6,29,1,2,3,1,0,0,0.0
4,6,9,2,3,19,13,3,7,4.0
4,6,9,1,2,3,1,0,2,0.0
4,6,9,1,1,2,3,0,0,1.0
4,6,29,2,2,11,0,14,0,5.0
4,6,46,1,1,1,0,1,0,0.0
4,6,46,1,1,1,0,1,0,0.0
4,6,46,1,1,1,0,0,1,0.0
4,6,46,1,1,1,0,0,1,0.0
4,6,46,1,1,1,0,1,0,0.0
4,6,46,1,1,1,0,0,1,0.0
4,6,9,1,1,1,1,0,0,0.0
4,6,29,2,3,31,0,0,0,5.0
4,6,29,2,2,6,6,0,0,0.0
4,6,29,1,1,1,0,0,1,0.0
4,6,29,1,1,1,1,0,0,0.0
4,6,29,1,2,5,0,2,3,0.0
4,6,29,1,3,5,5,0,0,0.0
4,6,29,1,2,4,2,1,1,0.0
4,6,9,1,1,4,4,0,0,0.0
4,6,29,2,3,6,1,0,0,0.0
4,6,29,2,2,5,2,1,1,0.0
4,6,29,1,3,11,2,2,7,0.0
4,6,9,1,1,1,0,1,0,0.0
4,6,9,1,1,1,0,1,0,0.0
4,6,9,2,1,6,0,3,3,0.0
4,6,9,2,1,5,0,1,4,0.0
4,6,9,1,2,4,0,0,4,0.0
4,6,29,2,3,6,1,0,0,0.0
4,6,9,1,1,2,2,0,0,0.0
4,6,29,2,1,6,9,0,1,3.0
4,6,29,1,2,2,0,2,0,0.0
4,6,29,2,5,58,10,3,2,9.0
4,6,29,2,2,4,3,0,1,0.0
4,6,29,2,2,9,0,11,0,2.0
4,6,29,2,2,7,7,2,0,2.0
4,6,29,2,1,3,1,0,1,0.0
4,6,9,1,1,1,1,0,0,0.0
4,6,29,1,3,4,2,0,0,0.0
4,6,29,2,2,2,0,0,2,0.0
4,6,29,1,3,3,0,1,2,0.0
4,6,44,2,4,20,3,1,11,0.0
4,6,29,1,2,2,0,0,2,0.0
4,6,29,2,3,6,3,3,0,0.0
4,6,29,2,1,5,2,3,0,0.0
4,7,29,1,1,1,0,0,0,0.0
4,7,29,1,2,4,4,0,0,0.0
4,7,29,1,2,3,0,3,0,0.0
4,7,29,1,1,1,0,1,0,0.0
4,7,9,1,1,1,1,0,0,0.0
4,7,29,2,1,5,2,0,0,0.0
4,7,24,2,5,13,0,4,6,0.0
4,7,9,2,3,10,7,2,2,1.0
4,7,9,2,2,10,5,4,1,0.0
4,7,9,2,1,6,3,2,1,0.0
4,7,9,1,1,6,4,2,0,0.0
4,7,16,1,2,3,3,0,0,0.0
4,7,29,1,1,1,0,0,1,0.0
4,7,29,1,2,2,0,1,2,1.0
4,7,41,1,1,1,0,1,0,0.0
4,7,9,1,1,1,3,0,0,1.0
4,7,29,2,3,13,7,3,1,1.0
4,7,29,2,2,10,5,1,4,0.0
4,7,29,2,2,4,3,0,0,0.0
4,7,29,1,1,1,1,0,0,0.0
4,7,29,1,2,6,0,6,0,1.0
4,7,29,1,2,3,0,3,0,0.0
4,7,24,1,1,1,1,0,0,0.0
4,7,24,1,1,1,0,0,1,0.0
4,7,29,1,1,1,0,0,0,0.0
4,7,29,2,1,2,0,1,1,0.0
4,7,29,2,1,4,0,1,2,1.0
4,7,9,1,1,1,0,1,0,0.0
4,7,9,1,1,1,1,0,0,0.0
4,7,9,1,1,1,0,1,0,0.0
4,7,9,1,1,1,0,0,1,0.0
4,7,3,1,1,1,1,0,0,0.0
4,7,29,2,1,5,0,2,2,1.0
4,7,9,2,2,6,3,3,0,0.0
4,7,9,1,1,6,13,1,0,3.0
4,7,29,2,1,5,1,1,3,0.0
4,7,29,1,1,6,2,1,2,0.0
4,7,29,1,1,2,0,0,2,0.0
4,7,29,2,3,5,1,0,0,0.0
4,7,29,2,2,7,2,4,1,0.0
4,7,24,2,1,3,0,0,5,2.0
4,7,24,1,1,1,0,1,0,0.0
4,7,9,1,1,1,1,0,0,0.0
4,7,29,2,3,5,0,0,2,0.0
4,7,29,2,1,2,0,3,0,1.0
4,7,29,1,1,1,0,0,0,0.0
4,7,29,2,4,11,2,0,8,1.0
4,7,29,1,1,1,0,0,1,0.0
4,7,29,2,3,5,0,1,0,0.0
4,7,29,1,2,2,0,0,0,0.0
4,7,29,2,5,22,1,0,1,7.0
4,7,9,1,2,2,2,0,1,1.0
4,7,29,2,4,7,0,0,0,1.0
4,7,29,2,5,13,2,1,5,3.0
4,7,9,2,1,2,1,0,1,0.0
4,7,9,1,1,3,0,2,1,0.0
4,7,24,1,1,1,0,1,0,0.0
4,7,29,1,1,2,2,0,0,0.0
4,7,29,2,3,56,21,10,20,3.0
4,7,9,2,1,2,1,0,1,0.0
4,7,29,2,1,3,1,0,1,0.0
4,7,9,2,3,13,13,1,0,1.0
4,7,29,2,3,5,0,2,1,0.0
4,7,29,2,2,4,0,4,0,0.0
4,7,29,2,2,4,0,4,0,0.0
4,7,29,2,1,7,6,2,1,2.0
4,7,29,1,2,3,0,0,2,0.0
4,7,29,2,2,3,1,2,0,0.0
4,7,29,2,3,4,2,2,0,0.0
4,7,29,1,1,1,1,0,0,0.0
4,7,29,1,1,3,0,3,0,1.0
4,7,29,2,4,13,4,3,5,0.0
4,7,29,2,3,3,1,0,2,0.0
4,7,29,2,4,24,4,34,1,7.0
4,7,29,1,1,1,0,4,0,1.0
4,7,29,2,1,3,0,3,0,0.0
4,7,29,2,4,4,0,0,1,0.0
4,7,29,2,2,3,2,1,0,0.0
4,7,29,1,1,1,0,0,0,0.0
4,7,29,2,4,6,1,2,2,0.0
4,7,29,1,1,1,1,0,0,0.0
4,7,29,2,1,6,6,0,0,0.0
4,7,29,1,2,2,0,0,0,0.0
4,7,29,2,1,3,0,3,0,0.0
4,7,29,1,2,4,0,4,0,0.0
4,7,29,1,1,1,1,0,0,0.0
4,7,29,1,2,2,2,2,0,2.0
4,7,29,1,1,1,0,1,0,0.0
4,7,29,1,1,2,0,2,0,0.0
4,7,29,1,1,1,1,0,0,0.0
4,7,29,2,2,4,1,0,1,1.0
4,7,29,2,3,18,0,4,13,0.0
4,7,29,2,4,13,3,3,5,1.0
4,7,29,1,1,1,0,0,0,0.0
4,7,29,2,3,5,3,0,1,0.0
4,7,29,2,2,3,0,3,0,0.0
4,7,29,2,3,12,10,0,0,1.0
4,7,29,2,5,18,8,0,2,4.0
4,7,24,1,1,1,1,0,0,0.0
4,7,24,1,2,4,0,2,1,0.0
4,7,34,2,2,4,0,0,4,0.0
4,7,29,2,3,3,2,0,0,0.0
4,7,29,2,3,5,0,2,2,0.0
4,7,29,2,2,3,3,0,0,0.0
4,7,29,1,1,1,1,0,0,0.0
4,7,29,1,1,2,0,0,0,0.0
4,7,29,1,1,2,0,0,2,0.0
4,7,29,2,4,5,1,0,0,0.0
4,7,29,2,3,22,11,5,0,0.0
4,7,29,1,2,2,0,2,0,0.0
4,7,15,2,3,11,5,1,3,0.0
4,7,29,2,3,40,17,12,16,9.0
4,7,29,1,3,5,3,1,0,0.0
4,7,17,1,2,3,0,3,0,0.0
4,7,29,1,1,4,4,0,0,0.0
4,7,29,2,4,18,11,2,0,0.0
4,7,29,1,1,1,1,0,0,0.0
4,7,29,1,1,1,0,1,0,0.0
4,7,9,1,1,5,1,2,2,0.0
4,7,29,1,1,3,3,0,0,0.0
4,7,29,1,1,1,1,0,0,0.0
4,7,29,2,3,23,4,3,16,0.0
4,7,29,1,2,2,0,0,0,0.0
4,7,29,1,1,1,1,0,0,0.0
4,7,29,1,1,1,1,0,0,0.0
4,7,29,1,1,3,2,0,0,0.0
4,7,29,1,3,7,5,2,0,1.0
4,7,29,1,1,4,0,0,3,0.0
4,7,29,1,2,2,0,2,0,0.0
4,7,29,2,3,10,10,3,1,2.0
4,7,29,1,1,4,3,3,0,1.0
4,7,29,2,2,4,0,0,0,0.0
4,7,29,2,3,7,0,4,0,1.0
4,7,29,1,1,4,4,0,0,0.0
4,7,29,2,2,4,0,1,3,0.0
4,7,29,1,2,4,0,4,0,0.0
4,7,29,2,3,7,0,2,2,0.0
4,7,29,2,3,20,7,2,5,0.0
4,7,29,1,2,2,1,0,1,0.0
4,7,29,1,2,2,0,0,1,0.0
4,7,29,1,2,2,1,0,1,0.0
4,7,29,1,1,1,1,0,0,0.0
4,7,9,1,1,4,6,0,0,1.0
4,7,29,1,1,1,1,0,0,0.0
4,7,29,2,1,3,3,0,0,0.0
4,7,10,1,1,1,0,1,0,0.0
4,7,44,1,1,1,0,0,1,0.0
4,7,29,2,3,30,10,5,7,0.0
4,7,29,2,3,5,0,0,0,0.0
4,7,9,2,1,13,11,1,1,0.0
4,7,29,1,2,2,0,0,0,0.0
4,7,29,2,1,5,3,2,0,0.0
4,7,29,2,2,9,6,1,0,1.0
4,7,29,1,1,2,1,0,0,0.0
4,7,29,1,1,1,0,0,0,0.0
4,7,29,2,1,6,6,0,0,0.0
4,7,29,2,1,5,2,1,0,0.0
4,7,29,2,2,3,1,0,2,0.0
4,7,29,1,1,2,0,2,0,0.0
4,7,29,1,1,1,0,0,1,0.0
4,7,29,1,2,4,0,2,0,1.0
4,7,29,1,2,3,0,2,1,0.0
4,7,29,2,2,5,0,5,0,0.0
4,7,29,1,1,3,0,3,0,0.0
4,7,29,2,2,6,7,0,1,2.0
4,7,29,1,1,6,4,2,0,0.0
4,7,9,1,2,6,6,0,1,1.0
4,7,29,1,1,1,1,0,0,0.0
4,7,29,2,2,2,0,0,1,0.0
4,7,29,2,1,4,0,0,3,0.0
4,7,29,2,1,11,9,1,1,1.0
4,7,29,1,1,1,0,0,1,0.0
4,7,29,1,2,2,2,0,0,0.0
4,7,29,1,1,1,0,1,0,0.0
4,7,29,1,1,1,0,1,0,0.0
4,7,29,2,5,9,1,0,3,1.0
4,7,29,1,2,2,0,1,1,0.0
4,7,29,1,2,2,1,0,0,0.0
4,7,29,1,1,4,1,3,0,0.0
4,7,9,1,1,1,1,0,0,0.0
4,7,29,2,1,5,1,2,0,0.0
4,7,29,2,3,5,3,0,2,0.0
4,7,29,2,3,4,3,1,0,0.0
4,7,29,2,4,17,6,1,5,0.0
4,7,29,2,2,5,1,0,2,0.0
4,7,29,2,3,14,5,5,2,0.0
4,7,29,2,1,5,0,0,0,1.0
4,7,29,2,1,4,0,2,0,1.0
4,7,29,2,3,13,2,3,10,2.0
4,7,29,1,1,1,1,0,0,0.0
4,7,9,1,1,2,0,2,0,0.0
4,7,29,1,2,4,2,1,1,0.0
4,7,29,1,1,2,1,0,0,0.0
4,7,29,1,1,1,0,0,0,1.0
4,7,29,1,1,1,0,1,0,0.0
4,7,29,2,3,4,1,0,1,0.0
4,7,29,1,1,1,1,0,0,0.0
4,7,29,1,1,2,0,0,0,0.0
4,7,29,2,3,11,3,3,4,1.0
4,7,29,2,3,12,4,2,6,0.0
4,7,29,1,1,1,0,1,0,0.0
4,7,29,1,2,3,0,0,0,0.0
4,7,29,1,1,1,1,0,0,0.0
4,7,29,2,4,10,4,1,4,0.0
4,7,29,1,2,3,0,0,3,0.0
4,7,29,1,2,5,0,3,4,1.0
4,7,29,1,1,1,1,0,0,0.0
4,7,29,1,1,1,1,0,0,0.0
4,7,29,1,2,2,0,2,0,0.0
4,7,29,1,1,1,2,0,0,1.0
4,7,9,1,1,1,1,0,0,0.0
4,7,9,1,1,2,0,0,2,0.0
4,7,29,1,1,1,0,0,1,0.0
4,7,9,2,3,21,11,10,0,0.0
4,7,29,1,1,1,1,0,0,0.0
4,7,9,2,2,5,4,0,1,0.0
4,7,29,2,1,2,1,1,0,0.0
4,7,9,1,1,1,1,0,0,0.0
4,7,29,1,1,1,0,0,0,0.0
4,7,29,2,2,2,0,0,0,0.0
4,7,46,1,1,1,1,0,0,0.0
4,7,46,1,1,1,0,0,1,0.0
4,7,46,1,1,1,0,1,0,0.0
4,7,46,1,1,1,0,0,1,0.0
4,7,46,1,1,1,1,0,0,0.0
4,7,24,1,1,1,0,0,1,0.0
4,7,9,1,1,1,0,0,1,0.0
4,7,29,1,1,1,0,0,0,0.0
4,7,9,2,3,4,2,0,2,0.0
4,7,9,1,4,16,7,1,9,1.0
4,7,29,1,2,10,1,5,2,0.0
4,7,29,2,1,9,0,3,0,0.0
4,7,29,2,4,4,1,0,1,0.0
4,7,29,1,1,1,1,0,0,0.0
4,7,29,1,1,1,0,1,0,0.0
4,7,46,1,1,1,0,1,0,0.0
4,7,29,2,5,23,8,0,1,0.0
4,7,9,2,2,3,0,1,2,0.0
4,7,29,1,1,1,1,0,0,0.0
4,7,46,2,1,3,0,0,2,2.0
4,7,29,1,1,1,0,0,1,0.0
4,7,9,1,1,1,0,1,0,0.0
4,7,9,1,1,2,3,0,0,1.0
4,7,9,1,1,1,0,2,0,1.0
4,7,9,1,1,3,1,0,2,0.0
4,7,9,1,1,1,0,1,0,0.0
4,7,9,1,1,7,7,2,0,2.0
4,7,9,1,1,1,1,0,0,0.0
4,7,29,1,1,11,11,0,0,3.0
4,7,29,2,3,10,1,2,6,0.0
4,7,29,2,4,10,1,2,3,0.0
4,7,29,1,1,1,1,0,0,0.0
4,7,46,1,1,1,0,0,1,0.0
4,7,29,1,2,2,1,1,0,0.0
4,7,29,2,2,7,1,4,0,0.0
4,7,9,1,1,1,0,0,1,0.0
4,7,41,1,2,2,2,0,0,0.0
4,7,9,2,1,3,1,3,0,1.0
4,7,9,1,1,3,0,4,1,2.0
4,7,29,2,3,12,12,0,0,2.0
4,7,29,1,1,2,0,0,5,2.0
4,7,29,2,2,16,0,19,0,4.0
4,7,29,1,1,1,0,0,0,0.0
4,8,29,1,2,3,1,1,1,0.0
4,8,29,2,1,2,0,0,0,0.0
4,8,9,2,3,8,7,2,0,1.0
4,8,9,1,1,4,0,4,0,0.0
4,8,29,2,3,9,0,0,7,0.0
4,8,24,1,1,2,2,0,0,0.0
4,8,29,2,3,4,0,0,3,0.0
4,8,29,1,1,1,0,0,0,0.0
4,8,9,1,1,3,3,0,0,0.0
4,8,9,1,2,4,0,4,1,1.0
4,8,29,2,3,5,4,0,0,0.0
4,8,10,2,1,5,6,0,0,1.0
4,8,29,2,2,4,1,0,2,0.0
4,8,29,2,3,23,5,9,8,2.0
4,8,9,2,3,5,0,0,5,0.0
4,8,9,1,1,4,4,0,0,0.0
4,8,29,2,2,18,21,0,0,3.0
4,8,9,1,1,2,0,2,0,0.0
4,8,24,2,2,6,2,2,1,1.0
4,8,29,2,1,8,6,1,1,2.0
4,8,29,2,3,3,0,2,0,0.0
4,8,29,2,3,15,7,4,3,2.0
4,8,29,1,1,1,0,1,0,0.0
4,8,29,1,1,1,0,0,0,0.0
4,8,29,2,4,5,0,2,0,0.0
4,8,29,1,2,4,0,1,0,0.0
4,8,41,1,1,2,0,2,0,0.0
4,8,29,1,2,3,3,0,0,0.0
4,8,9,2,1,5,2,0,3,0.0
4,8,9,2,2,3,3,0,0,0.0
4,8,9,2,2,9,10,0,0,1.0
4,8,9,1,1,1,1,0,0,0.0
4,8,9,2,3,7,1,1,5,0.0
4,8,9,2,4,13,2,0,15,3.0
4,8,24,1,1,2,0,2,0,0.0
4,8,29,2,3,25,14,0,7,0.0
4,8,29,1,1,2,0,0,0,0.0
4,8,29,2,1,4,0,4,0,1.0
4,8,29,2,2,14,1,15,0,2.0
4,8,29,1,1,1,0,1,0,0.0
4,8,29,2,1,3,0,0,0,0.0
4,8,24,2,2,9,6,1,2,1.0
4,8,29,1,2,4,2,2,0,0.0
4,8,24,1,1,1,1,0,0,0.0
4,8,9,1,2,3,1,1,1,0.0
4,8,29,2,1,4,1,0,1,0.0
4,8,29,1,1,1,0,2,0,1.0
4,8,24,1,1,1,1,0,0,0.0
4,8,29,1,1,1,0,1,0,0.0
4,8,17,2,2,7,1,4,2,0.0
4,8,29,1,1,1,1,0,0,0.0
4,8,9,1,1,1,1,0,0,0.0
4,8,9,2,2,6,3,2,1,0.0
4,8,29,2,2,3,3,0,0,0.0
4,8,29,1,1,4,4,0,0,0.0
4,8,29,2,5,40,12,1,18,0.0
4,8,29,1,1,1,0,1,0,0.0
4,8,24,1,1,1,1,0,0,0.0
4,8,29,1,1,1,0,0,1,0.0
4,8,9,2,2,3,0,2,2,1.0
4,8,29,1,1,1,0,1,0,0.0
4,8,29,1,1,1,0,0,1,0.0
4,8,29,1,2,3,3,0,0,0.0
4,8,29,2,1,13,0,7,0,1.0
4,8,29,1,1,2,2,0,0,0.0
4,8,29,1,1,1,0,0,1,0.0
4,8,29,1,1,2,2,0,0,0.0
4,8,29,1,2,2,1,1,0,0.0
4,8,29,2,2,9,2,1,2,0.0
4,8,29,2,2,5,0,0,5,0.0
4,8,29,2,2,6,0,0,1,0.0
4,8,29,1,1,2,1,0,0,0.0
4,8,29,2,3,3,0,6,0,1.0
4,8,29,2,4,24,1,10,4,8.0
4,8,29,1,1,4,2,1,1,0.0
4,8,29,1,1,1,1,0,0,0.0
4,8,29,1,1,2,2,0,0,0.0
4,8,29,2,4,10,2,2,5,0.0
4,8,29,1,1,2,1,0,0,1.0
4,8,29,2,3,15,8,1,6,2.0
4,8,29,1,2,3,0,4,0,1.0
4,8,29,2,1,3,2,0,1,0.0
4,8,29,1,1,1,0,0,0,0.0
4,8,29,1,1,1,3,0,0,1.0
4,8,29,2,1,2,0,0,0,0.0
4,8,9,2,1,3,2,1,0,0.0
4,8,29,1,1,1,1,0,0,0.0
4,8,29,2,3,11,0,0,2,0.0
4,8,29,1,1,1,0,1,0,0.0
4,8,15,2,5,14,10,1,1,1.0
4,8,29,2,1,4,2,0,2,0.0
4,8,29,1,1,3,0,1,2,0.0
4,8,29,1,2,3,0,2,0,0.0
4,8,29,2,1,11,12,0,0,1.0
4,8,44,1,1,1,0,1,0,0.0
4,8,29,2,3,5,0,0,1,0.0
4,8,29,2,2,7,0,6,0,0.0
4,8,29,1,1,1,1,0,0,0.0
4,8,29,1,2,3,1,0,2,0.0
4,8,29,1,2,4,0,4,0,0.0
4,8,29,2,2,7,0,7,0,0.0
4,8,29,2,3,13,0,0,15,2.0
4,8,29,1,1,2,0,3,0,1.0
4,8,29,2,5,16,0,0,5,0.0
4,8,29,1,1,1,1,0,0,0.0
4,8,29,1,2,4,0,4,0,0.0
4,8,29,1,1,5,0,0,5,2.0
4,8,29,2,1,3,3,0,0,0.0
4,8,29,2,1,2,0,0,0,0.0
4,8,24,2,2,7,5,0,2,0.0
4,8,24,2,4,22,0,1,15,3.0
4,8,29,2,1,7,6,2,0,1.0
4,8,29,2,2,6,0,4,0,0.0
4,8,29,1,1,4,0,3,1,0.0
4,8,9,2,4,38,20,4,24,9.0
4,8,29,1,1,2,1,0,0,0.0
4,8,29,2,3,12,0,3,8,0.0
4,8,29,2,1,4,1,3,0,0.0
4,8,29,2,3,19,12,0,0,7.0
4,8,29,1,2,2,1,0,0,0.0
4,8,29,1,2,6,2,4,2,2.0
4,8,29,2,1,3,2,1,0,0.0
4,8,29,1,1,1,0,0,1,0.0
4,8,29,1,2,8,0,8,0,1.0
4,8,29,2,2,3,0,0,0,0.0
4,8,29,2,1,5,0,0,3,0.0
4,8,29,1,1,3,1,2,0,0.0
4,8,29,1,1,5,3,0,0,0.0
4,8,29,2,3,7,0,0,0,1.0
4,8,29,2,3,4,4,0,0,0.0
4,8,29,2,3,3,0,1,1,0.0
4,8,29,1,1,1,0,0,0,0.0
4,8,29,2,1,5,2,0,1,1.0
4,8,29,1,1,1,0,0,0,0.0
4,8,29,2,2,2,0,1,0,0.0
4,8,9,2,2,14,0,0,18,4.0
4,8,29,2,1,11,5,6,0,0.0
4,8,29,1,1,1,0,0,1,0.0
4,8,9,1,1,2,0,0,2,0.0
4,8,29,1,1,1,1,0,0,0.0
4,8,29,1,1,3,3,0,0,0.0
4,8,29,2,4,5,1,0,1,1.0
4,8,29,2,3,6,0,2,3,0.0
4,8,29,1,1,1,0,1,0,0.0
4,8,29,1,1,1,1,0,0,0.0
4,8,29,1,2,6,0,8,0,2.0
4,8,29,1,2,4,1,0,3,0.0
4,8,9,2,3,6,6,0,0,0.0
4,8,29,2,1,3,0,0,3,0.0
4,8,29,2,3,5,0,0,0,0.0
4,8,9,2,1,3,0,3,0,0.0
4,8,29,1,1,2,0,0,2,0.0
4,8,29,1,1,3,2,0,1,0.0
4,8,9,2,3,23,15,3,5,0.0
4,8,29,2,1,5,5,0,0,0.0
4,8,44,2,3,7,0,2,2,0.0
4,8,29,2,1,3,2,1,0,0.0
4,8,29,1,1,1,0,1,0,0.0
4,8,29,2,1,3,6,2,0,2.0
4,8,29,2,2,2,0,0,1,0.0
4,8,29,1,1,1,0,0,0,0.0
4,8,29,2,3,8,2,0,0,1.0
4,8,46,2,3,21,9,6,7,1.0
4,8,44,1,2,2,0,2,0,0.0
4,8,29,1,1,1,0,0,1,0.0
4,8,29,2,2,4,2,0,1,1.0
4,8,34,1,1,1,0,1,0,0.0
4,8,24,1,1,1,0,1,0,0.0
4,8,29,1,2,2,2,0,0,0.0
4,8,29,1,2,2,0,0,3,1.0
4,8,44,1,1,1,0,0,0,0.0
4,8,29,2,2,5,3,0,0,1.0
4,8,29,2,2,2,1,0,0,0.0
4,8,29,1,1,1,0,1,0,0.0
4,8,9,2,3,13,0,0,18,3.0
4,8,29,1,1,1,0,0,0,1.0
4,8,9,2,2,2,2,0,0,0.0
4,8,29,2,2,7,4,3,0,0.0
4,8,9,1,1,4,3,0,1,0.0
4,8,9,2,2,2,2,0,0,0.0
4,8,24,2,4,43,18,12,8,15.0
4,8,29,1,1,1,0,0,1,0.0
4,8,46,1,1,1,1,0,0,0.0
4,8,46,1,1,1,1,0,0,0.0
4,8,46,1,1,1,1,0,0,0.0
4,8,46,1,1,1,0,0,1,0.0
4,8,29,2,3,7,4,0,2,0.0
4,8,9,1,1,1,1,0,0,0.0
4,8,29,1,1,1,0,0,1,0.0
4,8,29,2,3,7,0,0,3,0.0
4,8,29,1,2,2,0,0,2,0.0
4,8,29,1,1,1,1,0,0,0.0
4,8,29,1,2,2,2,0,0,0.0
4,8,9,2,2,2,0,0,2,0.0
4,8,29,2,1,2,3,0,0,1.0
4,8,29,1,2,3,0,3,1,1.0
4,8,29,1,1,1,1,0,0,0.0
4,8,9,2,1,2,0,2,0,0.0
4,8,9,2,4,12,6,2,4,0.0
4,8,29,2,1,6,6,0,0,0.0
4,8,9,1,2,4,2,1,1,0.0
4,8,44,1,1,2,0,3,0,1.0
4,8,29,1,1,1,0,0,0,0.0
4,8,29,1,4,7,1,3,0,0.0
4,8,29,1,1,2,2,0,0,0.0
4,8,29,1,1,1,2,0,0,1.0
4,8,9,2,3,5,3,0,2,0.0
4,8,9,2,1,3,1,0,2,0.0
4,8,9,2,1,12,12,0,0,0.0
4,8,29,2,4,9,0,0,0,0.0
4,8,29,1,1,1,0,0,0,0.0
4,8,29,1,1,2,0,2,0,0.0
4,8,29,1,1,3,0,4,0,1.0
4,8,29,2,1,11,6,0,2,3.0
4,8,29,1,1,1,0,0,0,0.0
4,8,29,1,2,7,2,2,1,0.0
4,8,29,2,4,37,24,24,7,12.0
4,8,29,2,4,13,0,11,6,4.0
4,8,29,2,2,2,2,0,0,0.0
4,8,29,2,2,3,1,0,2,0.0
4,9,29,2,3,8,6,1,1,0.0
4,9,29,1,1,5,2,2,1,0.0
4,9,29,2,1,3,0,2,0,0.0
4,9,9,2,3,8,7,0,5,4.0
4,9,9,1,2,2,1,1,0,0.0
4,9,9,1,2,4,3,0,1,0.0
4,9,29,2,1,8,7,0,1,0.0
4,9,29,1,1,1,0,1,0,0.0
4,9,29,1,1,2,0,2,0,0.0
4,9,9,2,1,5,5,0,0,0.0
4,9,29,2,3,5,1,1,2,0.0
4,9,9,1,1,3,3,0,0,0.0
4,9,9,2,2,8,7,1,0,0.0
4,9,29,1,1,3,2,1,0,0.0
4,9,29,2,2,3,0,2,0,0.0
4,9,24,1,1,1,0,0,0,0.0
4,9,29,1,2,2,0,0,2,0.0
4,9,24,1,3,4,0,0,4,0.0
4,9,29,2,2,6,0,0,8,2.0
4,9,41,1,1,4,0,4,0,0.0
4,9,9,1,1,1,0,0,1,0.0
4,9,9,2,3,9,3,2,4,0.0
4,9,29,1,1,2,2,0,0,0.0
4,9,29,2,3,15,8,3,4,0.0
4,9,29,1,1,1,0,1,0,0.0
4,9,29,1,1,2,2,0,0,0.0
4,9,29,1,1,1,0,0,0,0.0
4,9,29,2,1,7,2,3,0,0.0
4,9,29,1,1,1,0,1,0,0.0
4,9,29,1,1,1,0,0,0,0.0
4,9,29,1,1,1,0,1,0,0.0
4,9,24,1,2,4,5,0,0,1.0
4,9,29,2,2,6,0,0,7,1.0
4,9,24,1,1,1,0,0,1,0.0
4,9,24,2,2,4,0,0,2,1.0
4,9,29,2,3,8,0,1,5,0.0
4,9,29,1,3,3,1,1,0,0.0
4,9,29,2,5,21,7,1,3,1.0
4,9,29,2,3,5,0,1,0,0.0
4,9,29,2,1,3,1,0,2,0.0
4,9,29,1,3,6,0,2,4,0.0
4,9,29,2,1,15,11,0,0,1.0
4,9,9,1,1,1,0,2,0,1.0
4,9,29,2,2,3,0,1,3,1.0
4,9,24,1,1,1,0,1,0,0.0
4,9,29,1,1,1,0,1,0,0.0
4,9,9,1,1,2,0,0,2,0.0
4,9,24,2,4,22,4,6,9,7.0
4,9,29,1,1,1,1,0,0,0.0
4,9,29,2,2,2,0,0,0,0.0
4,9,29,2,1,7,4,1,3,1.0
4,9,29,2,4,8,0,0,1,0.0
4,9,29,2,1,14,1,5,2,3.0
4,9,29,2,5,13,0,6,0,0.0
4,9,29,2,4,30,0,0,0,0.0
4,9,24,2,4,9,8,0,2,2.0
4,9,29,1,2,2,2,0,0,1.0
4,9,29,1,1,1,0,0,1,0.0
4,9,29,2,3,4,0,0,3,0.0
4,9,29,2,2,6,0,4,4,1.0
4,9,9,2,4,20,7,9,10,6.0
4,9,29,1,2,6,0,6,0,0.0
4,9,29,1,1,3,2,0,1,0.0
4,9,29,2,1,2,2,0,0,0.0
4,9,29,1,2,2,1,0,0,1.0
4,9,29,2,1,3,0,0,2,0.0
4,9,29,1,1,1,0,0,0,0.0
4,9,29,2,3,9,2,6,2,2.0
4,9,29,1,1,1,1,0,0,0.0
4,9,29,2,2,2,0,0,0,2.0
4,9,29,1,1,3,0,0,0,0.0
4,9,29,2,3,4,1,0,1,0.0
4,9,29,2,3,15,10,0,2,1.0
4,9,29,1,1,3,0,2,1,0.0
4,9,29,1,2,2,2,0,0,0.0
4,9,29,1,1,1,0,0,0,0.0
4,9,29,2,3,14,0,15,0,3.0
4,9,29,2,5,13,2,0,8,1.0
4,9,29,2,3,9,1,0,6,0.0
4,9,29,2,2,11,2,0,5,0.0
4,9,29,2,1,2,0,2,0,0.0
4,9,29,1,1,1,0,1,0,0.0
4,9,29,1,1,2,0,2,0,0.0
4,9,29,2,2,9,1,2,6,0.0
4,9,29,1,1,2,0,0,3,1.0
4,9,24,1,1,2,2,0,0,0.0
4,9,34,2,3,11,0,13,2,3.0
4,9,29,2,2,8,1,0,1,0.0
4,9,29,2,1,4,2,1,0,0.0
4,9,29,1,1,1,0,0,0,0.0
4,9,29,2,2,4,3,0,0,2.0
4,9,29,2,2,6,8,0,0,1.0
4,9,29,2,2,4,1,0,0,0.0
4,9,29,1,1,2,2,0,0,0.0
4,9,9,2,2,6,1,4,3,2.0
4,9,29,2,1,2,2,0,0,0.0
4,9,29,1,1,1,0,0,1,0.0
4,9,29,2,2,3,1,3,0,1.0
4,9,29,2,3,6,0,3,2,1.0
4,9,29,2,1,2,0,2,0,0.0
4,9,29,1,1,1,0,1,0,0.0
4,9,29,1,1,2,2,1,0,1.0
4,9,29,2,1,2,0,2,0,0.0
4,9,29,1,1,6,7,0,0,1.0
4,9,29,2,3,7,0,0,16,5.0
4,9,29,2,2,6,4,0,1,1.0
4,9,29,2,1,2,0,2,0,0.0
4,9,29,2,4,7,5,0,0,0.0
4,9,29,1,2,3,0,3,0,0.0
4,9,29,2,3,6,4,1,0,0.0
4,9,29,2,1,3,0,2,0,1.0
4,9,29,1,3,6,1,0,5,1.0
4,9,29,2,4,12,4,4,1,0.0
4,9,29,1,1,1,0,0,1,0.0
4,9,29,2,1,3,3,0,0,0.0
4,9,24,1,1,1,1,0,0,0.0
4,9,29,1,1,2,0,0,1,0.0
4,9,29,2,2,4,2,0,0,0.0
4,9,29,1,1,1,0,0,1,0.0
4,9,29,1,3,4,1,1,0,0.0
4,9,24,1,1,1,1,0,0,0.0
4,9,9,2,3,18,17,5,7,6.0
4,9,29,2,2,3,0,1,0,0.0
4,9,29,2,2,2,0,0,0,0.0
4,9,29,1,1,1,0,1,0,0.0
4,9,29,1,2,3,0,2,0,0.0
4,9,29,2,4,16,4,0,2,2.0
4,9,29,2,1,8,3,2,2,0.0
4,9,29,1,1,1,0,0,1,0.0
4,9,29,2,4,4,0,0,0,0.0
4,9,29,2,2,5,5,0,0,1.0
4,9,29,1,2,3,0,0,0,0.0
4,9,29,1,1,1,0,0,0,1.0
4,9,29,1,1,1,0,0,1,0.0
4,9,29,2,3,3,0,1,0,1.0
4,9,29,1,1,1,0,0,1,0.0
4,9,29,1,2,3,0,3,0,0.0
4,9,29,1,1,2,1,1,0,0.0
4,9,29,2,4,5,1,3,1,0.0
4,9,29,2,2,2,0,0,0,0.0
4,9,29,1,2,6,0,5,0,1.0
4,9,29,2,3,6,4,1,0,1.0
4,9,29,1,1,1,0,1,0,0.0
4,9,29,2,2,5,0,0,2,0.0
4,9,29,1,1,2,0,2,0,0.0
4,9,29,1,1,1,0,0,0,0.0
4,9,29,1,1,1,1,0,0,0.0
4,9,29,1,2,2,0,0,2,0.0
4,9,29,1,2,2,1,1,0,0.0
4,9,29,1,3,10,10,0,1,1.0
4,9,29,2,1,10,7,4,6,7.0
4,9,29,2,3,9,3,5,0,0.0
4,9,29,2,3,10,12,2,0,3.0
4,9,29,2,1,3,0,3,0,0.0
4,9,29,2,3,5,2,0,2,1.0
4,9,29,1,1,1,0,1,0,0.0
4,9,29,1,1,2,1,1,0,0.0
4,9,29,2,2,10,0,10,0,0.0
4,9,29,1,1,1,0,0,1,0.0
4,9,29,1,1,2,2,0,0,0.0
4,9,29,1,1,1,1,0,0,0.0
4,9,29,1,1,2,0,2,0,0.0
4,9,29,2,2,2,0,1,1,0.0
4,9,29,2,2,4,0,2,0,0.0
4,9,29,2,3,6,4,2,0,0.0
4,9,29,2,2,5,0,0,1,0.0
4,9,9,1,1,1,0,0,1,0.0
4,9,29,1,1,1,1,0,0,0.0
4,9,29,2,1,3,0,0,3,1.0
4,9,29,2,2,8,0,6,0,0.0
4,9,29,1,1,2,2,0,0,0.0
4,9,29,2,4,6,0,2,0,0.0
4,9,29,2,3,8,2,1,5,0.0
4,9,29,1,1,2,0,0,0,0.0
4,9,29,2,5,12,0,0,9,0.0
4,9,29,2,4,9,2,0,1,0.0
4,9,46,1,1,1,1,0,0,0.0
4,9,34,2,1,2,2,0,0,0.0
4,9,29,1,1,2,0,2,0,0.0
4,9,29,1,1,1,0,1,0,0.0
4,9,29,2,2,4,0,4,0,0.0
4,9,29,2,5,6,0,0,1,0.0
4,9,9,2,4,5,0,0,6,1.0
4,9,29,2,2,6,6,0,0,0.0
4,9,29,2,3,5,0,2,0,0.0
4,9,29,2,3,3,1,0,0,1.0
4,9,9,2,3,6,1,2,3,0.0
4,9,9,1,1,1,0,0,1,0.0
4,9,29,1,1,1,0,1,0,0.0
4,9,29,1,1,3,0,2,1,0.0
4,9,9,1,1,3,1,1,1,0.0
4,9,29,1,1,1,0,1,0,0.0
4,9,9,2,1,5,2,3,0,0.0
4,9,46,1,1,1,0,0,1,0.0
4,9,46,1,1,1,1,0,0,0.0
4,9,46,1,1,1,1,0,0,0.0
4,9,9,1,1,1,0,2,0,1.0
4,9,29,2,4,13,4,2,0,0.0
4,9,29,1,1,1,1,0,0,0.0
4,9,29,2,4,15,3,1,10,1.0
4,9,29,2,2,2,0,0,0,0.0
4,9,29,2,1,8,1,0,7,0.0
4,9,29,2,3,4,0,0,1,0.0
4,9,29,2,4,5,1,0,0,0.0
4,9,29,2,5,10,4,1,1,0.0
4,9,44,1,1,2,0,2,0,0.0
4,9,29,2,1,3,0,0,3,0.0
4,9,29,1,1,6,1,3,2,0.0
4,9,9,1,1,1,0,0,1,0.0
4,9,29,2,3,5,0,0,4,0.0
4,9,29,1,1,1,0,1,0,0.0
4,9,27,1,1,1,0,0,0,0.0
4,9,24,2,3,19,4,2,14,3.0
4,9,24,1,1,1,0,0,1,0.0
4,9,29,2,1,2,0,0,0,0.0
4,9,29,2,1,2,0,2,0,0.0
4,9,29,1,3,11,11,0,0,0.0
4,9,46,1,2,7,5,0,2,0.0
4,9,41,1,1,4,0,3,1,0.0
4,9,29,1,1,2,0,2,0,0.0
4,9,29,1,2,4,3,0,1,0.0
4,9,29,2,3,5,2,0,1,0.0
4,9,29,2,4,9,0,0,0,0.0
4,9,29,2,2,11,3,5,2,1.0
4,9,29,2,2,6,0,0,0,1.0
4,9,29,2,3,8,0,5,0,0.0
4,10,29,2,2,6,2,0,0,0.0
4,10,9,1,1,1,0,1,0,0.0
4,10,29,2,2,5,1,0,0,0.0
4,10,29,1,2,4,1,2,1,0.0
4,10,9,2,2,9,5,2,2,0.0
4,10,9,1,1,1,1,0,0,0.0
4,10,9,1,1,1,0,0,1,0.0
4,10,9,2,3,4,0,0,4,0.0
4,10,29,2,2,22,2,13,5,4.0
4,10,29,1,1,2,0,2,0,0.0
4,10,29,2,1,2,0,1,0,1.0
4,10,38,2,3,9,1,1,7,0.0
4,10,42,2,1,2,1,0,1,0.0
4,10,38,1,3,5,3,1,0,0.0
4,10,29,1,3,3,1,1,0,0.0
4,10,24,1,1,1,0,0,0,0.0
4,10,29,2,3,5,3,0,2,0.0
4,10,29,1,1,4,7,0,0,2.0
4,10,29,2,3,6,0,0,4,1.0
4,10,29,1,1,2,0,8,0,2.0
4,10,29,1,1,1,1,0,0,0.0
4,10,9,1,1,3,2,0,1,0.0
4,10,9,1,2,5,3,0,2,0.0
4,10,9,1,1,1,0,0,1,0.0
4,10,29,2,4,9,6,2,0,0.0
4,10,9,1,1,1,0,0,1,0.0
4,10,9,1,1,1,1,0,0,0.0
4,10,29,1,1,2,0,1,1,0.0
4,10,29,1,1,3,0,0,3,0.0
4,10,29,2,2,3,0,0,0,2.0
4,10,29,1,1,1,0,0,0,0.0
4,10,24,2,3,11,0,1,2,0.0
4,10,29,2,3,5,2,0,1,0.0
4,10,29,2,3,11,2,0,0,1.0
4,10,29,2,3,5,0,1,3,0.0
4,10,29,2,3,4,2,1,0,3.0
4,10,29,2,2,22,19,2,4,7.0
4,10,24,2,5,25,10,7,1,1.0
4,10,29,1,2,2,0,2,0,0.0
4,10,29,1,1,1,0,0,0,0.0
4,10,29,1,1,1,0,0,0,0.0
4,10,29,2,1,3,0,0,2,0.0
4,10,29,2,2,12,0,13,0,1.0
4,10,29,2,1,2,1,1,0,0.0
4,10,29,2,3,4,0,0,0,0.0
4,10,29,2,4,10,3,0,0,0.0
4,10,24,2,4,11,0,0,0,6.0
4,10,21,2,3,5,1,2,0,0.0
4,10,9,1,3,3,0,0,3,0.0
4,10,9,1,1,1,1,0,0,0.0
4,10,37,2,1,3,0,3,0,0.0
4,10,29,2,2,8,0,1,6,0.0
4,10,29,2,3,8,1,4,0,0.0
4,10,29,1,3,7,3,0,1,0.0
4,10,29,1,2,2,0,0,1,0.0
4,10,29,1,2,5,0,3,0,0.0
4,10,29,2,2,3,0,0,1,0.0
4,10,29,2,3,11,0,5,5,0.0
4,10,29,1,1,1,0,1,0,0.0
4,10,29,1,1,1,0,1,0,0.0
4,10,29,2,3,3,0,1,2,0.0
4,10,29,2,3,7,0,2,5,0.0
4,10,29,1,1,1,1,0,0,0.0
4,10,29,1,1,3,2,0,1,0.0
4,10,29,1,1,1,0,0,0,1.0
4,10,29,1,1,1,0,0,0,0.0
4,10,29,1,2,3,0,0,2,0.0
4,10,29,1,2,4,1,0,2,0.0
4,10,29,2,4,25,2,7,15,0.0
4,10,29,2,2,2,2,0,0,0.0
4,10,29,1,1,2,0,5,0,2.0
4,10,29,1,2,2,0,0,1,0.0
4,10,29,2,1,3,0,1,0,0.0
4,10,29,2,1,2,4,0,0,1.0
4,10,29,1,1,2,3,0,0,2.0
4,10,29,2,4,16,8,0,8,0.0
4,10,24,1,1,1,0,2,0,1.0
4,10,34,1,1,1,0,1,0,0.0
4,10,29,2,3,3,2,0,1,0.0
4,10,29,2,4,12,3,0,9,3.0
4,10,29,2,1,4,5,0,0,1.0
4,10,29,2,2,4,1,2,1,0.0
4,10,9,1,1,1,1,0,0,0.0
4,10,29,2,2,2,1,0,0,0.0
4,10,29,2,2,10,0,10,0,0.0
4,10,29,1,1,2,0,2,0,0.0
4,10,29,1,1,1,0,0,1,0.0
4,10,29,2,2,9,2,3,4,0.0
4,10,29,2,4,13,0,2,0,0.0
4,10,29,2,4,4,3,0,0,0.0
4,10,29,2,2,5,2,0,3,0.0
4,10,29,2,1,4,0,0,1,2.0
4,10,29,2,1,2,2,0,0,0.0
4,10,30,1,1,1,0,0,0,0.0
4,10,29,1,1,1,1,0,0,0.0
4,10,29,2,2,6,4,0,1,1.0
4,10,29,1,2,4,0,4,0,0.0
4,10,29,1,1,3,0,0,4,1.0
4,10,29,2,3,6,0,1,4,0.0
4,10,29,2,2,6,0,3,3,0.0
4,10,29,2,4,14,3,1,8,2.0
4,10,29,1,1,2,0,1,0,0.0
4,10,29,1,1,1,0,0,0,0.0
4,10,29,2,2,8,0,8,1,2.0
4,10,29,1,1,1,0,0,0,0.0
4,10,29,2,1,31,1,10,8,0.0
4,10,29,2,3,4,0,0,0,0.0
4,10,29,2,3,16,1,4,4,1.0
4,10,29,1,1,1,0,0,1,0.0
4,10,29,1,1,1,0,1,0,0.0
4,10,29,1,1,2,2,0,0,0.0
4,10,29,1,1,1,1,0,0,0.0
4,10,29,2,2,4,0,1,0,0.0
4,10,29,2,3,7,4,2,1,0.0
4,10,29,2,2,4,0,4,0,0.0
4,10,29,2,4,7,3,0,1,0.0
4,10,29,2,3,6,0,0,6,0.0
4,10,29,1,1,1,0,1,0,0.0
4,10,29,1,1,2,0,1,1,0.0
4,10,29,2,2,3,3,0,0,0.0
4,10,29,2,3,12,0,6,9,3.0
4,10,29,2,5,9,0,0,4,1.0
4,10,29,2,2,3,1,0,0,0.0
4,10,29,2,3,48,8,15,20,0.0
4,10,24,1,2,2,1,1,0,0.0
4,10,29,2,4,5,1,0,0,1.0
4,10,9,2,3,4,1,0,5,2.0
4,10,29,1,1,1,1,0,0,0.0
4,10,29,1,1,1,0,0,0,0.0
4,10,29,1,1,1,0,0,1,0.0
4,10,29,2,1,3,0,0,5,1.0
4,10,29,2,3,18,7,6,4,4.0
4,10,29,2,1,9,5,0,2,0.0
4,10,29,1,1,1,1,0,0,0.0
4,10,29,1,1,1,1,0,0,0.0
4,10,29,2,3,5,1,1,3,0.0
4,10,29,2,2,4,3,1,0,0.0
4,10,29,2,2,12,2,8,1,0.0
4,10,29,1,2,8,0,4,3,0.0
4,10,29,2,3,41,22,28,18,14.0
4,10,29,1,1,1,0,1,0,0.0
4,10,29,1,1,1,1,0,0,0.0
4,10,29,2,5,11,1,5,3,1.0
4,10,29,1,1,1,1,0,0,0.0
4,10,29,2,1,3,0,4,0,1.0
4,10,29,2,3,8,5,0,1,0.0
4,10,29,2,2,5,0,3,0,0.0
4,10,9,1,2,4,0,3,1,0.0
4,10,29,1,1,1,0,0,1,0.0
4,10,29,1,1,1,0,0,0,0.0
4,10,29,2,3,15,12,5,0,1.0
4,10,29,1,1,1,0,0,1,0.0
4,10,29,2,2,9,4,6,0,1.0
4,10,29,1,1,3,0,0,1,0.0
4,10,29,1,1,2,0,2,0,0.0
4,10,29,1,1,2,2,0,0,0.0
4,10,29,1,1,1,0,0,0,0.0
4,10,29,2,1,11,4,6,1,1.0
4,10,29,2,1,6,1,4,1,0.0
4,10,29,1,3,6,0,0,0,0.0
4,10,29,2,2,5,0,4,1,0.0
4,10,9,2,2,2,0,0,3,1.0
4,10,29,2,3,5,2,1,2,0.0
4,10,29,1,1,1,0,0,1,0.0
4,10,9,2,3,17,3,12,5,3.0
4,10,9,1,1,2,1,0,1,0.0
4,10,29,1,1,2,0,2,0,0.0
4,10,29,2,1,2,0,0,2,0.0
4,10,29,2,3,8,9,0,0,1.0
4,10,29,2,3,10,2,4,1,1.0
4,10,46,1,1,2,1,1,0,0.0
4,10,29,1,1,1,0,1,0,0.0
4,10,29,1,1,1,0,0,1,0.0
4,10,29,2,1,2,0,1,0,0.0
4,10,29,2,2,3,0,0,0,0.0
4,10,29,2,2,2,2,0,0,0.0
4,10,29,1,1,3,0,3,0,0.0
4,10,29,2,2,3,0,2,0,0.0
4,10,29,2,2,3,0,0,0,0.0
4,10,29,2,3,9,4,5,0,0.0
4,10,29,1,2,6,1,3,2,0.0
4,10,9,2,1,12,19,0,1,8.0
4,10,34,2,2,7,5,1,3,2.0
4,10,29,2,3,10,14,1,0,3.0
4,10,29,2,4,16,0,10,6,1.0
4,10,29,1,1,1,0,0,0,0.0
4,10,29,1,1,1,2,0,0,1.0
4,10,29,2,3,5,0,1,3,0.0
4,10,29,1,1,4,0,4,0,0.0
4,10,29,2,3,8,0,4,0,1.0
4,10,29,2,3,7,4,0,1,0.0
4,10,29,2,2,4,2,0,2,0.0
4,10,29,1,1,1,0,0,0,0.0
4,10,29,1,1,1,0,1,0,0.0
4,10,29,1,1,2,0,2,0,0.0
4,10,29,1,1,1,0,0,0,0.0
4,10,29,2,2,11,2,0,1,1.0
4,10,9,2,3,4,1,0,3,0.0
4,10,29,1,1,1,0,0,0,1.0
4,10,29,1,2,2,0,0,1,0.0
4,10,29,1,1,1,0,1,0,0.0
4,10,9,2,3,5,5,0,0,0.0
4,10,9,1,1,5,6,0,1,2.0
4,10,29,2,2,3,2,0,0,0.0
4,10,46,1,1,1,0,1,0,0.0
4,10,46,1,1,1,0,1,0,0.0
4,10,46,1,1,1,0,0,1,0.0
4,10,46,1,1,1,0,1,0,0.0
4,10,46,1,1,1,0,1,0,0.0
4,10,46,1,1,1,0,0,1,0.0
4,10,46,1,1,1,1,0,0,0.0
4,10,46,1,1,1,0,0,1,0.0
4,10,9,2,2,7,7,0,0,0.0
4,10,9,1,1,6,2,0,4,0.0
4,10,29,1,1,2,2,0,0,0.0
4,10,9,1,1,2,2,0,0,0.0
4,10,29,1,1,1,1,0,0,0.0
4,10,29,1,1,1,0,1,0,0.0
4,10,29,2,4,22,0,17,2,1.0
4,10,29,1,1,1,0,1,0,0.0
4,10,29,1,3,7,0,0,8,1.0
4,10,44,2,4,6,0,2,5,1.0
4,10,29,2,2,4,1,0,0,0.0
4,10,29,1,3,5,4,1,0,0.0
4,10,29,1,2,2,0,1,1,0.0
4,10,29,2,2,3,1,2,0,0.0
4,10,29,2,1,8,6,3,0,1.0
4,10,9,1,1,2,0,1,1,0.0
4,10,9,2,2,10,7,2,1,0.0
4,10,9,2,3,8,0,4,5,1.0
4,10,9,1,3,13,17,0,0,3.0
4,10,9,2,2,5,1,1,3,0.0
4,10,29,2,2,6,6,0,1,1.0
4,10,9,2,2,6,4,2,0,0.0
4,10,24,2,4,20,11,1,7,2.0
4,10,29,2,5,11,1,0,2,1.0
4,10,29,2,2,2,0,2,0,0.0
4,10,29,1,1,1,0,0,1,0.0
4,10,29,2,1,2,2,0,0,0.0
4,10,46,2,4,6,0,1,1,0.0
4,10,29,2,4,13,1,6,7,1.0
4,10,9,1,2,2,3,0,0,1.0
4,10,44,2,1,2,1,0,1,0.0
4,10,29,2,4,5,1,2,0,0.0
4,10,29,1,2,2,0,1,0,0.0
4,10,24,1,1,1,0,0,1,0.0
4,10,29,2,1,2,0,1,1,0.0
4,10,29,2,2,3,2,0,1,0.0
4,10,29,2,5,10,2,1,0,0.0
4,10,29,2,2,6,0,7,2,1.0
4,10,29,2,3,5,2,1,2,0.0
4,10,29,2,1,4,0,0,0,0.0
4,11,29,2,4,8,0,0,3,0.0
4,11,29,2,4,7,0,0,6,0.0
4,11,9,1,1,1,0,0,1,0.0
4,11,29,2,3,6,1,0,5,0.0
4,11,29,2,2,5,2,2,0,0.0
4,11,9,1,2,2,0,0,2,0.0
4,11,9,1,1,3,5,0,0,2.0
4,11,29,2,3,8,0,0,8,0.0
4,11,14,2,3,9,3,4,2,0.0
4,11,9,1,1,1,1,0,0,0.0
4,11,29,2,2,8,0,6,1,0.0
4,11,29,2,1,3,3,0,0,0.0
4,11,29,1,1,1,0,1,0,0.0
4,11,29,2,3,5,0,1,4,1.0
4,11,29,2,5,33,18,2,11,5.0
4,11,24,2,2,3,0,4,0,1.0
4,11,24,1,1,3,3,0,0,0.0
4,11,24,1,1,1,1,0,0,0.0
4,11,29,2,1,3,0,0,2,0.0
4,11,9,2,4,13,1,7,9,4.0
4,11,29,2,5,19,0,4,1,4.0
4,11,29,1,1,2,0,2,0,0.0
4,11,29,1,1,1,0,1,0,0.0
4,11,29,2,2,3,0,0,0,0.0
4,11,41,2,4,11,4,4,3,0.0
4,11,9,2,2,4,0,2,3,1.0
4,11,29,2,3,9,3,6,5,2.0
4,11,9,2,1,6,2,1,3,0.0
4,11,9,2,2,5,1,3,1,0.0
4,11,9,2,4,8,2,0,6,0.0
4,11,24,1,1,1,0,1,0,0.0
4,11,29,1,1,1,1,0,0,0.0
4,11,29,2,3,5,2,0,3,0.0
4,11,9,1,1,6,4,0,2,0.0
4,11,24,2,1,4,4,0,0,1.0
4,11,41,1,3,6,1,0,4,0.0
4,11,24,2,2,6,0,0,1,3.0
4,11,24,2,3,5,4,0,2,1.0
4,11,24,1,1,1,0,0,2,1.0
4,11,24,1,1,1,0,1,0,0.0
4,11,9,2,1,3,0,0,3,0.0
4,11,29,1,1,1,1,0,0,0.0
4,11,29,2,2,4,0,0,2,0.0
4,11,29,2,4,16,2,3,0,0.0
4,11,29,2,1,5,3,0,0,0.0
4,11,29,1,1,1,0,1,0,0.0
4,11,21,1,1,1,0,0,0,1.0
4,11,29,2,1,2,0,0,2,0.0
4,11,29,2,1,4,0,0,0,0.0
4,11,29,1,1,1,0,0,0,0.0
4,11,29,2,3,7,1,3,0,0.0
4,11,29,2,2,4,0,2,2,0.0
4,11,29,2,3,3,2,0,0,0.0
4,11,9,1,1,1,1,0,0,0.0
4,11,9,1,1,6,0,6,0,0.0
4,11,9,2,4,11,9,0,2,0.0
4,11,24,2,2,3,2,0,1,2.0
4,11,24,2,1,2,1,0,1,0.0
4,11,24,1,1,2,1,1,0,0.0
4,11,29,1,2,5,6,0,0,1.0
4,11,9,2,3,15,8,3,4,0.0
4,11,29,2,4,14,3,4,1,0.0
4,11,29,1,1,1,0,0,1,0.0
4,11,29,2,3,4,0,0,4,0.0
4,11,29,2,2,9,1,2,5,0.0
4,11,29,2,2,2,0,1,1,0.0
4,11,9,2,2,9,9,0,0,0.0
4,11,9,2,1,6,1,2,3,0.0
4,11,29,1,3,6,0,2,4,0.0
4,11,29,2,3,5,1,2,2,0.0
4,11,29,1,1,2,2,0,0,0.0
4,11,29,2,2,6,0,1,4,1.0
4,11,29,1,1,1,0,0,1,0.0
4,11,29,1,1,1,0,0,1,0.0
4,11,29,2,4,13,9,0,3,7.0
4,11,29,1,1,1,0,0,1,0.0
4,11,29,1,1,1,1,0,0,0.0
4,11,29,2,3,12,8,3,2,1.0
4,11,29,2,3,15,3,2,9,1.0
4,11,29,2,1,6,2,0,3,0.0
4,11,29,1,1,1,1,0,0,0.0
4,11,29,1,1,2,2,0,0,0.0
4,11,29,2,4,6,1,3,0,1.0
4,11,29,2,2,9,2,4,2,0.0
4,11,29,1,1,1,0,0,0,1.0
4,11,29,1,1,1,1,0,0,0.0
4,11,29,1,1,2,0,7,0,2.0
4,11,29,1,1,1,0,1,0,0.0
4,11,29,2,4,10,4,0,5,0.0
4,11,29,1,1,1,1,0,0,0.0
4,11,29,1,1,1,0,0,0,0.0
4,11,29,2,1,2,1,1,0,0.0
4,11,29,2,3,6,1,3,2,0.0
4,11,29,1,2,2,2,0,0,0.0
4,11,24,2,2,7,4,2,1,0.0
4,11,29,2,2,7,3,2,3,1.0
4,11,29,2,4,26,2,7,0,3.0
4,11,29,2,2,5,1,0,0,1.0
4,11,29,1,1,1,0,1,0,0.0
4,11,29,1,1,1,0,0,1,0.0
4,11,29,1,1,1,1,0,0,0.0
4,11,29,2,2,4,1,2,0,0.0
4,11,29,1,1,1,0,0,1,0.0
4,11,29,1,1,1,0,0,0,0.0
4,11,29,2,2,6,0,5,0,0.0
4,11,29,1,1,1,0,1,0,0.0
4,11,29,2,2,10,6,0,3,1.0
4,11,29,2,2,5,1,2,1,0.0
4,11,29,2,4,9,4,2,0,1.0
4,11,29,1,2,3,0,2,1,0.0
4,11,29,2,2,3,0,0,3,0.0
4,11,29,1,1,1,0,0,0,0.0
4,11,29,1,1,1,0,0,1,0.0
4,11,29,2,2,14,1,7,7,1.0
4,11,29,2,4,27,1,11,19,6.0
4,11,29,1,1,3,0,0,2,0.0
4,11,29,2,4,9,0,3,4,0.0
4,11,29,1,1,4,7,0,0,3.0
4,11,29,1,1,1,0,1,0,0.0
4,11,29,2,2,4,3,0,1,0.0
4,11,29,1,1,1,0,1,0,0.0
4,11,29,2,2,2,0,1,0,0.0
4,11,29,2,4,4,2,0,3,1.0
4,11,29,2,2,3,0,0,2,0.0
4,11,29,1,2,2,2,0,0,0.0
4,11,29,2,2,4,0,0,0,0.0
4,11,29,2,3,11,6,0,0,1.0
4,11,24,2,3,3,0,1,1,0.0
4,11,24,2,2,2,1,0,1,0.0
4,11,29,1,1,1,0,0,0,1.0
4,11,29,2,1,9,3,5,2,1.0
4,11,29,2,2,3,0,5,0,1.0
4,11,29,1,1,1,0,0,0,0.0
4,11,29,1,1,1,1,0,0,0.0
4,11,29,2,2,4,1,0,0,1.0
4,11,29,2,3,7,2,1,3,0.0
4,11,29,2,3,14,2,0,6,0.0
4,11,29,1,1,4,0,0,2,0.0
4,11,29,2,2,7,0,2,5,0.0
4,11,9,2,1,4,0,0,4,0.0
4,11,29,2,3,5,1,0,4,0.0
4,11,29,2,2,3,3,0,0,0.0
4,11,29,2,3,6,0,0,6,0.0
4,11,29,1,1,1,1,0,0,0.0
4,11,29,1,1,1,1,0,0,0.0
4,11,29,2,2,3,0,0,0,0.0
4,11,29,1,1,1,0,0,0,0.0
4,11,29,1,1,1,1,0,0,0.0
4,11,29,2,1,4,0,4,0,0.0
4,11,29,2,3,9,3,0,6,1.0
4,11,29,2,2,4,0,0,0,0.0
4,11,29,1,1,1,0,2,0,1.0
4,11,29,2,1,4,2,0,2,0.0
4,11,29,2,2,6,3,1,1,0.0
4,11,29,2,5,8,0,0,0,0.0
4,11,29,1,1,1,0,0,1,0.0
4,11,29,2,1,9,0,5,4,0.0
4,11,29,2,2,4,2,0,0,0.0
4,11,29,1,1,1,0,0,0,0.0
4,11,29,1,3,6,2,4,2,1.0
4,11,29,2,3,18,1,14,2,0.0
4,11,29,2,2,9,2,4,1,0.0
4,11,29,1,1,1,0,0,1,0.0
4,11,22,2,3,10,13,0,0,3.0
4,11,29,2,2,2,0,0,0,0.0
4,11,29,2,1,3,0,3,1,1.0
4,11,29,1,2,4,2,2,0,0.0
4,11,29,2,1,4,3,1,0,0.0
4,11,29,1,1,1,0,1,0,0.0
4,11,29,2,1,4,0,0,0,0.0
4,11,29,2,2,3,2,0,1,0.0
4,11,29,2,4,8,3,1,0,0.0
4,11,29,2,1,4,0,0,4,0.0
4,11,29,2,1,4,4,0,0,0.0
4,11,29,2,2,3,2,0,1,0.0
4,11,29,1,1,3,1,0,2,0.0
4,11,9,1,1,1,0,0,1,0.0
4,11,9,2,1,2,1,1,0,0.0
4,11,29,1,2,2,1,1,0,0.0
4,11,29,2,1,4,0,5,1,2.0
4,11,16,1,1,1,0,0,0,0.0
4,11,16,1,1,1,0,0,1,0.0
4,11,16,1,1,1,0,0,0,1.0
4,11,16,1,1,2,0,0,0,1.0
4,11,29,2,1,12,0,0,0,0.0
4,11,29,2,3,22,2,9,0,6.0
4,11,29,2,3,13,4,4,5,1.0
4,11,29,2,3,19,7,7,5,1.0
4,11,29,1,2,3,0,3,0,0.0
4,11,29,1,1,1,0,1,0,0.0
4,11,29,2,4,25,9,4,12,0.0
4,11,29,1,1,1,0,0,1,0.0
4,11,29,1,2,3,0,0,3,0.0
4,11,29,1,1,1,0,1,0,0.0
4,11,29,1,3,5,2,0,4,1.0
4,11,29,1,3,9,4,0,4,0.0
4,11,43,2,2,2,1,1,0,0.0
4,11,29,1,1,1,0,0,0,0.0
4,11,29,1,3,11,0,13,3,2.0
4,11,29,1,1,1,1,0,0,0.0
4,11,29,2,5,18,1,5,9,2.0
4,11,9,1,1,1,1,0,0,0.0
4,11,9,1,1,1,0,0,2,1.0
4,11,9,1,3,4,4,0,0,0.0
4,11,29,2,1,5,0,3,0,0.0
4,11,46,1,1,1,1,0,0,0.0
4,11,46,1,1,1,0,1,0,0.0
4,11,9,1,2,2,0,1,1,0.0
4,11,29,1,1,1,1,0,0,0.0
4,11,29,1,1,1,0,0,2,1.0
4,11,29,2,3,7,1,0,5,0.0
4,11,29,1,2,2,0,2,0,0.0
4,11,29,2,3,9,0,2,7,0.0
4,11,46,2,2,3,0,3,0,0.0
4,11,29,2,1,3,3,0,0,0.0
4,11,29,2,3,8,0,0,0,0.0
4,11,29,1,1,2,0,2,0,0.0
4,11,9,1,2,2,0,0,6,1.0
4,11,29,1,1,1,0,1,0,0.0
4,11,29,1,1,1,0,1,0,0.0
4,11,24,1,2,4,5,1,0,2.0
4,11,23,2,3,16,17,0,6,5.0
4,11,34,1,1,1,0,0,1,0.0
4,11,29,1,2,7,1,6,0,0.0
4,11,29,2,1,10,4,2,3,0.0
4,11,29,1,1,1,0,0,1,0.0
4,11,29,1,1,1,1,0,0,0.0
4,11,29,2,2,2,0,0,0,0.0
4,11,29,2,2,17,3,5,2,1.0
4,11,29,2,1,10,1,1,0,2.0
4,11,29,1,2,3,2,1,0,0.0
4,11,29,2,4,9,0,0,5,0.0
4,11,44,2,3,12,6,2,2,0.0
4,11,29,2,1,8,3,5,2,2.0
4,11,29,2,2,8,0,8,0,0.0
4,12,29,2,2,13,4,6,4,1.0
4,12,29,1,1,2,1,0,0,0.0
4,12,29,1,1,1,0,0,1,0.0
4,12,29,1,1,2,1,0,0,0.0
4,12,29,2,3,7,0,6,3,2.0
4,12,9,2,2,3,0,1,2,0.0
4,12,9,1,1,2,1,0,1,0.0
4,12,9,1,1,8,2,6,2,2.0
4,12,9,1,1,1,0,1,0,0.0
4,12,29,1,2,3,1,0,2,0.0
4,12,42,2,1,2,2,0,0,0.0
4,12,9,2,2,3,1,0,2,0.0
4,12,29,2,3,10,4,4,2,0.0
4,12,29,2,1,9,3,1,2,1.0
4,12,29,1,1,1,0,0,1,0.0
4,12,29,2,3,4,2,1,1,0.0
4,12,29,1,1,9,6,0,1,0.0
4,12,29,2,4,15,1,3,6,0.0
4,12,29,1,1,4,0,4,0,0.0
4,12,29,1,1,3,0,1,0,0.0
4,12,22,2,2,6,0,5,1,0.0
4,12,29,2,1,5,0,0,4,0.0
4,12,29,1,1,1,0,0,0,1.0
4,12,29,1,1,1,0,0,0,0.0
4,12,29,1,1,3,3,0,0,0.0
4,12,29,1,1,1,0,0,0,1.0
4,12,29,2,3,6,0,2,0,0.0
4,12,29,2,4,22,1,1,7,4.0
4,12,29,1,1,1,0,1,0,0.0
4,12,29,1,1,2,0,1,1,0.0
4,12,24,1,2,2,0,0,0,0.0
4,12,24,2,3,12,3,0,17,4.0
4,12,29,1,3,6,5,1,0,0.0
4,12,29,2,3,3,0,0,0,0.0
4,12,29,2,2,10,3,3,0,2.0
4,12,29,1,2,2,0,0,2,0.0
4,12,29,1,1,4,0,1,3,0.0
4,12,9,2,3,10,12,0,0,2.0
4,12,9,2,3,9,7,0,2,0.0
4,12,29,2,2,15,0,0,6,1.0
4,12,29,1,1,3,4,0,0,1.0
4,12,29,1,1,1,1,0,0,0.0
4,12,29,2,5,14,5,2,1,1.0
4,12,29,1,2,3,0,0,1,0.0
4,12,9,2,3,5,3,1,1,0.0
4,12,24,1,2,2,2,0,0,0.0
4,12,29,1,2,9,2,8,0,1.0
4,12,29,2,2,14,3,5,5,0.0
4,12,9,1,1,1,0,0,1,0.0
4,12,29,2,4,13,2,2,3,1.0
4,12,29,1,1,3,2,0,0,0.0
4,12,29,1,2,3,0,3,0,0.0
4,12,29,1,1,1,0,0,1,0.0
4,12,29,1,1,6,6,0,0,1.0
4,12,29,1,2,2,0,2,0,0.0
4,12,29,2,3,25,21,0,0,1.0
4,12,29,2,2,2,2,0,0,0.0
4,12,29,1,1,2,2,0,0,0.0
4,12,29,1,2,4,0,0,3,0.0
4,12,29,2,1,2,0,0,0,0.0
4,12,29,2,3,11,0,0,0,0.0
4,12,29,1,1,1,0,1,0,0.0
4,12,29,1,2,6,0,4,3,1.0
4,12,29,2,3,18,6,4,3,0.0
4,12,29,2,3,11,0,3,8,0.0
4,12,29,2,3,11,3,0,4,0.0
4,12,29,2,4,18,8,4,1,3.0
4,12,29,1,1,1,0,0,0,0.0
4,12,29,2,1,3,0,3,0,0.0
4,12,29,1,3,13,8,7,1,2.0
4,12,29,1,1,2,1,0,0,0.0
4,12,29,1,1,2,1,1,0,0.0
4,12,29,2,3,11,3,9,0,1.0
4,12,29,1,5,9,2,5,0,0.0
4,12,29,1,1,1,0,0,1,0.0
4,12,29,2,1,4,3,0,1,0.0
4,12,29,1,1,2,0,1,0,0.0
4,12,29,2,4,13,0,0,7,2.0
4,12,29,2,2,6,0,6,5,4.0
4,12,29,1,1,1,0,0,1,0.0
4,12,29,2,4,34,0,0,23,0.0
4,12,29,2,3,9,0,2,2,0.0
4,12,29,1,2,2,0,0,1,0.0
4,12,29,1,1,2,0,0,2,0.0
4,12,29,1,1,1,0,0,1,0.0
4,12,29,2,3,13,0,0,13,0.0
4,12,29,2,3,7,5,0,4,2.0
4,12,44,2,1,5,3,0,2,0.0
4,12,24,2,3,4,3,0,1,0.0
4,12,29,2,3,15,0,0,10,0.0
4,12,29,1,2,2,0,0,2,0.0
4,12,29,1,1,1,0,0,0,0.0
4,12,29,1,1,1,0,1,0,0.0
4,12,29,2,2,4,1,4,0,1.0
4,12,29,1,1,2,0,0,2,0.0
4,12,29,1,1,1,1,0,0,0.0
4,12,29,1,1,2,2,0,0,0.0
4,12,29,1,1,1,0,0,0,0.0
4,12,29,2,2,10,2,8,0,0.0
4,12,29,1,2,2,0,0,0,0.0
4,12,29,2,1,2,0,0,0,0.0
4,12,29,1,1,1,1,0,0,0.0
4,12,29,2,2,5,0,2,5,2.0
4,12,29,1,1,1,0,0,0,0.0
4,12,29,2,3,4,0,1,2,0.0
4,12,29,1,1,1,0,0,0,0.0
4,12,29,2,4,7,0,0,0,0.0
4,12,29,1,1,1,0,0,0,0.0
4,12,29,2,3,4,0,0,0,0.0
4,12,29,2,1,3,0,0,0,0.0
4,12,29,1,2,4,1,2,1,0.0
4,12,29,1,1,2,0,0,2,0.0
4,12,29,2,2,3,3,0,0,0.0
4,12,29,1,1,1,0,2,0,1.0
4,12,29,1,1,1,0,0,0,0.0
4,12,29,2,2,6,4,0,0,0.0
4,12,29,2,1,2,1,0,1,0.0
4,12,29,2,2,8,1,3,1,0.0
4,12,29,2,3,5,2,0,3,0.0
4,12,46,2,1,8,2,1,5,0.0
4,12,9,2,1,2,2,0,0,0.0
4,12,29,2,5,21,12,5,0,3.0
4,12,9,2,1,7,0,1,6,0.0
4,12,29,2,4,5,1,1,0,0.0
4,12,29,2,1,2,0,2,0,0.0
4,12,29,2,2,4,4,0,0,0.0
4,12,29,2,5,16,3,2,3,2.0
4,12,29,1,1,1,1,0,0,0.0
4,12,29,1,3,9,4,2,3,0.0
4,12,29,2,4,15,0,4,0,0.0
4,12,29,2,1,4,0,4,0,0.0
4,12,29,1,1,1,0,0,1,0.0
4,12,29,1,2,2,0,0,0,0.0
4,12,29,2,2,5,6,0,0,1.0
4,12,29,2,2,10,8,0,3,1.0
4,12,29,1,2,3,0,1,2,0.0
4,12,9,1,1,1,0,0,1,0.0
4,12,29,2,2,6,4,0,2,0.0
4,12,9,2,3,7,1,0,6,0.0
4,12,9,2,1,2,0,0,2,0.0
4,12,9,2,1,13,13,4,1,2.0
4,12,29,2,4,17,6,0,3,3.0
4,12,29,1,3,3,0,0,0,0.0
4,12,9,2,3,8,0,6,5,3.0
4,12,9,2,1,5,1,4,1,1.0
4,12,29,2,3,10,8,0,0,2.0
4,12,47,1,1,2,2,0,0,0.0
4,12,46,1,1,1,1,0,0,0.0
4,12,46,1,1,1,0,0,1,0.0
4,12,29,1,1,3,2,0,1,0.0
4,12,29,2,3,7,0,0,0,1.0
4,12,29,1,1,1,0,0,1,0.0
4,12,29,1,1,2,1,0,1,0.0
4,12,29,2,4,7,1,2,0,0.0
4,12,29,2,2,4,0,0,4,0.0
4,12,29,1,1,3,1,0,2,0.0
4,12,29,1,1,1,0,0,0,0.0
4,12,29,1,1,1,1,0,0,0.0
4,12,29,1,1,1,0,1,0,0.0
4,12,29,2,3,7,3,0,0,0.0
4,12,29,2,4,15,0,6,3,1.0
4,12,29,1,2,2,0,2,0,0.0
4,12,29,1,2,2,0,0,2,0.0
4,12,29,2,1,4,4,1,0,1.0
4,12,9,1,1,1,1,0,0,0.0
4,12,9,2,1,4,0,1,1,0.0
4,12,29,2,1,2,0,0,1,0.0
4,12,29,2,3,3,0,0,0,0.0
4,12,29,1,1,4,4,0,0,0.0
4,12,29,1,1,3,0,3,0,2.0
4,12,29,1,1,1,0,1,0,0.0
4,12,29,2,2,2,0,1,0,0.0
4,12,9,2,3,15,11,0,6,2.0
4,12,29,1,1,2,0,2,0,0.0
4,12,9,2,3,27,10,8,20,5.0
4,13,29,2,5,9,1,0,2,0.0
4,13,9,2,2,4,6,1,0,1.0
4,13,9,2,2,9,1,1,7,0.0
4,13,29,1,1,1,0,0,0,0.0
4,13,9,1,1,1,1,0,0,0.0
4,13,29,2,2,7,3,5,2,3.0
4,13,29,2,5,8,9,0,3,4.0
4,13,24,2,4,8,3,0,3,0.0
4,13,24,1,2,2,2,0,1,1.0
4,13,24,2,2,3,0,3,0,0.0
4,13,29,2,2,4,0,0,2,0.0
4,13,29,2,1,2,2,0,0,0.0
4,13,9,1,1,1,1,0,0,0.0
4,13,29,2,2,15,6,9,2,2.0
4,13,9,2,3,5,4,0,1,0.0
4,13,29,1,3,4,1,0,2,0.0
4,13,38,2,2,4,1,0,3,0.0
4,13,29,1,1,1,0,0,0,0.0
4,13,29,2,1,2,0,0,0,0.0
4,13,24,2,3,9,9,0,1,4.0
4,13,29,2,4,7,1,0,2,0.0
4,13,24,1,1,3,0,3,0,0.0
4,13,29,1,2,2,1,0,1,0.0
4,13,29,2,1,2,0,2,0,0.0
4,13,29,1,1,1,0,0,1,0.0
4,13,29,2,2,13,11,0,0,1.0
4,13,41,1,1,2,1,0,1,0.0
4,13,29,2,3,15,4,7,4,0.0
4,13,17,1,1,1,0,2,0,1.0
4,13,29,1,1,1,0,0,0,0.0
4,13,29,2,4,33,12,3,9,3.0
4,13,21,1,1,3,3,0,0,0.0
4,13,29,2,2,2,2,0,0,0.0
4,13,29,2,2,4,4,0,0,0.0
4,13,29,2,2,6,0,5,1,0.0
4,13,24,2,3,8,0,1,7,0.0
4,13,9,2,3,7,5,3,2,3.0
4,13,29,2,2,3,0,0,3,0.0
4,13,29,2,3,8,4,0,5,1.0
4,13,29,1,1,1,0,1,0,0.0
4,13,29,2,3,8,1,0,6,0.0
4,13,29,2,4,8,0,3,1,0.0
4,13,29,1,1,1,0,1,0,0.0
4,13,29,1,1,3,1,0,0,1.0
4,13,29,1,1,1,0,0,0,0.0
4,13,29,1,1,2,0,2,0,0.0
4,13,29,2,3,7,2,1,3,0.0
4,13,29,2,2,7,5,0,1,0.0
4,13,29,2,2,3,1,2,0,0.0
4,13,29,2,4,18,10,1,0,0.0
4,13,29,2,1,4,2,0,1,0.0
4,13,29,1,1,1,0,1,0,0.0
4,13,29,2,3,3,0,3,0,1.0
4,13,29,2,2,4,0,3,0,0.0
4,13,29,1,1,1,0,1,0,0.0
4,13,29,1,1,1,1,0,0,0.0
4,13,29,1,1,1,1,0,0,0.0
4,13,29,1,1,2,0,2,0,0.0
4,13,29,1,1,1,0,2,0,1.0
4,13,29,2,4,17,9,5,10,5.0
4,13,29,1,2,2,1,0,0,0.0
4,13,29,2,3,8,1,3,2,0.0
4,13,29,2,3,9,2,1,3,0.0
4,13,29,2,3,5,0,0,3,1.0
4,13,29,1,3,3,0,1,2,0.0
4,13,29,1,1,1,0,2,0,1.0
4,13,29,1,1,1,0,1,0,0.0
4,13,29,2,1,6,4,0,0,0.0
4,13,29,2,3,5,2,0,3,0.0
4,13,29,2,2,4,4,0,0,0.0
4,13,29,1,1,1,0,0,1,0.0
4,13,29,2,3,13,0,4,4,0.0
4,13,29,2,2,5,0,0,0,0.0
4,13,29,2,4,9,0,0,5,0.0
4,13,29,2,3,5,3,2,0,0.0
4,13,29,1,1,1,0,1,0,0.0
4,13,29,2,4,10,1,6,3,1.0
4,13,29,2,2,21,14,0,1,1.0
4,13,29,2,2,2,0,0,1,0.0
4,13,29,2,3,5,2,2,0,2.0
4,13,44,1,1,1,1,0,0,0.0
4,13,29,2,2,6,5,1,0,0.0
4,13,29,2,2,30,0,0,0,0.0
4,13,24,1,1,1,0,0,1,0.0
4,13,29,1,1,2,2,0,0,0.0
4,13,29,2,3,9,0,3,2,1.0
4,13,29,2,1,5,1,0,1,0.0
4,13,29,1,1,1,0,0,1,0.0
4,13,29,1,1,3,0,3,0,0.0
4,13,29,1,1,1,1,0,0,0.0
4,13,29,2,3,6,3,2,0,0.0
4,13,29,1,1,1,0,1,0,0.0
4,13,29,2,1,4,0,0,0,0.0
4,13,29,1,2,5,0,2,3,0.0
4,13,15,1,2,4,0,5,0,1.0
4,13,29,2,4,16,0,4,5,0.0
4,13,29,2,3,5,1,0,5,1.0
4,13,29,1,1,3,0,3,0,0.0
4,13,29,1,1,4,1,2,1,0.0
4,13,29,2,2,8,0,4,1,0.0
4,13,29,1,1,2,0,0,0,0.0
4,13,29,1,3,3,0,0,0,1.0
4,13,29,1,1,1,1,0,0,0.0
4,13,29,2,1,6,6,0,0,0.0
4,13,29,1,1,1,0,1,0,0.0
4,13,29,1,1,1,0,1,0,0.0
4,13,29,1,1,1,0,0,1,0.0
4,13,29,2,3,5,0,1,4,0.0
4,13,46,2,1,7,3,2,0,0.0
4,13,29,1,2,2,1,0,0,0.0
4,13,29,2,1,9,9,0,2,2.0
4,13,29,1,3,5,2,0,0,0.0
4,13,29,1,1,1,0,0,1,0.0
4,13,29,1,1,1,1,0,0,0.0
4,13,29,1,1,3,3,0,0,0.0
4,13,29,1,1,1,0,0,1,0.0
4,13,29,1,1,1,1,0,0,0.0
4,13,29,1,2,2,1,0,0,0.0
4,13,29,1,1,1,1,0,0,0.0
4,13,9,1,1,1,1,0,0,0.0
4,13,29,1,1,1,0,1,0,0.0
4,13,24,2,2,8,0,7,1,1.0
4,13,29,2,1,2,2,0,0,0.0
4,13,46,1,1,1,0,1,0,0.0
4,13,46,1,1,1,1,0,0,0.0
4,13,46,1,1,1,1,0,0,0.0
4,13,29,1,1,1,0,0,0,0.0
4,13,29,1,1,1,0,1,0,0.0
4,13,29,1,1,1,0,0,0,1.0
4,13,29,2,2,8,0,8,0,1.0
4,13,29,1,2,2,2,0,0,0.0
4,13,29,1,1,3,0,3,0,0.0
4,13,46,1,1,3,3,0,0,0.0
4,13,29,1,1,1,1,0,0,0.0
4,13,29,1,1,1,0,0,0,0.0
4,13,29,1,1,2,1,0,1,0.0
4,13,29,1,3,4,3,0,0,0.0
4,13,9,2,3,9,0,2,7,0.0
4,13,9,2,1,3,2,1,0,0.0
4,13,29,1,2,3,0,0,3,0.0
4,13,29,2,2,3,1,0,0,1.0
4,13,29,1,1,1,1,0,0,0.0
4,13,29,1,3,6,0,3,3,0.0
4,13,29,2,4,7,0,1,0,0.0
4,13,9,1,1,2,2,0,0,0.0
4,13,29,2,5,7,4,0,0,0.0
4,13,29,2,3,6,1,0,5,0.0
4,13,29,2,2,7,2,3,0,1.0
4,14,29,2,4,9,9,2,3,3.0
4,14,29,2,4,9,1,0,6,0.0
4,14,29,2,3,19,0,17,2,1.0
4,14,9,2,1,6,1,0,5,0.0
4,14,29,2,5,9,2,2,0,0.0
4,14,46,2,2,5,0,5,0,0.0
4,14,29,1,1,4,0,4,0,0.0
4,14,9,2,3,4,4,0,0,0.0
4,14,29,1,1,2,1,1,0,0.0
4,14,29,2,3,12,3,8,0,3.0
4,14,9,1,1,1,2,0,0,1.0
4,14,29,1,1,1,0,0,1,0.0
4,14,29,1,1,7,12,0,0,5.0
4,14,29,1,2,2,2,0,0,0.0
4,14,9,2,3,13,7,0,6,0.0
4,14,24,1,2,2,0,0,3,1.0
4,14,29,2,3,8,2,0,0,1.0
4,14,29,1,1,1,1,0,0,0.0
4,14,29,1,2,5,0,5,0,0.0
4,14,9,1,1,1,0,0,4,1.0
4,14,27,2,4,24,7,2,2,1.0
4,14,34,1,1,1,1,0,0,0.0
4,14,29,2,1,8,4,3,1,0.0
4,14,42,1,1,1,1,0,0,0.0
4,14,29,2,1,3,0,1,2,0.0
4,14,24,2,3,7,6,0,0,0.0
4,14,29,2,2,3,3,0,0,0.0
4,14,24,1,1,1,0,0,1,0.0
4,14,24,2,4,27,0,0,38,16.0
4,14,24,2,2,4,4,0,0,1.0
4,14,24,2,2,2,0,0,1,0.0
4,14,9,2,2,5,1,0,4,0.0
4,14,29,2,5,38,2,15,4,2.0
4,14,29,2,2,4,1,0,3,0.0
4,14,29,2,5,37,26,4,0,6.0
4,14,29,1,1,2,0,2,0,0.0
4,14,9,1,1,2,0,0,3,1.0
4,14,9,2,4,6,2,1,4,1.0
4,14,29,1,1,2,2,0,0,0.0
4,14,29,1,1,2,2,0,0,0.0
4,14,29,2,3,22,4,7,9,0.0
4,14,24,2,2,4,3,0,0,0.0
4,14,29,2,4,17,9,5,3,6.0
4,14,24,2,3,3,0,1,0,0.0
4,14,29,1,1,1,0,0,0,0.0
4,14,29,1,1,3,0,3,0,0.0
4,14,29,2,1,3,0,3,0,0.0
4,14,29,1,1,1,0,0,0,0.0
4,14,29,1,1,1,1,0,0,0.0
4,14,29,1,1,1,0,1,0,0.0
4,14,29,2,3,4,1,1,1,0.0
4,14,29,1,1,2,2,0,0,0.0
4,14,29,1,1,1,0,0,1,0.0
4,14,29,1,1,1,1,0,0,0.0
4,14,29,1,2,3,0,0,0,1.0
4,14,29,1,2,3,1,0,2,0.0
4,14,29,1,1,2,0,0,2,0.0
4,14,29,1,1,2,2,0,0,0.0
4,14,29,2,2,7,7,0,0,0.0
4,14,29,1,2,6,0,2,3,0.0
4,14,29,2,2,8,0,2,3,0.0
4,14,29,1,2,2,2,0,0,0.0
4,14,29,1,1,1,0,0,1,0.0
4,14,29,1,1,1,1,0,0,0.0
4,14,29,2,3,13,0,2,11,0.0
4,14,29,2,2,7,0,0,9,1.0
4,14,29,1,1,3,0,3,0,0.0
4,14,29,1,1,1,0,0,0,0.0
4,14,29,1,1,2,0,0,0,0.0
4,14,29,2,1,3,0,2,0,0.0
4,14,29,2,2,6,0,5,0,0.0
4,14,29,1,1,1,0,2,0,1.0
4,14,29,1,1,1,0,1,0,0.0
4,14,29,1,1,2,0,4,0,2.0
4,14,29,1,1,2,0,0,1,1.0
4,14,24,1,1,1,0,0,0,0.0
4,14,34,1,1,1,0,0,1,0.0
4,14,34,2,2,2,2,0,0,0.0
4,14,29,1,1,1,1,0,0,0.0
4,14,29,1,1,2,2,0,0,0.0
4,14,29,2,4,11,0,0,8,1.0
4,14,29,2,3,4,4,0,0,0.0
4,14,29,2,2,3,2,0,1,0.0
4,14,29,1,1,1,0,0,1,0.0
4,14,29,1,2,2,0,2,0,0.0
4,14,29,2,1,6,0,0,0,1.0
4,14,29,1,1,1,0,1,0,0.0
4,14,29,2,4,18,16,2,6,6.0
4,14,29,1,2,4,1,1,2,0.0
4,14,29,1,2,5,1,3,1,0.0
4,14,29,2,4,13,3,2,0,0.0
4,14,29,1,2,3,1,1,0,0.0
4,14,29,2,4,15,3,8,3,1.0
4,14,29,2,1,8,4,3,1,0.0
4,14,9,2,2,12,12,2,1,3.0
4,14,29,2,4,11,6,0,6,1.0
4,14,29,1,1,2,2,0,0,0.0
4,14,29,2,2,3,1,1,0,0.0
4,14,29,1,1,1,0,0,1,0.0
4,14,29,1,2,2,2,0,0,0.0
4,14,29,2,2,3,2,0,1,0.0
4,14,29,1,1,1,1,0,0,0.0
4,14,29,2,3,7,0,0,5,1.0
4,14,29,1,3,3,0,0,3,0.0
4,14,29,1,1,2,1,0,1,0.0
4,14,29,2,2,25,8,12,0,1.0
4,14,29,2,1,2,1,1,0,0.0
4,14,46,1,1,1,1,0,0,0.0
4,14,29,2,5,14,5,2,2,0.0
4,14,29,2,2,3,0,0,3,0.0
4,14,29,2,1,5,1,5,0,1.0
4,14,29,2,2,5,0,0,0,0.0
4,14,29,2,1,7,1,4,6,3.0
4,14,29,1,2,2,0,0,0,1.0
4,14,29,2,1,2,0,0,2,0.0
4,14,29,2,3,18,0,8,7,1.0
4,14,29,2,2,4,1,3,0,0.0
4,14,9,2,2,3,3,0,0,0.0
4,14,9,2,4,21,15,2,8,4.0
4,14,29,1,3,12,2,6,3,0.0
4,14,46,2,1,6,0,6,0,0.0
4,14,44,1,1,1,1,0,0,0.0
4,14,24,2,1,3,0,4,0,1.0
4,14,9,1,1,5,5,0,2,2.0
4,14,29,2,1,2,1,1,0,0.0
4,14,29,1,1,1,1,0,0,0.0
4,14,29,2,3,31,0,16,0,1.0
4,14,29,1,1,2,0,0,1,0.0
4,14,29,1,1,1,0,0,0,0.0
4,14,29,2,4,6,0,0,3,0.0
4,14,29,2,3,5,3,1,0,0.0
4,14,29,1,1,2,1,0,0,0.0
4,14,29,2,4,6,1,0,4,1.0
4,14,29,2,3,16,1,9,1,0.0
4,14,29,1,2,3,0,0,0,0.0
4,14,29,1,1,1,0,0,1,0.0
4,14,29,1,2,2,1,0,0,0.0
4,14,29,1,1,2,2,0,0,0.0
4,14,29,2,2,4,0,0,0,0.0
4,14,24,2,3,6,0,0,1,0.0
4,14,29,2,3,7,2,0,1,0.0
4,14,29,1,1,3,1,0,0,0.0
4,14,29,1,1,2,2,0,0,0.0
4,14,29,2,2,3,0,0,1,0.0
4,14,29,1,1,1,0,0,0,0.0
4,14,29,2,2,4,1,3,0,0.0
4,14,29,2,2,3,2,1,0,0.0
4,14,29,1,1,1,0,0,1,0.0
4,14,29,1,2,2,1,0,0,0.0
4,14,29,1,1,2,0,2,0,0.0
4,14,29,2,1,4,0,4,0,0.0
4,14,29,1,2,3,0,3,0,0.0
4,14,29,2,4,8,1,1,1,1.0
4,14,29,2,2,7,0,0,7,0.0
4,14,29,1,1,4,1,1,1,0.0
4,14,29,2,3,9,0,0,1,0.0
4,14,9,2,3,10,7,0,7,2.0
4,14,46,1,1,2,0,3,0,1.0
4,14,9,1,1,5,0,5,0,0.0
4,14,9,2,2,12,11,1,0,0.0
4,14,29,1,2,2,2,0,0,0.0
4,14,9,2,3,33,25,0,32,14.0
4,14,29,2,1,4,1,0,0,0.0
4,14,29,1,1,1,0,0,1,0.0
4,14,29,2,4,12,0,6,3,1.0
4,14,29,2,2,12,9,4,0,1.0
4,14,29,1,1,2,0,2,0,0.0
4,14,29,1,1,4,0,1,2,0.0
4,14,29,1,2,4,0,4,0,0.0
4,14,29,2,2,9,1,7,0,0.0
4,14,29,1,1,1,1,0,0,0.0
4,14,29,1,1,2,1,0,0,0.0
4,14,29,2,5,33,18,5,10,7.0
4,14,29,1,2,5,3,1,1,0.0
4,14,29,2,5,19,5,3,4,0.0
4,14,34,2,4,10,5,2,3,0.0
4,14,29,1,1,2,1,0,0,0.0
4,14,44,1,1,2,1,1,0,0.0
4,14,29,2,2,5,1,4,0,0.0
4,14,29,1,2,2,0,0,2,0.0
4,14,29,2,4,11,7,0,4,0.0
4,14,29,2,2,4,0,0,1,0.0
4,14,29,2,4,5,2,0,0,0.0
4,14,9,1,3,6,1,0,8,3.0
4,14,9,1,3,3,0,0,3,0.0
4,14,29,2,1,9,7,0,0,0.0
4,14,9,1,2,2,0,1,1,0.0
4,14,29,1,1,1,0,0,1,0.0
4,14,46,1,1,1,0,0,1,0.0
4,14,46,1,1,1,0,0,1,0.0
4,14,46,1,1,1,1,0,0,0.0
4,14,46,1,1,1,0,0,1,0.0
4,14,46,1,1,1,0,1,0,0.0
4,14,46,1,1,1,0,1,0,0.0
4,14,46,1,1,1,1,0,0,0.0
4,14,46,1,1,1,1,0,0,0.0
4,14,9,2,1,2,2,0,0,0.0
4,14,9,1,1,1,0,1,0,0.0
4,14,29,2,1,3,1,0,0,0.0
4,14,29,1,1,1,0,0,2,1.0
4,14,29,1,1,1,0,2,0,1.0
4,14,29,2,2,9,3,2,0,0.0
4,14,29,2,5,15,0,0,1,0.0
4,14,29,1,1,1,0,1,0,0.0
4,14,29,1,1,2,1,0,1,0.0
4,14,29,1,1,2,0,2,0,0.0
4,14,29,1,1,1,0,1,0,0.0
4,14,29,1,2,4,0,0,3,0.0
4,14,29,1,1,1,0,0,0,0.0
4,14,29,2,3,7,3,1,1,0.0
4,14,16,2,2,10,12,0,1,2.0
4,14,29,1,1,2,2,0,0,0.0
4,14,29,2,2,6,2,1,2,1.0
4,14,29,2,2,3,0,0,2,0.0
4,14,23,2,2,5,8,0,1,3.0
4,14,29,1,1,1,0,0,1,0.0
4,14,29,1,1,1,0,0,1,0.0
4,14,9,1,2,2,0,0,2,0.0
4,14,29,2,1,3,0,0,3,0.0
4,14,29,1,1,1,0,0,1,0.0
4,14,29,1,1,3,0,3,0,0.0
4,14,9,2,2,11,8,6,0,3.0
4,14,9,1,1,1,0,2,0,1.0
4,14,29,2,2,5,5,0,0,0.0
4,14,29,1,1,2,0,2,0,0.0
4,14,29,1,3,5,5,0,0,0.0
4,14,29,1,3,3,0,1,2,0.0
4,14,9,2,3,15,0,3,15,1.0
4,14,29,1,2,7,0,5,2,0.0
4,15,29,2,3,11,13,0,0,2.0
4,15,29,1,1,1,0,0,0,0.0
4,15,29,2,2,5,0,2,3,0.0
4,15,29,1,2,7,5,2,0,0.0
4,15,29,2,3,5,0,2,0,0.0
4,15,29,2,2,8,6,0,2,1.0
4,15,29,2,2,12,9,0,2,0.0
4,15,42,1,2,8,3,1,4,0.0
4,15,29,1,1,1,1,0,0,0.0
4,15,29,1,1,1,0,0,1,0.0
4,15,29,2,1,16,7,9,2,2.0
4,15,29,2,2,2,2,0,0,1.0
4,15,29,2,2,13,9,0,4,1.0
4,15,29,1,2,3,0,3,0,0.0
4,15,29,1,2,3,0,3,0,0.0
4,15,29,2,1,9,5,2,2,0.0
4,15,29,1,1,1,0,0,0,0.0
4,15,29,2,3,6,5,1,1,1.0
4,15,29,2,2,3,0,3,0,0.0
4,15,9,2,3,6,2,0,4,0.0
4,15,9,2,3,9,7,1,1,0.0
4,15,29,1,1,1,0,0,1,0.0
4,15,29,2,2,7,1,1,5,0.0
4,15,9,1,1,1,1,0,0,0.0
4,15,9,2,1,7,5,2,0,0.0
4,15,29,1,1,1,0,0,1,0.0
4,15,29,2,4,7,0,1,6,0.0
4,15,29,2,2,9,5,0,0,1.0
4,15,29,1,2,4,2,0,1,0.0
4,15,41,1,2,3,0,3,0,0.0
4,15,9,1,1,2,3,0,0,1.0
4,15,9,1,2,3,0,1,2,0.0
4,15,9,1,1,1,0,2,0,1.0
4,15,29,1,1,1,0,0,0,0.0
4,15,29,1,1,1,1,0,0,0.0
4,15,24,2,3,10,23,1,3,8.0
4,15,9,2,1,2,1,0,1,0.0
4,15,29,1,3,3,0,1,2,0.0
4,15,29,2,2,14,2,1,3,0.0
4,15,29,2,5,17,15,3,4,3.0
4,15,29,1,1,1,1,0,0,0.0
4,15,29,2,4,15,1,0,1,1.0
4,15,24,1,1,1,0,0,0,1.0
4,15,29,1,1,1,0,0,1,0.0
4,15,29,2,2,2,0,0,0,0.0
4,15,29,2,3,10,6,1,5,2.0
4,15,9,1,1,1,0,0,1,0.0
4,15,29,2,3,5,0,3,0,0.0
4,15,29,2,4,10,0,0,6,1.0
4,15,9,1,1,10,10,0,0,0.0
4,15,29,2,2,2,0,0,0,1.0
4,15,29,1,1,2,0,2,0,0.0
4,15,29,1,1,1,0,0,1,0.0
4,15,29,2,1,4,1,0,3,0.0
4,15,29,1,1,5,0,5,0,0.0
4,15,29,2,2,3,2,0,1,0.0
4,15,29,2,3,15,4,0,0,1.0
4,15,29,1,1,1,0,0,1,0.0
4,15,29,1,1,1,0,0,0,0.0
4,15,29,2,3,21,18,0,8,6.0
4,15,29,1,1,2,2,0,0,0.0
4,15,29,1,1,2,1,1,0,0.0
4,15,29,2,3,6,0,1,2,0.0
4,15,29,2,1,3,2,1,0,0.0
4,15,29,2,4,8,0,0,1,0.0
4,15,29,1,1,1,0,1,0,0.0
4,15,29,2,1,2,0,0,0,0.0
4,15,29,2,2,7,0,6,0,0.0
4,15,29,1,2,3,2,1,0,0.0
4,15,29,2,3,5,0,0,1,0.0
4,15,29,1,1,1,0,0,0,0.0
4,15,29,1,1,1,0,0,0,0.0
4,15,29,2,2,5,3,0,1,1.0
4,15,29,1,2,4,0,0,3,0.0
4,15,29,2,2,4,6,0,0,1.0
4,15,29,2,2,4,1,0,3,0.0
4,15,29,2,3,11,3,0,8,0.0
4,15,29,1,1,1,0,0,1,0.0
4,15,29,2,1,2,3,0,0,1.0
4,15,29,1,2,4,0,4,0,0.0
4,15,29,1,1,1,0,1,0,0.0
4,15,29,1,1,1,0,0,1,0.0
4,15,29,1,1,1,0,0,1,0.0
4,15,29,2,2,5,0,1,2,0.0
4,15,29,1,1,1,1,0,0,0.0
4,15,29,2,2,9,4,6,0,1.0
4,15,29,1,3,11,0,8,0,0.0
4,15,29,1,3,10,0,0,7,0.0
4,15,29,1,1,1,0,0,0,0.0
4,15,29,2,2,2,2,0,0,0.0
4,15,29,2,1,8,0,0,0,1.0
4,15,16,1,2,4,0,4,0,0.0
4,15,29,2,1,4,2,0,0,2.0
4,15,29,1,2,4,0,0,1,0.0
4,15,29,1,1,1,0,0,0,0.0
4,15,29,2,1,2,0,0,2,0.0
4,15,29,2,2,2,1,0,0,0.0
4,15,29,2,3,7,1,1,5,0.0
4,15,29,2,1,2,0,0,1,0.0
4,15,29,1,1,1,0,2,0,1.0
4,15,29,1,1,2,0,2,0,0.0
4,15,29,1,1,1,1,0,0,0.0
4,15,29,2,1,5,0,0,0,0.0
4,15,29,2,3,11,2,1,2,4.0
4,15,9,2,1,10,14,0,0,2.0
4,15,29,1,1,1,0,0,0,0.0
4,15,9,2,3,13,2,2,9,0.0
4,15,29,2,3,6,0,0,2,0.0
4,15,29,1,4,4,3,0,0,3.0
4,15,29,1,1,1,0,0,0,1.0
4,15,29,1,1,4,3,0,0,0.0
4,15,29,1,1,1,0,0,0,0.0
4,15,29,2,2,4,0,3,0,0.0
4,15,29,2,3,4,0,3,0,0.0
4,15,46,1,1,1,1,0,0,0.0
4,15,29,2,2,3,0,0,0,0.0
4,15,29,1,2,4,2,1,0,0.0
4,15,29,1,1,4,0,0,3,0.0
4,15,29,2,1,3,1,0,0,0.0
4,15,24,1,1,1,1,0,0,0.0
4,15,29,2,2,9,5,0,0,1.0
4,15,29,2,4,8,3,0,0,0.0
4,15,29,1,1,2,1,0,1,0.0
4,15,29,1,2,5,5,0,0,0.0
4,15,29,2,1,4,0,0,0,0.0
4,15,29,2,1,4,4,0,1,1.0
4,15,29,1,1,1,0,0,0,0.0
4,15,29,1,1,2,2,0,0,0.0
4,15,29,2,4,11,0,5,0,2.0
4,15,29,2,5,48,1,0,22,4.0
4,15,29,2,1,4,3,2,1,2.0
4,15,29,2,2,2,0,0,0,0.0
4,15,29,1,2,7,0,7,0,2.0
4,15,29,2,2,12,0,7,5,0.0
4,15,29,2,1,18,0,4,8,1.0
4,15,29,1,1,1,0,0,0,0.0
4,15,29,2,1,12,0,3,3,1.0
4,15,29,1,1,2,2,0,0,0.0
4,15,29,2,1,3,0,0,2,0.0
4,15,29,2,3,7,0,0,0,1.0
4,15,29,1,3,3,0,0,0,0.0
4,15,29,1,1,1,0,1,0,0.0
4,15,29,2,1,2,0,0,0,0.0
4,15,9,1,1,1,0,0,1,0.0
4,15,46,2,2,6,3,1,2,0.0
4,15,9,2,2,3,2,0,1,0.0
4,15,29,1,2,2,0,0,2,0.0
4,15,9,2,3,4,1,0,3,0.0
4,15,29,2,4,5,3,0,0,0.0
4,15,29,2,3,8,0,1,2,0.0
4,15,29,2,1,6,4,0,1,0.0
4,15,29,2,1,3,0,0,2,0.0
4,15,9,2,3,13,2,9,2,0.0
4,15,9,2,2,11,12,0,0,1.0
4,15,44,2,1,7,3,4,1,1.0
4,15,29,2,2,2,1,0,0,0.0
4,15,29,1,2,4,0,4,0,0.0
4,15,9,1,1,1,0,0,1,0.0
4,15,29,2,1,3,0,0,0,0.0
4,15,29,1,1,1,0,1,0,0.0
4,15,29,1,1,2,1,0,0,0.0
4,15,22,1,1,1,1,0,0,0.0
4,15,29,1,3,7,3,1,2,0.0
4,15,29,1,1,5,3,2,0,0.0
4,15,29,1,1,2,2,0,0,0.0
4,15,29,1,1,1,0,0,0,0.0
4,15,29,1,1,1,0,0,0,0.0
4,15,29,1,1,1,0,1,0,0.0
4,15,46,1,1,3,0,2,1,0.0
4,15,29,1,1,1,0,1,0,0.0
4,15,29,2,2,4,4,0,0,0.0
4,15,16,2,1,2,1,0,0,0.0
4,15,29,1,1,1,0,0,0,0.0
4,15,34,1,1,1,1,0,0,0.0
4,15,29,1,1,1,0,0,1,0.0
4,15,29,1,2,2,0,0,2,0.0
4,15,29,1,1,1,1,0,0,0.0
4,15,29,2,2,3,2,2,0,1.0
4,15,29,2,3,5,4,0,0,0.0
4,15,29,1,1,1,1,0,0,0.0
4,15,29,2,3,9,5,0,5,1.0
4,15,29,2,2,4,0,2,0,1.0
4,15,29,2,1,2,0,1,0,0.0
4,15,9,2,3,8,8,2,0,2.0
4,15,29,1,1,1,1,0,0,0.0
4,15,24,1,2,2,0,1,1,0.0
4,15,46,1,1,1,1,0,0,0.0
4,15,46,1,1,1,0,1,0,0.0
4,15,46,1,1,1,0,1,0,0.0
4,15,29,2,1,2,0,2,0,0.0
4,15,9,1,2,3,1,0,2,0.0
4,15,29,2,4,18,0,0,13,1.0
4,15,29,2,2,2,1,1,0,0.0
4,15,29,2,2,2,0,2,0,0.0
4,15,29,1,1,6,1,2,3,0.0
4,15,9,1,1,1,0,1,0,0.0
4,15,46,1,1,2,2,0,0,0.0
4,15,29,2,4,31,1,5,0,1.0
4,15,29,1,1,1,0,0,0,0.0
4,15,29,1,1,1,0,1,0,0.0
4,15,9,2,3,6,3,1,2,0.0
4,15,9,2,2,5,6,1,1,3.0
4,15,29,2,5,14,0,0,7,0.0
4,15,29,2,2,11,0,17,0,4.0
4,15,24,1,2,8,9,0,3,2.0
4,15,29,1,1,2,0,0,0,1.0
4,15,9,2,4,7,4,2,1,0.0
4,15,29,1,1,1,1,0,0,0.0
4,15,9,1,1,1,0,0,1,0.0
4,15,29,1,1,1,1,0,0,0.0
4,15,29,1,1,1,0,1,0,0.0
4,15,29,1,1,1,0,1,0,0.0
4,15,44,1,1,3,0,0,1,0.0
4,15,29,1,1,2,0,2,0,0.0
4,15,29,2,2,11,1,6,4,0.0
4,15,9,2,2,7,6,0,1,0.0
4,15,29,2,2,2,0,0,0,0.0
4,16,29,1,1,1,1,0,0,0.0
4,16,29,2,4,10,0,6,4,0.0
4,16,29,1,1,2,2,0,0,0.0
4,16,29,2,1,9,5,0,0,1.0
4,16,29,2,2,3,2,1,0,0.0
4,16,29,2,1,8,7,0,1,0.0
4,16,9,1,1,2,2,0,0,0.0
4,16,9,1,1,4,9,0,0,3.0
4,16,9,2,3,3,0,0,3,0.0
4,16,9,2,3,11,6,5,4,3.0
4,16,29,2,3,13,3,1,9,2.0
4,16,9,1,1,1,1,0,0,0.0
4,16,41,1,1,1,0,0,1,0.0
4,16,29,1,1,1,0,0,0,0.0
4,16,9,1,1,2,2,0,0,0.0
4,16,10,1,1,2,0,2,0,0.0
4,16,29,2,3,7,0,3,4,0.0
4,16,29,1,1,1,1,0,0,0.0
4,16,29,1,1,1,0,1,0,0.0
4,16,29,1,1,1,1,0,0,0.0
4,16,29,1,1,3,1,1,0,0.0
4,16,29,1,1,3,6,0,0,3.0
4,16,29,2,2,10,1,2,4,0.0
4,16,29,1,1,1,0,1,0,0.0
4,16,29,2,2,2,0,0,0,0.0
4,16,29,1,1,1,0,0,2,1.0
4,16,9,2,2,9,2,3,4,0.0
4,16,9,1,1,1,2,0,0,1.0
4,16,9,1,1,1,0,1,0,0.0
4,16,29,1,1,2,2,0,0,0.0
4,16,15,2,4,9,0,2,7,0.0
4,16,2,1,1,1,1,0,0,0.0
4,16,9,1,2,3,0,2,1,0.0
4,16,9,2,3,9,3,1,8,1.0
4,16,29,1,2,9,0,2,6,0.0
4,16,29,1,1,1,1,0,0,0.0
4,16,29,2,1,2,0,0,0,1.0
4,16,9,2,2,6,6,0,1,1.0
4,16,29,1,1,1,1,0,0,0.0
4,16,29,1,1,1,0,0,0,1.0
4,16,29,2,3,6,0,0,0,0.0
4,16,29,2,2,4,4,0,0,0.0
4,16,29,2,1,5,2,2,1,0.0
4,16,29,1,1,8,0,0,4,0.0
4,16,24,2,3,5,0,0,0,3.0
4,16,29,1,1,4,0,0,4,0.0
4,16,29,2,3,10,1,5,3,1.0
4,16,29,2,2,5,0,5,0,0.0
4,16,29,2,3,19,14,8,3,6.0
4,16,29,2,4,11,0,4,0,1.0
4,16,29,1,1,1,0,1,0,0.0
4,16,29,2,3,7,1,0,2,0.0
4,16,29,2,1,5,0,0,9,3.0
4,16,29,2,3,5,1,1,1,0.0
4,16,29,2,1,2,0,1,0,1.0
4,16,29,1,3,9,4,1,2,1.0
4,16,29,2,2,2,1,1,0,0.0
4,16,29,1,1,1,0,1,0,0.0
4,16,29,2,1,2,0,2,0,0.0
4,16,29,1,1,1,0,0,1,0.0
4,16,29,1,1,1,0,0,0,0.0
4,16,29,2,3,3,0,0,3,0.0
4,16,29,1,1,1,0,1,0,0.0
4,16,29,2,1,5,4,0,1,0.0
4,16,29,2,2,9,0,1,3,0.0
4,16,29,2,1,4,1,0,0,0.0
4,16,29,2,3,6,0,0,3,0.0
4,16,29,2,1,2,1,0,0,0.0
4,16,29,1,1,3,0,0,0,0.0
4,16,29,1,1,2,0,0,0,1.0
4,16,29,2,3,6,2,1,2,0.0
4,16,29,2,3,8,3,2,0,0.0
4,16,29,2,1,2,2,0,0,0.0
4,16,29,1,1,1,0,0,0,1.0
4,16,29,2,4,19,5,3,5,0.0
4,16,34,1,2,2,0,0,3,1.0
4,16,29,2,3,6,2,1,0,1.0
4,16,29,2,1,6,2,4,0,0.0
4,16,29,1,2,3,0,3,0,0.0
4,16,29,2,2,7,0,9,0,1.0
4,16,29,1,2,7,2,5,0,0.0
4,16,29,2,3,6,0,8,0,2.0
4,16,29,1,1,1,0,0,0,0.0
4,16,29,1,1,2,0,0,1,0.0
4,16,29,2,5,14,1,0,1,0.0
4,16,29,1,2,2,1,0,0,0.0
4,16,29,2,3,3,0,0,3,0.0
4,16,29,2,3,19,6,7,11,3.0
4,16,29,2,1,2,4,0,0,1.0
4,16,29,2,2,4,2,1,1,0.0
4,16,29,2,1,4,0,0,4,0.0
4,16,29,2,1,3,2,0,1,0.0
4,16,29,1,1,4,0,1,2,0.0
4,16,29,2,2,5,5,1,0,1.0
4,16,29,1,1,1,0,0,1,0.0
4,16,29,1,1,2,2,0,0,0.0
4,16,29,1,1,2,1,0,1,0.0
4,16,29,1,2,2,1,1,0,0.0
4,16,29,1,1,1,0,0,1,0.0
4,16,29,2,5,13,3,0,2,0.0
4,16,29,1,1,1,0,0,1,0.0
4,16,29,1,2,2,0,1,0,0.0
4,16,29,2,1,5,2,0,1,0.0
4,16,29,2,2,3,0,0,2,0.0
4,16,29,2,3,7,3,0,0,1.0
4,16,29,2,1,4,0,0,0,0.0
4,16,29,1,1,1,0,0,0,0.0
4,16,29,2,3,13,9,2,1,0.0
4,16,29,1,1,1,0,0,0,0.0
4,16,29,1,1,3,0,0,1,0.0
4,16,29,1,1,2,2,0,0,0.0
4,16,46,2,2,2,2,0,0,0.0
4,16,29,2,2,6,2,0,0,0.0
4,16,29,2,2,17,7,7,1,0.0
4,16,29,2,3,5,1,0,4,0.0
4,16,29,2,3,5,3,0,2,0.0
4,16,29,2,2,5,2,2,1,0.0
4,16,29,2,4,18,5,7,0,2.0
4,16,29,2,5,43,11,7,4,6.0
4,16,29,1,2,2,2,0,0,0.0
4,16,29,2,4,5,0,1,0,1.0
4,16,29,2,1,3,1,1,0,0.0
4,16,29,2,4,43,0,0,20,0.0
4,16,29,2,4,6,2,2,0,0.0
4,16,29,2,2,2,0,1,0,0.0
4,16,29,1,1,3,0,4,0,1.0
4,16,29,1,1,1,0,0,0,0.0
4,16,29,1,1,1,0,0,0,0.0
4,16,29,2,4,21,2,3,7,1.0
4,16,29,1,2,2,0,0,1,0.0
4,16,29,1,2,2,0,2,0,0.0
4,16,29,1,2,9,0,4,0,0.0
4,16,29,2,3,7,0,0,6,0.0
4,16,29,2,2,11,9,1,0,0.0
4,16,29,1,1,3,0,0,3,0.0
4,16,29,2,1,4,2,1,1,0.0
4,16,29,1,1,1,1,0,0,0.0
4,16,29,2,4,9,0,1,7,1.0
4,16,29,1,1,1,1,0,0,0.0
4,16,29,2,2,2,0,3,0,1.0
4,16,29,1,1,2,0,0,1,0.0
4,16,29,2,2,3,0,3,0,0.0
4,16,29,2,2,8,0,9,0,4.0
4,16,29,1,1,1,0,3,0,1.0
4,16,29,2,4,5,0,0,4,0.0
4,16,29,2,2,4,4,0,0,1.0
4,16,29,2,3,5,1,0,4,1.0
4,16,29,2,3,4,0,0,3,0.0
4,16,29,2,2,4,0,0,0,0.0
4,16,29,2,3,5,1,0,4,0.0
4,16,29,1,2,2,2,0,0,0.0
4,16,29,2,3,16,16,0,0,3.0
4,16,29,1,1,1,0,0,1,0.0
4,16,29,2,2,2,1,0,0,0.0
4,16,29,1,1,1,0,1,0,0.0
4,16,9,2,3,4,0,3,1,0.0
4,16,29,2,4,9,1,2,3,0.0
4,16,29,2,3,6,1,2,2,0.0
4,16,29,1,1,1,1,0,0,0.0
4,16,29,2,2,3,0,3,0,0.0
4,16,29,2,2,4,2,2,0,0.0
4,16,29,2,4,29,14,21,1,6.0
4,16,29,1,1,1,0,0,0,0.0
4,16,29,1,1,1,0,0,0,0.0
4,16,29,2,3,9,4,3,0,0.0
4,16,29,2,3,3,0,0,1,0.0
4,16,34,2,1,2,0,2,0,0.0
4,16,34,2,2,3,1,0,2,0.0
4,16,29,2,5,28,0,4,4,6.0
4,16,29,1,2,3,0,0,1,0.0
4,16,29,2,3,28,13,16,4,6.0
4,16,29,2,2,2,2,0,0,0.0
4,16,29,2,1,2,0,0,0,0.0
4,16,29,1,1,2,1,2,0,1.0
4,16,29,2,1,2,0,1,1,0.0
4,16,29,2,3,5,1,0,2,0.0
4,16,9,2,3,12,9,0,3,0.0
4,16,9,2,1,3,3,0,0,0.0
4,16,21,2,3,26,26,1,2,7.0
4,16,29,1,1,1,0,0,1,0.0
4,16,29,2,1,21,5,4,6,0.0
4,16,46,1,1,1,0,1,0,0.0
4,16,46,1,1,1,1,0,0,0.0
4,16,46,1,1,1,0,0,1,0.0
4,16,46,1,1,1,0,0,1,0.0
4,16,46,1,1,1,0,1,0,0.0
4,16,29,1,1,2,0,0,2,0.0
4,16,29,1,1,5,4,0,1,0.0
4,16,29,2,3,7,3,0,2,1.0
4,16,46,1,2,5,1,0,5,1.0
4,16,29,2,4,15,0,5,5,2.0
4,16,29,2,2,9,0,0,10,1.0
4,16,29,2,2,3,0,3,0,0.0
4,16,29,2,2,5,4,0,0,0.0
4,16,9,1,1,1,0,0,1,0.0
4,16,29,1,1,4,4,0,0,0.0
4,16,9,2,1,6,3,4,2,2.0
4,16,16,2,3,12,9,1,7,3.0
4,16,9,2,1,8,10,0,0,2.0
4,16,9,1,4,10,1,5,4,0.0
4,16,9,1,2,5,0,1,4,0.0
4,16,29,2,2,9,3,5,1,0.0
4,16,29,1,2,6,0,6,0,0.0
4,16,9,1,1,2,0,1,1,0.0
4,16,29,2,2,2,0,1,0,0.0
4,16,29,1,1,1,0,0,0,0.0
4,16,29,2,2,2,0,0,2,0.0
4,16,29,2,2,8,5,0,1,0.0
4,16,29,2,2,3,1,0,0,0.0
4,16,29,1,2,3,0,1,1,0.0
4,16,41,1,2,4,3,0,0,0.0
4,16,29,1,1,2,0,2,0,0.0
4,16,9,2,4,12,1,4,7,0.0
4,16,29,1,1,1,0,0,1,0.0
4,16,29,2,1,8,0,8,0,1.0
4,17,29,1,1,1,0,1,0,0.0
4,17,15,1,2,3,0,3,0,0.0
4,17,29,1,1,1,0,0,0,0.0
4,17,29,2,3,9,2,3,0,0.0
4,17,9,1,1,4,11,0,0,2.0
4,17,9,2,3,5,2,3,0,0.0
4,17,9,1,1,3,3,0,0,0.0
4,17,24,1,1,2,2,0,0,0.0
4,17,29,1,1,1,2,0,0,1.0
4,17,29,1,2,2,2,0,0,0.0
4,17,29,2,4,10,5,1,4,4.0
4,17,29,1,1,1,0,0,1,0.0
4,17,9,2,3,11,10,0,1,0.0
4,17,29,2,4,6,0,0,2,0.0
4,17,29,2,3,10,12,2,2,4.0
4,17,29,1,1,1,0,0,0,0.0
4,17,9,1,1,1,1,0,0,0.0
4,17,9,1,3,4,1,2,0,0.0
4,17,9,2,1,3,0,3,0,0.0
4,17,29,2,1,2,0,1,0,0.0
4,17,9,2,3,3,0,0,3,0.0
4,17,29,2,2,11,0,13,0,2.0
4,17,29,2,1,2,0,0,1,1.0
4,17,29,2,4,4,1,0,0,0.0
4,17,29,2,2,7,2,4,0,0.0
4,17,29,2,2,2,0,1,1,0.0
4,17,29,1,4,11,0,3,8,1.0
4,17,24,2,3,8,7,1,0,0.0
4,17,24,1,1,1,1,0,0,0.0
4,17,24,1,1,2,2,0,0,0.0
4,17,29,2,2,6,1,5,0,0.0
4,17,24,1,1,1,1,0,0,0.0
4,17,29,2,3,9,0,2,5,0.0
4,17,29,2,2,5,2,2,1,0.0
4,17,29,2,2,5,2,2,2,1.0
4,17,29,2,3,7,6,0,0,0.0
4,17,21,2,5,16,1,1,8,0.0
4,17,29,2,4,10,0,0,4,0.0
4,17,29,2,3,8,4,0,1,0.0
4,17,29,1,3,4,4,0,0,0.0
4,17,29,2,1,2,0,0,0,1.0
4,17,24,1,2,2,2,0,0,0.0
4,17,29,2,2,4,0,6,0,2.0
4,17,9,1,1,1,1,0,0,0.0
4,17,9,2,2,6,6,0,0,0.0
4,17,29,2,1,4,2,1,0,0.0
4,17,27,1,1,1,1,0,0,0.0
4,17,29,1,1,1,1,0,0,0.0
4,17,29,2,4,9,0,0,0,0.0
4,17,29,2,2,7,0,1,0,0.0
4,17,29,2,4,13,0,5,0,0.0
4,17,29,1,1,3,0,0,1,0.0
4,17,29,1,3,4,0,1,0,0.0
4,17,29,2,3,8,2,4,2,0.0
4,17,29,1,1,1,0,0,0,0.0
4,17,29,2,3,6,7,0,0,2.0
4,17,29,1,1,1,0,0,1,0.0
4,17,29,2,2,6,4,0,1,0.0
4,17,29,2,4,9,4,1,2,0.0
4,17,29,2,2,4,1,0,3,0.0
4,17,29,2,4,17,8,2,3,1.0
4,17,29,1,2,4,0,4,0,0.0
4,17,29,1,1,1,1,0,0,0.0
4,17,29,2,1,2,0,1,0,0.0
4,17,29,1,1,3,2,0,0,0.0
4,17,29,1,1,1,0,0,1,0.0
4,17,29,2,2,8,0,1,2,0.0
4,17,29,1,1,1,0,1,0,0.0
4,17,29,1,1,1,0,1,0,0.0
4,17,29,1,1,1,1,0,0,0.0
4,17,29,2,3,7,1,0,1,0.0
4,17,29,2,4,10,3,2,0,0.0
4,17,29,2,2,2,1,1,0,0.0
4,17,29,2,5,27,5,2,7,0.0
4,17,29,1,1,1,1,0,0,0.0
4,17,29,1,1,1,0,0,1,0.0
4,17,29,1,1,6,11,0,0,4.0
4,17,29,1,1,1,0,0,1,0.0
4,17,29,1,1,1,2,0,0,1.0
4,17,29,2,3,6,0,2,4,0.0
4,17,29,2,1,10,3,2,1,1.0
4,17,29,1,1,1,1,0,0,0.0
4,17,29,2,2,4,1,2,0,0.0
4,17,29,1,1,1,0,0,1,0.0
4,17,29,2,1,8,0,6,4,3.0
4,17,29,2,1,4,2,0,0,0.0
4,17,29,1,1,1,0,0,1,0.0
4,17,29,1,1,1,0,1,0,0.0
4,17,29,1,2,3,0,0,0,0.0
4,17,29,1,1,1,0,0,1,0.0
4,17,29,2,3,3,1,0,2,0.0
4,17,29,2,3,14,5,3,3,1.0
4,17,29,1,2,2,1,0,0,0.0
4,17,29,2,2,5,5,2,0,2.0
4,17,29,2,3,17,0,6,9,0.0
4,17,29,1,1,1,1,0,0,0.0
4,17,29,2,2,30,1,18,12,7.0
4,17,29,2,1,9,2,3,1,0.0
4,17,29,2,2,20,19,1,0,2.0
4,17,29,2,2,6,1,0,5,0.0
4,17,29,2,2,5,0,3,0,0.0
4,17,29,2,4,7,4,1,1,0.0
4,17,29,2,4,11,0,0,2,0.0
4,17,29,2,1,2,0,2,0,0.0
4,17,29,1,1,1,0,0,0,0.0
4,17,29,1,1,1,1,0,0,0.0
4,17,29,2,3,19,7,8,2,0.0
4,17,29,1,2,6,7,0,0,1.0
4,17,9,2,2,4,1,3,0,0.0
4,17,44,2,2,8,5,0,4,1.0
4,17,10,1,1,1,1,0,0,0.0
4,17,9,2,3,29,19,2,18,7.0
4,17,29,2,1,7,4,1,0,0.0
4,17,29,2,2,2,3,0,0,1.0
4,17,29,2,1,6,3,1,1,1.0
4,17,29,1,2,5,6,0,0,1.0
4,17,29,2,2,8,10,0,1,3.0
4,17,29,1,1,4,4,0,0,0.0
4,17,29,1,1,1,1,0,0,0.0
4,17,29,2,3,5,4,1,0,0.0
4,17,29,1,1,1,0,0,0,0.0
4,17,29,2,3,7,2,1,2,0.0
4,17,29,2,2,4,4,1,1,2.0
4,17,29,2,3,3,0,0,1,1.0
4,17,29,1,1,2,0,1,0,0.0
4,17,29,2,1,7,0,12,0,5.0
4,17,29,1,1,3,0,1,2,0.0
4,17,29,2,4,10,2,1,0,1.0
4,17,29,2,4,5,0,0,5,0.0
4,17,29,2,2,3,0,0,0,1.0
4,17,29,2,4,16,2,1,9,2.0
4,17,29,2,3,31,10,10,11,2.0
4,17,29,2,1,3,2,0,1,0.0
4,17,29,2,3,4,0,2,2,0.0
4,17,29,2,4,32,10,10,13,7.0
4,17,29,2,3,6,1,0,0,1.0
4,17,29,2,2,6,0,6,0,0.0
4,17,29,1,2,2,0,2,0,0.0
4,17,29,2,2,3,0,0,0,1.0
4,17,29,1,1,2,0,0,0,0.0
4,17,9,2,2,2,2,0,0,0.0
4,17,46,1,1,4,3,0,0,0.0
4,17,29,1,1,4,2,0,0,0.0
4,17,29,1,1,2,1,1,0,0.0
4,17,9,1,1,1,2,0,0,1.0
4,17,29,2,1,8,8,0,0,0.0
4,17,29,1,1,1,0,0,0,0.0
4,17,29,2,2,5,0,0,5,0.0
4,17,29,1,2,2,1,0,1,0.0
4,17,29,2,4,9,0,4,5,0.0
4,17,29,2,2,4,3,0,0,0.0
4,17,29,2,4,19,2,4,3,1.0
4,17,29,1,1,1,0,1,0,0.0
4,17,29,1,3,6,1,2,0,0.0
4,17,29,1,3,6,6,0,0,0.0
4,17,29,2,3,13,2,5,4,0.0
4,17,9,1,1,1,1,0,0,0.0
4,17,9,2,2,7,0,8,0,1.0
4,17,29,2,1,4,2,0,2,0.0
4,17,29,1,2,2,0,0,0,0.0
4,17,33,2,1,3,1,0,0,0.0
4,17,29,1,1,1,1,0,0,0.0
4,17,29,2,3,14,9,0,8,3.0
4,17,29,2,3,14,12,1,10,5.0
4,17,29,1,1,1,0,0,1,0.0
4,17,29,1,1,1,0,0,1,0.0
4,17,29,2,1,3,2,1,0,0.0
4,17,29,1,1,1,0,0,0,0.0
4,17,29,2,1,2,0,1,0,0.0
4,17,29,1,2,2,0,2,0,0.0
4,17,29,2,4,10,7,0,9,4.0
4,17,29,1,1,3,0,3,0,0.0
4,17,9,2,2,10,11,0,0,1.0
4,17,29,1,1,1,0,0,1,0.0
4,17,29,2,2,5,5,0,0,0.0
4,17,9,2,4,14,7,3,6,2.0
4,17,9,1,1,1,1,0,0,0.0
4,17,29,2,3,8,4,2,1,0.0
4,17,29,1,1,1,1,0,0,0.0
4,17,9,2,1,6,0,0,3,0.0
4,17,9,2,1,2,1,0,1,0.0
4,17,29,2,4,8,0,0,0,1.0
4,17,24,2,2,3,0,1,1,0.0
4,17,29,2,3,3,0,0,0,0.0
4,17,46,1,1,1,0,0,1,0.0
4,17,46,1,1,1,1,0,0,0.0
4,17,46,1,1,1,1,0,0,0.0
4,17,46,1,1,1,0,0,1,0.0
4,17,46,1,1,1,0,0,1,0.0
4,17,29,2,3,5,0,1,4,0.0
4,17,29,2,3,7,8,1,0,2.0
4,17,9,2,1,4,2,1,1,0.0
4,17,29,2,2,3,3,0,0,0.0
4,17,29,2,3,6,3,1,3,1.0
4,17,29,2,2,3,1,2,0,0.0
4,17,29,2,2,17,6,3,8,1.0
4,17,29,1,1,1,0,1,0,0.0
4,17,2,1,1,1,0,1,0,0.0
4,17,29,1,2,2,0,0,0,0.0
4,17,16,2,2,2,2,0,0,0.0
4,17,2,1,1,4,0,1,1,0.0
4,17,29,2,1,2,1,1,0,0.0
4,17,29,1,1,7,7,0,0,1.0
4,17,9,1,1,1,0,1,0,0.0
4,17,9,2,2,7,2,1,4,0.0
4,17,29,1,2,4,5,0,0,1.0
4,17,29,2,4,17,3,3,9,0.0
4,17,29,2,2,12,6,5,0,0.0
4,17,9,2,3,4,0,1,3,0.0
4,17,29,2,2,8,1,0,0,0.0
4,17,29,1,1,1,0,1,0,0.0
4,17,29,2,1,8,0,8,0,0.0
4,17,29,1,1,2,0,2,0,0.0
4,18,29,1,1,1,1,0,0,0.0
4,18,29,2,5,51,9,5,14,11.0
4,18,9,1,1,1,0,0,1,0.0
4,18,9,2,2,2,1,0,2,1.0
4,18,29,2,1,2,3,0,0,1.0
4,18,29,1,1,2,2,0,0,0.0
4,18,9,2,2,5,2,3,0,0.0
4,18,29,2,2,4,4,0,1,1.0
4,18,29,2,2,7,5,1,1,0.0
4,18,29,2,2,9,4,0,0,0.0
4,18,29,2,4,25,5,2,6,1.0
4,18,29,1,3,3,2,0,0,0.0
4,18,29,2,1,3,3,0,0,0.0
4,18,9,2,2,4,0,4,0,0.0
4,18,29,1,1,9,15,0,0,5.0
4,18,34,1,2,2,3,0,0,1.0
4,18,29,1,2,2,0,0,0,0.0
4,18,3,2,4,18,2,0,9,0.0
4,18,9,1,1,1,1,0,0,0.0
4,18,29,1,1,1,1,0,0,0.0
4,18,29,1,2,2,1,1,0,0.0
4,18,21,2,3,10,6,3,1,0.0
4,18,9,2,1,4,1,3,0,0.0
4,18,7,2,1,2,1,0,1,0.0
4,18,29,1,1,2,0,2,0,0.0
4,18,29,2,2,6,3,2,0,1.0
4,18,9,1,1,1,1,0,0,0.0
4,18,29,2,2,2,0,0,0,0.0
4,18,24,1,1,1,0,1,0,0.0
4,18,29,2,2,4,1,0,3,0.0
4,18,29,2,2,2,0,2,0,0.0
4,18,29,1,2,2,0,0,0,0.0
4,18,24,2,4,22,5,5,1,6.0
4,18,29,2,2,3,0,0,3,0.0
4,18,29,2,4,30,2,2,9,3.0
4,18,29,2,1,3,1,0,0,0.0
4,18,29,2,4,18,0,0,2,2.0
4,18,29,1,1,1,0,0,0,0.0
4,18,9,1,1,1,1,0,0,0.0
4,18,24,2,3,27,1,18,6,0.0
4,18,29,1,2,4,4,1,0,1.0
4,18,29,1,1,1,1,0,0,0.0
4,18,29,2,3,3,0,0,2,0.0
4,18,29,1,1,1,1,0,0,0.0
4,18,29,2,2,3,2,0,2,1.0
4,18,29,1,1,2,0,3,0,1.0
4,18,29,2,4,20,4,7,5,1.0
4,18,29,2,1,7,0,8,0,1.0
4,18,29,2,4,9,0,3,7,1.0
4,18,29,2,3,7,8,0,3,3.0
4,18,29,2,2,4,1,1,2,0.0
4,18,29,2,3,8,0,0,2,1.0
4,18,29,2,2,3,0,1,1,0.0
4,18,29,2,1,7,4,1,2,0.0
4,18,29,1,1,1,0,0,0,0.0
4,18,29,2,2,5,3,0,1,0.0
4,18,29,2,3,3,0,0,0,0.0
4,18,29,2,5,40,0,7,0,5.0
4,18,29,2,3,15,10,0,0,0.0
4,18,29,1,3,3,0,0,0,0.0
4,18,29,1,2,4,0,0,2,1.0
4,18,29,1,1,2,1,0,1,0.0
4,18,29,1,1,1,0,0,1,0.0
4,18,29,1,1,1,0,1,0,0.0
4,18,29,1,1,1,1,0,0,0.0
4,18,29,2,3,5,3,0,0,3.0
4,18,29,1,1,2,2,0,0,0.0
4,18,9,2,3,5,1,1,3,0.0
4,18,29,1,1,1,1,0,0,0.0
4,18,29,1,1,4,4,0,0,0.0
4,18,29,1,1,1,0,1,0,0.0
4,18,29,1,1,1,0,1,0,0.0
4,18,29,1,2,2,1,0,0,0.0
4,18,29,1,1,4,0,3,0,0.0
4,18,29,2,3,15,4,0,11,0.0
4,18,29,2,3,11,0,0,16,4.0
4,18,29,1,1,1,0,0,1,0.0
4,18,29,2,2,4,0,4,0,0.0
4,18,29,1,3,6,2,1,0,0.0
4,18,29,2,1,2,0,0,0,0.0
4,18,29,1,1,1,1,0,0,0.0
4,18,29,2,3,14,6,1,7,0.0
4,18,29,1,1,1,1,0,0,0.0
4,18,29,2,3,16,11,0,1,0.0
4,18,29,2,3,5,1,3,1,0.0
4,18,29,2,1,6,5,0,2,1.0
4,18,29,2,3,6,3,2,1,0.0
4,18,29,2,3,7,0,0,7,0.0
4,18,29,1,1,2,0,2,0,0.0
4,18,29,2,2,6,3,3,0,0.0
4,18,29,2,4,12,6,0,2,1.0
4,18,29,1,3,7,0,1,3,0.0
4,18,29,2,1,11,0,2,4,1.0
4,18,9,1,2,2,0,0,2,0.0
4,18,29,1,1,1,2,0,0,1.0
4,18,29,2,2,6,0,7,0,1.0
4,18,29,2,2,6,0,13,0,5.0
4,18,29,1,2,4,0,0,3,0.0
4,18,29,1,1,1,0,1,0,0.0
4,18,29,2,2,4,0,0,0,0.0
4,18,29,2,2,2,1,1,0,0.0
4,18,29,2,3,9,8,0,2,1.0
4,18,29,1,1,1,1,0,0,0.0
4,18,29,2,4,17,5,3,7,0.0
4,18,29,1,2,4,0,3,1,0.0
4,18,24,1,1,1,1,0,0,0.0
4,18,29,1,1,1,0,1,0,0.0
4,18,29,2,2,3,0,0,3,0.0
4,18,29,2,2,4,4,0,0,0.0
4,18,29,2,4,11,3,1,0,4.0
4,18,29,1,1,2,0,1,0,0.0
4,18,29,2,2,5,0,1,4,0.0
4,18,29,1,1,1,1,0,0,0.0
4,18,29,1,1,1,1,0,0,0.0
4,18,29,1,1,1,0,0,0,0.0
4,18,29,2,1,3,3,0,0,0.0
4,18,29,2,3,16,9,2,5,1.0
4,18,29,2,1,4,0,12,0,3.0
4,18,46,1,2,2,0,1,1,0.0
4,18,29,2,3,6,2,0,4,0.0
4,18,29,2,3,12,0,3,4,0.0
4,18,29,1,1,1,1,0,0,0.0
4,18,29,2,2,3,1,2,0,0.0
4,18,29,2,5,12,4,0,3,0.0
4,18,29,2,2,6,0,0,6,0.0
4,18,29,2,3,9,0,5,0,1.0
4,18,29,1,2,2,0,0,2,0.0
4,18,29,2,2,5,3,1,1,0.0
4,18,29,2,1,4,1,0,0,0.0
4,18,29,2,1,2,0,2,0,0.0
4,18,29,2,2,2,2,0,0,0.0
4,18,29,2,2,2,0,0,2,0.0
4,18,29,2,1,2,0,0,1,0.0
4,18,29,2,2,14,7,8,0,1.0
4,18,9,1,1,1,0,1,0,0.0
4,18,29,2,1,5,1,0,1,0.0
4,18,29,2,5,16,10,0,0,2.0
4,18,29,2,2,3,0,7,0,3.0
4,18,29,2,3,6,0,0,13,1.0
4,18,29,2,4,7,6,0,3,1.0
4,18,29,2,3,13,2,8,0,0.0
4,18,29,2,2,6,1,3,0,0.0
4,18,29,2,1,4,0,0,0,1.0
4,18,29,1,1,1,0,0,0,0.0
4,18,29,1,1,1,0,0,0,0.0
4,18,29,1,1,1,1,0,0,0.0
4,18,9,1,2,5,5,0,0,0.0
4,18,29,1,2,3,0,0,1,0.0
4,18,29,2,2,2,1,0,0,0.0
4,18,29,2,1,4,0,0,4,0.0
4,18,29,2,4,7,0,0,0,0.0
4,18,29,1,1,2,0,0,0,0.0
4,18,29,2,4,13,2,5,4,1.0
4,18,29,2,4,5,0,1,2,0.0
4,18,29,2,1,2,0,2,0,2.0
4,18,29,2,2,6,0,6,0,0.0
4,18,29,1,1,1,0,0,1,0.0
4,18,29,1,1,1,1,0,0,0.0
4,18,29,2,5,15,3,0,3,0.0
4,18,29,1,2,2,2,0,0,0.0
4,18,29,2,4,8,1,1,0,2.0
4,18,29,2,1,3,2,1,0,0.0
4,18,29,1,2,9,18,0,0,4.0
4,18,24,2,3,17,6,4,2,0.0
4,18,29,2,3,26,8,9,0,1.0
4,18,9,1,1,2,0,0,3,1.0
4,18,9,2,2,12,8,5,3,4.0
4,18,29,1,1,1,0,0,0,0.0
4,18,9,2,1,4,1,4,0,1.0
4,18,9,2,3,18,7,3,8,0.0
4,18,29,2,1,3,0,0,0,0.0
4,18,9,1,2,5,3,3,0,1.0
4,18,46,1,1,1,0,0,1,0.0
4,18,46,1,1,1,0,1,0,0.0
4,18,46,1,1,1,1,0,0,0.0
4,18,46,1,1,1,1,0,0,0.0
4,18,29,1,3,8,7,0,2,1.0
4,18,29,1,1,1,0,0,1,0.0
4,18,9,2,2,17,9,5,5,2.0
4,18,29,2,2,5,5,0,0,0.0
4,18,29,2,1,5,2,0,2,0.0
4,18,29,2,1,7,0,3,4,0.0
4,18,29,2,3,13,8,2,2,1.0
4,18,29,2,3,6,1,2,2,0.0
4,18,29,2,5,25,0,0,3,9.0
4,18,9,1,1,2,0,0,2,0.0
4,18,9,2,2,5,2,1,2,0.0
4,18,46,2,2,2,0,2,0,0.0
4,18,9,1,1,1,0,0,1,0.0
4,18,9,2,4,13,6,3,4,0.0
4,18,29,2,3,16,0,2,11,0.0
4,18,9,1,1,3,1,1,1,0.0
4,18,29,2,2,4,0,3,1,0.0
4,18,29,1,1,1,0,0,1,0.0
4,18,29,1,1,1,1,0,0,0.0
4,18,34,1,1,3,3,0,0,0.0
4,18,44,1,1,4,1,0,2,0.0
4,18,44,2,4,13,7,0,6,3.0
4,18,29,2,2,10,5,4,0,0.0
4,18,29,2,1,3,0,3,0,0.0
4,18,29,1,1,1,0,0,0,0.0
4,18,29,1,1,1,0,1,0,0.0
4,18,29,2,1,2,2,0,0,0.0
4,18,29,1,2,2,0,0,0,0.0
4,18,29,2,2,4,2,0,0,0.0
4,18,29,2,2,4,3,1,0,0.0
4,18,29,2,3,8,3,0,0,0.0
4,18,24,1,1,1,0,0,1,0.0
4,18,29,2,1,5,0,3,2,0.0
4,18,29,2,4,16,1,5,3,0.0
4,19,29,2,2,7,0,6,0,1.0
4,19,29,2,2,4,0,4,0,0.0
4,19,29,2,2,3,1,1,0,0.0
4,19,29,2,1,9,3,2,2,0.0
4,19,9,2,3,8,3,0,5,0.0
4,19,9,2,2,4,0,1,3,0.0
4,19,9,2,2,6,0,5,1,0.0
4,19,9,1,2,2,2,0,0,0.0
4,19,29,2,4,15,0,8,2,1.0
4,19,29,1,1,2,0,5,0,1.0
4,19,29,1,1,2,1,0,0,0.0
4,19,29,1,1,1,1,0,0,0.0
4,19,29,1,1,3,2,0,1,0.0
4,19,24,2,2,7,2,6,0,1.0
4,19,9,2,2,6,3,1,6,4.0
4,19,3,2,4,28,1,0,16,1.0
4,19,29,2,3,12,8,2,0,0.0
4,19,29,2,1,5,7,0,0,1.0
4,19,9,2,3,12,4,4,5,1.0
4,19,9,1,2,5,0,4,1,0.0
4,19,29,1,1,4,0,4,0,0.0
4,19,29,2,4,10,0,0,0,3.0
4,19,9,1,1,1,1,0,0,0.0
4,19,29,2,3,10,2,0,2,0.0
4,19,29,2,3,9,1,5,3,0.0
4,19,37,2,3,4,0,1,0,0.0
4,19,37,1,1,1,0,0,2,1.0
4,19,21,2,1,5,3,0,2,0.0
4,19,29,2,4,20,0,7,7,4.0
4,19,9,2,2,3,0,0,3,0.0
4,19,29,1,1,3,3,0,0,0.0
4,19,29,1,1,2,2,0,0,0.0
4,19,29,2,4,45,2,1,3,18.0
4,19,29,1,1,1,0,0,0,0.0
4,19,29,1,1,3,0,2,2,1.0
4,19,29,2,3,6,1,4,1,0.0
4,19,29,1,1,1,1,0,0,0.0
4,19,9,1,1,6,0,5,2,1.0
4,19,29,1,1,4,2,0,2,0.0
4,19,29,2,3,4,0,0,0,0.0
4,19,29,2,2,9,6,3,0,0.0
4,19,29,2,2,3,0,2,0,0.0
4,19,29,2,2,6,3,1,0,0.0
4,19,29,2,4,19,0,0,5,4.0
4,19,29,1,1,1,0,0,1,0.0
4,19,29,1,1,1,0,1,0,0.0
4,19,29,2,2,4,0,0,0,0.0
4,19,29,2,3,16,7,6,5,2.0
4,19,29,1,2,3,0,3,0,0.0
4,19,29,2,1,4,0,0,1,0.0
4,19,29,1,1,1,0,2,0,1.0
4,19,29,1,1,2,3,0,0,1.0
4,19,29,2,1,6,0,7,0,1.0
4,19,29,1,1,1,0,1,0,0.0
4,19,29,1,1,1,0,0,1,0.0
4,19,29,2,1,7,0,2,1,1.0
4,19,29,1,1,1,0,0,0,0.0
4,19,29,2,1,3,0,0,0,0.0
4,19,29,1,1,1,1,0,0,0.0
4,19,29,2,3,7,0,5,1,1.0
4,19,29,2,3,11,4,0,8,1.0
4,19,29,2,4,23,4,0,14,1.0
4,19,29,2,3,16,0,4,7,1.0
4,19,29,2,4,28,24,0,15,6.0
4,19,29,2,5,54,5,7,2,1.0
4,19,29,1,2,3,1,0,1,0.0
4,19,29,1,1,1,0,1,0,0.0
4,19,29,1,1,1,2,0,0,1.0
4,19,29,2,2,7,1,5,1,0.0
4,19,29,1,1,1,2,0,0,1.0
4,19,29,1,2,7,0,8,0,1.0
4,19,29,1,2,2,1,1,0,0.0
4,19,29,1,1,3,0,2,1,1.0
4,19,29,1,1,1,2,0,0,1.0
4,19,29,2,2,2,0,2,0,0.0
4,19,29,2,1,3,0,3,0,0.0
4,19,29,2,4,9,1,3,0,0.0
4,19,29,2,1,2,2,0,1,1.0
4,19,16,1,3,4,3,0,0,0.0
4,19,29,2,1,5,0,0,5,0.0
4,19,29,2,4,27,6,13,11,3.0
4,19,29,2,3,10,0,0,1,1.0
4,19,29,1,1,1,0,0,1,0.0
4,19,29,2,4,21,4,4,6,3.0
4,19,29,2,3,5,3,0,0,0.0
4,19,29,2,3,7,3,2,0,1.0
4,19,29,1,1,1,0,0,0,0.0
4,19,29,1,1,1,1,0,0,0.0
4,19,29,1,1,2,0,1,0,0.0
4,19,29,2,3,4,3,2,0,2.0
4,19,29,1,1,1,1,0,0,0.0
4,19,29,1,1,1,0,1,0,0.0
4,19,46,2,4,10,5,1,4,0.0
4,19,29,1,3,3,0,0,0,0.0
4,19,29,2,2,2,1,0,1,0.0
4,19,29,1,1,1,0,1,0,0.0
4,19,29,2,3,5,0,1,2,0.0
4,19,29,1,1,1,0,0,1,0.0
4,19,29,2,2,4,0,2,0,0.0
4,19,29,1,1,1,0,0,0,0.0
4,19,29,2,1,7,6,1,0,1.0
4,19,44,1,1,1,0,0,1,0.0
4,19,15,2,3,8,2,2,3,0.0
4,19,29,1,1,1,0,0,0,0.0
4,19,29,1,2,2,0,1,3,1.0
4,19,29,1,1,3,0,2,1,0.0
4,19,29,2,2,6,0,3,2,1.0
4,19,29,1,2,2,0,3,0,1.0
4,19,29,1,1,1,0,1,0,0.0
4,19,29,2,4,15,2,1,8,0.0
4,19,29,1,1,1,0,1,0,0.0
4,19,29,2,4,6,0,0,0,0.0
4,19,29,1,1,1,0,0,0,0.0
4,19,29,2,3,5,1,0,4,0.0
4,19,29,1,2,4,0,2,0,0.0
4,19,29,1,2,4,0,0,2,0.0
4,19,29,2,2,6,1,3,0,0.0
4,19,29,1,1,1,0,0,0,0.0
4,19,29,2,4,9,0,0,0,0.0
4,19,29,2,3,5,0,0,0,0.0
4,19,29,2,3,4,3,0,1,0.0
4,19,29,1,1,3,0,0,3,0.0
4,19,29,2,1,2,0,0,0,0.0
4,19,29,2,3,7,0,0,4,0.0
4,19,46,2,2,15,5,6,0,1.0
4,19,29,1,1,1,0,1,0,0.0
4,19,29,1,1,1,1,0,0,0.0
4,19,29,2,2,7,0,4,3,0.0
4,19,29,1,1,2,2,0,0,0.0
4,19,29,1,1,1,0,0,0,0.0
4,19,29,2,3,5,4,0,1,0.0
4,19,29,2,3,19,16,5,14,6.0
4,19,29,2,4,9,0,6,3,0.0
4,19,29,1,1,1,0,1,0,0.0
4,19,29,1,1,1,1,0,0,0.0
4,19,29,2,2,4,4,0,0,0.0
4,19,29,2,3,10,7,3,2,4.0
4,19,29,2,2,3,1,0,2,0.0
4,19,29,1,1,1,0,3,0,1.0
4,19,29,1,1,1,1,0,0,0.0
4,19,29,1,1,3,0,3,0,0.0
4,19,29,2,4,39,4,0,14,6.0
4,19,9,1,1,1,1,0,0,0.0
4,19,29,2,2,5,0,3,2,0.0
4,19,29,2,5,24,3,0,5,6.0
4,19,9,2,3,21,6,7,11,3.0
4,19,46,1,1,1,0,1,0,0.0
4,19,46,1,1,1,1,0,0,0.0
4,19,46,1,1,1,0,1,0,0.0
4,19,46,1,1,1,1,0,0,0.0
4,19,29,2,3,10,0,4,6,0.0
4,19,29,2,1,2,0,2,0,0.0
4,19,29,2,4,9,0,0,5,0.0
4,19,29,1,1,2,0,1,0,0.0
4,19,29,2,3,6,2,0,0,0.0
4,19,9,1,2,7,0,7,0,0.0
4,19,29,1,1,1,0,1,0,0.0
4,19,46,1,2,2,0,1,1,0.0
4,19,29,1,1,1,0,1,0,0.0
4,19,46,2,4,9,6,0,1,2.0
4,19,9,2,2,5,0,3,4,2.0
4,19,29,1,2,2,0,0,1,0.0
4,19,29,1,1,1,0,0,1,0.0
4,19,29,2,4,18,11,3,1,0.0
4,19,29,1,2,7,0,5,0,0.0
4,19,29,1,1,2,0,2,0,0.0
4,19,29,2,1,2,2,0,0,0.0
4,19,29,1,3,5,4,0,2,1.0
4,19,29,2,1,24,8,11,5,0.0
4,20,29,1,1,3,4,0,0,1.0
4,20,29,1,2,4,0,0,2,0.0
4,20,29,2,5,23,0,0,13,8.0
4,20,29,1,1,1,0,0,0,0.0
4,20,29,2,2,9,4,2,1,1.0
4,20,29,1,1,1,0,0,0,0.0
4,20,9,2,1,7,4,3,0,0.0
4,20,9,2,2,3,2,1,0,0.0
4,20,9,2,1,5,4,1,0,0.0
4,20,29,2,1,4,2,3,0,1.0
4,20,29,2,1,3,1,2,0,0.0
4,20,29,1,1,1,0,1,0,0.0
4,20,29,2,1,2,0,0,2,0.0
4,20,9,1,1,2,4,0,0,1.0
4,20,29,2,2,5,0,6,0,1.0
4,20,9,2,3,4,0,1,0,0.0
4,20,29,2,3,9,1,3,4,0.0
4,20,29,1,1,1,1,0,0,0.0
4,20,9,1,2,2,1,0,1,0.0
4,20,29,1,1,1,0,0,0,1.0
4,20,29,2,3,11,4,1,2,0.0
4,20,29,2,3,6,2,0,3,0.0
4,20,29,1,1,1,0,0,0,0.0
4,20,24,1,1,1,0,0,0,0.0
4,20,29,1,2,7,0,16,0,2.0
4,20,29,2,5,22,5,10,4,5.0
4,20,29,2,2,2,1,0,2,1.0
4,20,29,2,1,2,0,0,0,0.0
4,20,29,1,1,2,0,2,0,0.0
4,20,29,1,1,1,0,0,0,0.0
4,20,29,1,1,1,1,0,0,0.0
4,20,29,2,1,5,0,3,2,0.0
4,20,29,2,3,8,2,3,3,0.0
4,20,29,2,3,6,0,3,2,0.0
4,20,29,2,1,15,12,4,0,3.0
4,20,29,2,2,4,1,1,2,0.0
4,20,29,1,2,2,2,0,0,0.0
4,20,9,1,1,2,0,0,3,1.0
4,20,41,2,3,8,4,0,3,1.0
4,20,29,2,2,6,0,6,0,0.0
4,20,9,2,3,14,0,0,14,0.0
4,20,9,2,2,15,0,0,16,1.0
4,20,29,2,5,11,0,0,6,0.0
4,20,29,2,4,10,0,4,2,0.0
4,20,29,1,2,3,1,0,1,0.0
4,20,29,2,4,8,8,0,2,1.0
4,20,29,2,1,2,0,1,0,0.0
4,20,29,2,3,8,8,0,1,1.0
4,20,29,2,3,10,3,0,1,0.0
4,20,29,1,1,1,1,0,0,0.0
4,20,29,2,4,12,7,0,3,0.0
4,20,29,1,1,1,2,0,0,1.0
4,20,29,1,1,2,1,1,0,0.0
4,20,29,1,2,3,3,0,0,0.0
4,20,29,2,5,20,6,5,1,0.0
4,20,29,2,3,10,0,2,2,0.0
4,20,29,2,3,10,0,0,14,3.0
4,20,29,1,1,1,1,0,0,0.0
4,20,29,1,1,1,0,0,0,0.0
4,20,29,1,1,1,0,1,0,0.0
4,20,29,2,4,4,0,0,1,0.0
4,20,29,1,2,3,1,2,0,0.0
4,20,29,2,1,4,0,0,0,0.0
4,20,29,1,2,5,2,1,0,0.0
4,20,29,2,1,3,3,0,0,0.0
4,20,29,2,3,11,0,0,11,0.0
4,20,29,2,2,4,0,4,0,1.0
4,20,29,1,2,4,0,3,0,0.0
4,20,29,1,1,2,2,0,0,0.0
4,20,29,1,1,1,0,1,0,0.0
4,20,29,2,2,6,3,2,0,0.0
4,20,29,2,4,15,1,3,8,3.0
4,20,29,2,3,17,3,9,2,0.0
4,20,29,1,1,5,3,0,3,1.0
4,20,29,1,1,1,1,0,0,0.0
4,20,29,2,1,3,1,0,4,1.0
4,20,29,2,2,3,0,1,1,0.0
4,20,29,1,2,3,0,0,3,0.0
4,20,29,2,2,2,2,0,0,0.0
4,20,29,1,1,1,1,0,0,0.0
4,20,29,2,5,32,2,10,5,4.0
4,20,29,1,1,3,0,0,1,0.0
4,20,29,1,2,4,2,2,0,0.0
4,20,29,2,5,16,1,9,2,2.0
4,20,29,1,1,1,0,0,0,0.0
4,20,29,1,1,1,0,0,0,0.0
4,20,29,1,1,5,5,0,0,0.0
4,20,29,1,1,1,1,0,0,0.0
4,20,29,2,4,25,1,4,4,9.0
4,20,29,1,1,1,0,0,0,0.0
4,20,29,2,2,7,0,0,8,1.0
4,20,29,2,2,4,4,0,1,1.0
4,20,29,1,3,3,2,1,0,0.0
4,20,29,1,1,1,0,1,0,0.0
4,20,29,2,3,6,1,2,3,0.0
4,20,15,1,1,1,1,0,0,0.0
4,20,29,1,2,2,2,0,0,1.0
4,20,29,1,1,1,0,0,1,0.0
4,20,29,2,1,11,2,4,3,0.0
4,20,29,2,1,12,2,0,6,0.0
4,20,29,2,4,18,6,3,8,3.0
4,20,29,1,1,1,0,1,0,0.0
4,20,29,2,4,15,1,2,12,3.0
4,20,29,1,1,1,0,1,0,0.0
4,20,29,2,1,3,3,0,2,2.0
4,20,29,1,1,1,2,0,0,1.0
4,20,29,1,1,1,0,0,1,0.0
4,20,46,2,4,13,3,1,3,0.0
4,20,29,2,3,5,5,0,0,0.0
4,20,29,1,1,1,1,0,0,0.0
4,20,29,2,5,14,3,0,6,0.0
4,20,29,2,2,2,1,0,1,0.0
4,20,29,1,1,2,1,1,0,0.0
4,20,29,2,2,3,4,0,0,1.0
4,20,29,1,2,6,0,5,0,0.0
4,20,29,1,1,4,3,0,0,0.0
4,20,29,1,1,1,0,0,0,0.0
4,20,29,2,2,4,4,0,0,0.0
4,20,29,1,1,2,1,0,2,1.0
4,20,9,2,2,5,0,0,5,0.0
4,20,29,2,2,8,1,3,2,0.0
4,20,46,2,3,6,0,0,0,0.0
4,20,29,1,1,1,0,1,0,0.0
4,20,29,1,1,2,2,0,0,0.0
4,20,29,1,1,1,0,0,0,0.0
4,20,46,2,3,3,0,0,3,0.0
4,20,29,1,2,2,0,2,0,0.0
4,20,29,1,1,2,0,0,2,0.0
4,20,29,2,3,11,3,4,3,0.0
4,20,29,1,1,1,0,1,0,0.0
4,20,29,1,1,1,0,0,0,0.0
4,20,29,2,3,8,0,1,4,0.0
4,20,29,1,1,6,1,2,3,0.0
4,20,29,1,1,2,0,1,0,0.0
4,20,46,1,1,1,0,0,0,0.0
4,20,29,1,1,2,2,0,0,0.0
4,20,29,2,2,7,2,5,1,1.0
4,20,46,2,1,2,0,0,1,0.0
4,20,44,1,2,2,0,0,2,0.0
4,20,29,2,1,2,2,0,0,0.0
4,20,29,2,2,4,3,0,1,0.0
4,20,29,2,2,3,2,0,0,0.0
4,20,29,2,3,13,2,3,8,0.0
4,20,29,1,1,3,2,0,1,0.0
4,20,29,2,4,4,0,1,3,0.0
4,20,29,2,4,15,1,0,2,2.0
4,20,29,2,2,3,1,0,1,0.0
4,20,29,1,2,2,0,2,0,0.0
4,20,29,2,3,9,4,0,4,1.0
4,20,29,1,1,1,1,0,0,0.0
4,20,29,1,1,1,0,2,0,1.0
4,20,29,2,3,15,4,15,5,6.0
4,20,29,1,1,2,2,0,0,0.0
4,20,9,1,1,1,1,0,0,0.0
4,20,24,1,1,1,1,0,0,0.0
4,20,46,1,1,1,0,1,0,0.0
4,20,46,1,1,1,0,0,1,0.0
4,20,46,1,1,1,1,0,0,0.0
4,20,46,1,1,1,0,0,1,0.0
4,20,46,1,1,1,0,0,1,0.0
4,20,46,1,1,1,0,0,0,0.0
4,20,29,1,1,2,1,1,0,0.0
4,20,29,2,2,3,0,4,0,1.0
4,20,29,2,2,6,3,3,0,0.0
4,20,29,2,2,6,0,0,2,0.0
4,20,29,2,2,2,0,0,1,0.0
4,20,9,1,1,1,0,0,0,0.0
4,20,44,1,1,1,0,0,0,0.0
4,20,46,1,1,1,0,0,1,0.0
4,20,29,2,3,3,2,0,0,0.0
4,20,46,1,1,1,0,0,0,0.0
4,20,29,1,1,1,0,1,0,0.0
4,20,29,2,5,6,0,0,0,0.0
4,20,29,2,2,4,2,1,0,0.0
4,20,29,2,3,3,0,0,0,0.0
4,20,29,1,2,5,0,5,0,0.0
4,20,29,2,4,18,1,2,6,0.0
4,20,29,1,2,2,1,1,0,0.0
4,20,29,2,2,12,1,9,1,0.0
4,20,29,2,1,2,0,2,0,0.0
4,20,28,1,1,3,3,0,0,0.0
4,20,29,1,1,1,0,0,0,0.0
4,21,29,2,3,8,0,0,2,1.0
4,21,29,2,3,5,0,0,2,1.0
4,21,29,1,1,1,0,0,1,0.0
4,21,29,2,2,5,0,0,0,0.0
4,21,9,1,1,2,1,0,1,0.0
4,21,9,2,1,2,2,0,0,0.0
4,21,29,2,2,5,0,1,4,0.0
4,21,3,2,4,15,5,1,6,1.0
4,21,9,1,1,2,1,0,1,0.0
4,21,29,1,1,1,1,0,0,0.0
4,21,32,1,1,1,0,0,0,0.0
4,21,29,2,2,4,0,0,0,0.0
4,21,29,2,2,7,0,2,0,0.0
4,21,29,2,2,7,0,6,1,1.0
4,21,9,1,1,2,2,0,0,0.0
4,21,9,1,2,9,10,2,0,2.0
4,21,29,2,2,5,0,0,0,0.0
4,21,29,1,1,1,1,0,0,0.0
4,21,29,2,1,3,0,0,0,0.0
4,21,29,1,2,2,0,1,1,0.0
4,21,29,1,1,1,0,0,1,0.0
4,21,29,2,2,5,0,0,3,0.0
4,21,29,1,1,1,0,0,0,0.0
4,21,41,1,2,3,2,1,0,0.0
4,21,29,2,2,3,2,0,0,0.0
4,21,15,2,4,16,6,6,8,4.0
4,21,9,2,2,8,7,2,0,1.0
4,21,9,1,1,1,1,0,0,0.0
4,21,29,2,3,5,1,2,2,0.0
4,21,9,1,1,1,1,0,0,0.0
4,21,12,2,5,16,0,0,0,1.0
4,21,29,2,2,3,3,0,0,0.0
4,21,29,2,2,2,0,0,0,1.0
4,21,9,2,1,4,5,0,0,1.0
4,21,29,2,4,14,0,1,0,0.0
4,21,29,2,3,11,4,0,7,0.0
4,21,29,1,1,1,0,1,0,0.0
4,21,29,1,1,1,0,1,0,0.0
4,21,29,1,1,1,0,0,1,0.0
4,21,29,1,1,1,0,0,0,0.0
4,21,29,1,1,1,0,1,0,0.0
4,21,29,2,3,4,1,2,0,0.0
4,21,29,1,1,1,0,0,0,0.0
4,21,29,2,3,12,3,0,2,1.0
4,21,29,1,1,1,0,0,1,0.0
4,21,29,2,3,8,0,4,1,0.0
4,21,29,2,1,2,0,0,0,2.0
4,21,29,2,3,8,2,3,3,0.0
4,21,9,2,2,4,0,1,3,0.0
4,21,29,1,1,2,0,0,2,0.0
4,21,29,2,2,4,0,1,3,0.0
4,21,29,2,2,13,6,2,1,0.0
4,21,29,1,1,2,1,1,0,0.0
4,21,29,2,5,56,42,7,5,8.0
4,21,29,2,2,2,0,2,0,0.0
4,21,29,2,2,9,0,4,5,0.0
4,21,29,2,2,5,0,2,0,0.0
4,21,29,2,2,4,4,0,0,0.0
4,21,29,2,3,3,0,0,3,0.0
4,21,29,1,1,1,0,0,1,0.0
4,21,29,1,1,1,0,1,0,0.0
4,21,29,1,1,1,0,0,0,0.0
4,21,29,2,1,3,0,0,0,2.0
4,21,29,1,1,2,0,0,0,0.0
4,21,29,1,1,1,1,0,0,0.0
4,21,29,2,3,12,8,0,0,2.0
4,21,29,2,1,4,1,1,1,0.0
4,21,29,1,1,7,7,0,0,0.0
4,21,29,2,2,10,0,10,0,0.0
4,21,29,1,2,3,0,3,0,0.0
4,21,29,1,1,1,0,1,0,0.0
4,21,29,2,3,4,2,2,0,0.0
4,21,29,1,2,3,3,0,0,0.0
4,21,29,1,2,2,1,0,1,0.0
4,21,29,1,1,1,0,0,0,0.0
4,21,29,1,1,1,2,0,0,1.0
4,21,29,1,1,1,0,1,0,0.0
4,21,29,1,1,1,1,0,0,0.0
4,21,29,2,2,3,1,0,0,0.0
4,21,29,1,1,1,0,1,0,0.0
4,21,29,2,1,5,3,2,0,0.0
4,21,29,2,3,7,0,4,4,1.0
4,21,29,1,1,1,0,0,0,0.0
4,21,29,1,1,1,1,0,0,0.0
4,21,29,2,3,15,15,0,0,2.0
4,21,29,2,3,7,5,1,0,0.0
4,21,29,1,1,1,1,0,0,0.0
4,21,29,1,2,5,0,6,0,1.0
4,21,29,1,1,7,0,7,0,0.0
4,21,29,2,3,7,3,1,0,0.0
4,21,29,1,1,1,0,0,0,0.0
4,21,29,1,1,1,0,0,0,0.0
4,21,29,2,3,12,3,2,7,0.0
4,21,46,1,1,2,0,2,0,0.0
4,21,29,2,2,8,3,2,1,0.0
4,21,29,1,1,3,2,1,0,0.0
4,21,29,1,1,1,0,0,0,0.0
4,21,29,1,2,7,0,6,1,0.0
4,21,29,1,1,1,1,0,0,0.0
4,21,29,2,3,4,0,1,3,1.0
4,21,29,2,4,8,3,0,1,0.0
4,21,29,1,1,1,1,0,0,0.0
4,21,29,2,1,8,9,0,0,1.0
4,21,24,1,2,3,0,4,0,1.0
4,21,29,2,3,13,5,1,1,0.0
4,21,29,2,4,11,1,1,3,0.0
4,21,29,2,2,6,4,0,1,0.0
4,21,29,2,5,12,0,0,6,1.0
4,21,29,2,4,10,0,0,0,1.0
4,21,29,1,1,3,0,0,0,0.0
4,21,29,2,3,7,0,0,6,0.0
4,21,29,2,4,7,0,4,0,0.0
4,21,29,1,1,1,1,0,0,0.0
4,21,29,2,1,3,4,0,0,1.0
4,21,29,2,5,23,4,3,7,2.0
4,21,29,2,3,4,0,0,4,0.0
4,21,29,2,1,3,0,1,1,1.0
4,21,9,1,1,1,1,0,0,0.0
4,21,29,2,4,36,0,7,20,2.0
4,21,29,1,3,3,0,2,0,0.0
4,21,29,1,1,1,1,0,0,0.0
4,21,29,2,4,9,1,0,0,0.0
4,21,29,2,2,6,1,1,2,0.0
4,21,29,2,2,5,3,0,3,1.0
4,21,29,1,1,1,1,0,0,0.0
4,21,29,2,2,7,1,6,0,0.0
4,21,29,2,3,12,2,2,8,0.0
4,21,29,2,3,7,0,0,4,0.0
4,21,29,1,1,1,0,0,1,0.0
4,21,29,1,3,5,4,0,0,0.0
4,21,29,1,1,5,0,5,0,0.0
4,21,29,2,1,12,0,0,12,1.0
4,21,29,1,1,1,0,1,0,0.0
4,21,29,1,1,1,0,0,0,0.0
4,21,9,1,1,1,0,0,1,0.0
4,21,16,1,1,2,2,0,0,0.0
4,21,29,2,1,9,5,0,0,0.0
4,21,29,1,1,1,0,1,0,0.0
4,21,29,2,2,4,3,0,1,0.0
4,21,29,2,2,3,0,0,0,0.0
4,21,29,2,4,4,0,1,1,0.0
4,21,29,2,3,7,3,0,4,1.0
4,21,29,2,3,6,0,0,0,3.0
4,21,29,2,3,10,0,2,6,2.0
4,21,9,1,1,2,0,2,0,0.0
4,21,9,2,3,3,2,0,1,0.0
4,21,29,1,1,1,0,1,0,0.0
4,21,29,2,2,3,0,0,2,0.0
4,21,29,1,1,1,0,0,0,0.0
4,21,29,2,2,2,2,0,0,0.0
4,21,29,2,1,3,1,2,0,0.0
4,21,16,1,1,1,0,1,0,0.0
4,21,29,2,1,2,0,0,1,0.0
4,21,29,1,1,1,0,1,0,0.0
4,21,29,1,2,3,0,3,0,0.0
4,21,29,1,1,3,0,3,0,0.0
4,21,29,2,3,7,0,0,0,0.0
4,21,29,2,5,19,10,3,0,1.0
4,21,29,1,1,1,1,0,0,0.0
4,21,46,2,1,7,6,0,0,1.0
4,21,29,1,1,1,0,0,0,0.0
4,21,29,1,2,3,3,0,0,0.0
4,21,16,1,2,2,3,0,0,1.0
4,21,29,1,2,3,0,0,3,0.0
4,21,29,2,3,3,0,0,0,0.0
4,21,29,2,3,4,2,0,2,0.0
4,21,29,2,3,13,0,6,9,1.0
4,21,29,2,3,4,0,1,3,0.0
4,21,29,2,3,4,0,1,0,1.0
4,21,29,2,2,19,3,4,4,2.0
4,21,29,2,2,12,2,15,0,3.0
4,21,29,2,2,7,1,0,2,0.0
4,21,29,2,3,8,5,0,2,0.0
4,21,29,2,1,4,0,2,0,1.0
4,21,9,1,1,3,2,1,0,0.0
4,21,29,2,3,4,0,0,2,0.0
4,21,46,1,1,1,1,0,0,0.0
4,21,46,1,1,1,1,0,0,0.0
4,21,46,1,1,1,1,0,0,0.0
4,21,46,1,1,1,0,0,1,0.0
4,21,29,1,1,1,0,1,0,0.0
4,21,29,2,2,7,0,7,0,0.0
4,21,29,2,2,2,3,0,0,1.0
4,21,24,2,1,2,3,0,0,1.0
4,21,9,2,3,28,27,0,7,5.0
4,21,29,1,1,1,0,0,1,0.0
4,21,29,1,1,1,1,0,0,0.0
4,21,46,1,1,1,1,0,0,0.0
4,21,29,2,3,7,3,1,3,0.0
4,21,29,1,1,1,0,1,0,0.0
4,21,29,1,2,2,0,0,2,0.0
4,21,29,2,2,5,2,2,0,0.0
4,21,29,1,2,3,2,1,0,0.0
4,21,9,1,3,3,2,0,1,0.0
4,21,9,2,1,10,2,1,8,1.0
4,21,29,1,2,4,1,3,0,0.0
4,21,29,1,1,1,1,0,0,0.0
4,21,29,1,1,1,0,0,1,0.0
4,21,29,1,1,1,0,0,1,0.0
4,21,29,2,1,4,2,0,2,0.0
4,21,29,1,1,1,0,1,0,0.0
4,21,29,2,4,44,16,17,29,12.0
4,21,29,2,2,4,3,1,0,0.0
4,21,29,2,1,7,4,3,0,0.0
4,21,29,1,1,1,0,1,0,0.0
4,21,29,1,3,3,0,0,0,0.0
4,21,29,2,4,17,6,8,0,0.0
4,21,46,2,3,7,3,1,2,0.0
4,21,29,2,2,5,0,6,0,1.0
4,21,29,2,2,19,5,15,0,1.0
4,21,29,2,2,5,3,0,0,0.0
4,21,29,1,1,1,2,0,0,1.0
4,21,29,2,2,19,27,5,0,7.0
4,21,29,1,1,1,0,0,0,0.0
4,21,29,1,1,1,1,0,0,0.0
4,22,29,1,3,5,0,2,0,1.0
4,22,29,1,1,2,0,2,0,0.0
4,22,29,2,2,7,0,4,1,0.0
4,22,9,1,1,4,3,1,0,0.0
4,22,9,1,1,1,1,0,0,0.0
4,22,9,1,2,7,2,3,2,0.0
4,22,9,2,3,14,18,0,3,5.0
4,22,9,2,3,8,3,3,2,0.0
4,22,9,1,1,1,0,1,0,0.0
4,22,29,2,2,3,0,2,1,0.0
4,22,9,1,1,1,1,0,0,0.0
4,22,14,1,1,1,0,1,0,0.0
4,22,29,1,1,2,1,0,1,0.0
4,22,9,2,3,9,7,2,2,2.0
4,22,29,1,1,1,1,0,0,0.0
4,22,29,1,1,1,1,0,0,0.0
4,22,24,2,3,3,0,1,1,0.0
4,22,44,1,1,1,0,1,0,0.0
4,22,29,2,5,21,2,8,13,6.0
4,22,29,1,3,5,1,0,4,0.0
4,22,29,1,1,1,0,0,0,0.0
4,22,29,1,1,1,0,0,1,0.0
4,22,29,1,1,1,0,0,1,0.0
4,22,9,2,1,4,1,1,2,0.0
4,22,9,1,1,1,1,0,0,0.0
4,22,29,1,1,2,0,5,0,2.0
4,22,29,1,1,1,0,0,0,0.0
4,22,41,2,3,4,0,0,0,0.0
4,22,29,2,3,9,0,0,4,3.0
4,22,29,1,1,1,1,0,0,0.0
4,22,29,2,1,20,22,0,0,3.0
4,22,29,2,2,11,0,11,0,0.0
4,22,29,1,1,1,1,0,0,0.0
4,22,29,2,3,6,1,0,3,0.0
4,22,29,2,4,9,5,0,2,2.0
4,22,29,1,1,5,5,0,0,0.0
4,22,29,1,1,1,0,1,0,0.0
4,22,29,2,4,16,6,0,0,3.0
4,22,29,2,5,12,0,0,5,1.0
4,22,29,2,4,29,6,0,12,3.0
4,22,9,1,1,1,1,0,0,0.0
4,22,29,1,2,4,0,4,0,0.0
4,22,9,2,2,5,1,1,3,0.0
4,22,29,2,4,11,1,0,4,0.0
4,22,29,1,1,1,1,0,0,0.0
4,22,34,1,2,3,3,0,0,0.0
4,22,29,2,3,8,0,1,7,0.0
4,22,29,1,1,2,2,0,0,0.0
4,22,29,1,1,1,0,0,0,0.0
4,22,29,2,2,2,0,2,0,0.0
4,22,29,1,3,5,1,3,1,0.0
4,22,29,2,3,14,5,0,5,2.0
4,22,29,1,3,3,0,0,0,0.0
4,22,29,2,2,4,3,0,2,1.0
4,22,29,2,3,3,1,0,0,0.0
4,22,29,1,1,2,0,2,0,0.0
4,22,29,1,2,2,1,0,1,0.0
4,22,29,2,4,8,6,0,0,0.0
4,22,29,1,2,5,2,2,2,2.0
4,22,29,2,1,2,0,2,0,0.0
4,22,29,1,1,1,0,0,0,0.0
4,22,29,2,2,6,0,3,0,0.0
4,22,29,1,1,3,0,1,2,0.0
4,22,29,2,1,3,0,0,2,0.0
4,22,29,2,4,22,0,4,6,1.0
4,22,29,2,1,3,3,0,1,1.0
4,22,29,1,1,6,2,0,4,0.0
4,22,29,1,2,3,1,2,0,0.0
4,22,29,2,2,3,0,0,0,0.0
4,22,29,1,2,2,0,2,0,0.0
4,22,34,2,3,11,15,0,0,3.0
4,22,29,1,1,1,1,0,0,0.0
4,22,29,2,4,17,4,4,9,3.0
4,22,29,1,1,2,0,0,0,0.0
4,22,29,1,1,4,0,0,0,0.0
4,22,29,2,3,9,3,6,3,2.0
4,22,29,2,2,4,0,0,4,0.0
4,22,29,2,3,8,1,2,5,1.0
4,22,29,2,2,5,4,0,0,0.0
4,22,29,1,1,1,0,1,0,0.0
4,22,29,2,2,3,0,1,0,0.0
4,22,29,2,2,4,1,3,0,0.0
4,22,29,1,1,1,0,0,1,0.0
4,22,29,2,3,8,0,7,2,2.0
4,22,29,1,1,1,0,0,0,0.0
4,22,29,2,4,9,0,0,8,1.0
4,22,29,2,4,9,3,2,4,0.0
4,22,29,1,1,1,1,0,0,0.0
4,22,29,2,4,11,4,1,3,0.0
4,22,29,1,1,2,0,2,0,0.0
4,22,29,2,2,2,0,1,1,0.0
4,22,29,1,2,2,0,2,0,0.0
4,22,29,2,4,26,6,13,5,0.0
4,22,29,2,1,11,1,9,1,0.0
4,22,29,2,1,2,0,0,0,0.0
4,22,29,1,1,2,0,2,0,0.0
4,22,29,2,2,4,0,0,3,0.0
4,22,29,1,1,3,3,0,0,0.0
4,22,29,1,1,3,1,3,1,1.0
4,22,29,2,4,17,4,5,4,3.0
4,22,29,2,4,8,0,2,5,2.0
4,22,29,2,3,4,0,2,0,1.0
4,22,9,1,1,1,1,0,0,0.0
4,22,29,1,1,2,3,0,0,1.0
4,22,29,1,1,3,0,2,1,0.0
4,22,9,2,3,5,2,0,3,0.0
4,22,29,2,2,2,0,0,2,0.0
4,22,29,2,3,8,0,0,0,0.0
4,22,29,1,1,3,2,1,0,0.0
4,22,29,2,1,20,0,8,13,1.0
4,22,29,2,2,8,2,0,5,1.0
4,22,29,1,1,1,0,0,0,0.0
4,22,29,2,4,21,3,0,18,0.0
4,22,29,2,5,16,1,7,1,0.0
4,22,29,2,4,7,0,0,0,0.0
4,22,29,1,2,3,1,0,0,0.0
4,22,29,1,1,2,0,0,2,0.0
4,22,29,2,3,6,0,0,0,1.0
4,22,29,1,2,7,0,7,0,0.0
4,22,29,1,1,1,0,1,0,0.0
4,22,29,1,1,3,0,0,1,0.0
4,22,29,2,1,4,0,0,4,0.0
4,22,29,1,1,5,2,3,0,0.0
4,22,29,2,2,6,0,6,0,0.0
4,22,29,1,2,2,0,2,0,0.0
4,22,29,1,1,1,0,0,0,0.0
4,22,29,2,3,11,0,1,5,0.0
4,22,29,2,3,9,0,3,5,0.0
4,22,29,1,1,1,1,0,0,0.0
4,22,29,2,2,12,0,13,0,1.0
4,22,29,1,1,1,0,0,1,0.0
4,22,46,1,1,1,0,0,1,0.0
4,22,46,2,4,20,4,7,0,4.0
4,22,29,2,1,8,3,1,3,0.0
4,22,29,1,1,1,0,0,0,0.0
4,22,29,1,2,2,0,1,0,0.0
4,22,29,1,1,3,1,2,0,0.0
4,22,29,2,3,8,3,4,2,1.0
4,22,29,1,1,1,0,1,0,0.0
4,22,29,2,2,3,0,0,0,0.0
4,22,29,1,1,1,0,1,0,0.0
4,22,29,2,3,13,6,0,5,0.0
4,22,29,2,1,2,0,0,0,0.0
4,22,29,1,1,1,0,2,0,1.0
4,22,29,2,2,4,1,0,3,0.0
4,22,29,2,2,6,0,4,2,0.0
4,22,46,2,3,9,2,3,4,0.0
4,22,29,1,1,1,0,0,0,0.0
4,22,29,1,1,1,0,0,0,0.0
4,22,29,1,1,3,0,0,0,0.0
4,22,29,2,4,13,0,0,11,0.0
4,22,29,1,1,3,2,0,0,0.0
4,22,29,2,3,9,1,2,4,0.0
4,22,29,1,1,2,0,2,0,0.0
4,22,29,2,4,20,5,5,6,0.0
4,22,29,1,1,2,1,1,0,0.0
4,22,29,1,1,1,0,1,0,0.0
4,22,29,1,1,2,1,1,0,0.0
4,22,29,2,2,3,0,0,3,0.0
4,22,29,1,1,1,0,0,0,0.0
4,22,29,2,1,3,0,0,3,0.0
4,22,46,2,4,9,5,1,5,4.0
4,22,29,1,1,1,0,0,1,0.0
4,22,34,1,1,1,1,0,0,0.0
4,22,29,2,4,12,5,2,0,1.0
4,22,29,2,2,2,1,0,0,0.0
4,22,29,1,2,7,3,2,2,0.0
4,22,29,1,1,3,3,0,0,0.0
4,22,29,1,4,5,0,0,0,0.0
4,22,29,2,2,9,3,6,0,2.0
4,22,29,2,4,21,15,4,7,4.0
4,22,29,1,1,3,2,0,0,0.0
4,22,46,1,1,1,0,1,0,0.0
4,22,46,1,1,1,0,0,1,0.0
4,22,46,1,1,1,1,0,0,0.0
4,22,46,1,1,1,1,0,0,0.0
4,22,46,1,1,1,1,0,0,0.0
4,22,9,1,1,2,1,0,1,0.0
4,22,29,1,1,2,0,0,2,0.0
4,22,29,1,1,1,0,1,0,0.0
4,22,29,1,1,1,1,0,0,0.0
4,22,29,1,1,1,0,1,0,0.0
4,22,29,1,1,1,0,0,0,0.0
4,22,29,1,1,1,1,0,0,0.0
4,22,29,2,2,6,1,2,3,0.0
4,22,29,1,1,1,0,1,0,0.0
4,22,29,1,1,1,0,0,0,0.0
4,22,29,1,1,1,4,0,0,1.0
4,22,29,1,1,2,0,2,0,0.0
4,22,44,2,3,18,7,8,5,3.0
4,22,44,1,1,3,0,4,0,1.0
4,22,29,1,1,7,8,0,0,1.0
4,22,29,1,1,1,0,2,0,1.0
4,22,9,1,1,3,0,3,0,0.0
4,22,9,1,2,5,1,4,0,0.0
4,22,29,1,1,2,2,0,0,0.0
4,22,29,2,3,5,0,0,0,0.0
4,22,29,2,1,3,0,3,0,0.0
4,22,29,1,3,3,0,0,3,0.0
4,22,29,1,1,1,0,1,0,0.0
4,22,29,2,1,2,2,0,0,0.0
4,22,9,1,1,1,0,0,1,0.0
4,22,29,2,2,11,6,0,0,0.0
4,22,29,2,4,10,0,1,2,0.0
4,22,29,2,2,7,3,5,0,2.0
4,22,29,1,1,1,0,1,0,0.0
4,22,29,1,1,3,0,0,2,0.0
4,23,29,2,2,5,4,1,0,1.0
4,23,29,2,5,21,1,3,20,2.0
4,23,9,1,2,2,1,0,1,0.0
4,23,29,2,1,2,1,0,1,0.0
4,23,9,1,1,2,3,0,0,1.0
4,23,9,2,2,3,3,0,0,0.0
4,23,9,2,2,2,0,1,1,0.0
4,23,29,2,1,2,0,4,0,1.0
4,23,9,1,1,4,3,2,0,1.0
4,23,9,1,1,1,1,0,0,0.0
4,23,9,2,2,5,0,5,0,0.0
4,23,41,2,2,5,5,0,2,1.0
4,23,9,2,2,12,13,1,1,2.0
4,23,9,1,1,1,1,0,0,0.0
4,23,29,1,1,1,0,0,1,0.0
4,23,9,2,2,7,0,1,6,0.0
4,23,29,2,2,7,4,0,4,1.0
4,23,34,1,2,3,5,0,0,1.0
4,23,29,2,2,2,0,0,0,0.0
4,23,29,2,4,15,4,1,4,1.0
4,23,9,2,2,7,1,1,5,0.0
4,23,9,1,1,1,0,0,1,0.0
4,23,9,1,1,3,4,0,0,1.0
4,23,9,1,1,2,0,0,2,0.0
4,23,9,1,1,1,1,0,0,0.0
4,23,29,2,3,8,3,0,0,0.0
4,23,29,1,1,1,0,1,0,0.0
4,23,29,2,2,8,6,1,1,0.0
4,23,9,1,2,2,0,1,1,0.0
4,23,9,2,3,8,7,0,1,0.0
4,23,29,1,1,1,1,0,0,0.0
4,23,29,2,1,7,2,2,4,1.0
4,23,29,1,1,2,0,1,0,0.0
4,23,29,1,1,20,17,4,0,1.0
4,23,29,2,3,6,3,0,1,0.0
4,23,29,1,1,1,1,0,0,0.0
4,23,9,2,2,4,2,0,2,0.0
4,23,29,2,2,4,0,0,0,0.0
4,23,29,1,1,1,0,0,0,0.0
4,23,29,1,1,1,1,0,0,0.0
4,23,21,2,1,2,0,2,1,1.0
4,23,29,2,2,4,1,3,0,0.0
4,23,29,1,2,2,2,0,0,0.0
4,23,29,1,2,3,2,1,0,0.0
4,23,9,2,1,2,0,1,1,0.0
4,23,29,1,1,1,0,1,0,0.0
4,23,29,2,1,3,1,0,3,1.0
4,23,29,1,2,9,0,9,0,0.0
4,23,29,1,1,2,2,0,0,0.0
4,23,29,1,1,1,1,0,0,0.0
4,23,29,1,3,7,0,3,2,0.0
4,23,29,2,3,4,1,0,0,0.0
4,23,29,2,4,27,38,0,0,13.0
4,23,29,2,3,8,0,3,1,1.0
4,23,29,1,2,3,0,3,0,0.0
4,23,29,2,4,17,3,5,0,0.0
4,23,29,1,1,1,0,0,1,0.0
4,23,29,1,2,2,0,1,1,0.0
4,23,29,1,1,1,0,2,0,1.0
4,23,29,1,1,1,0,0,0,0.0
4,23,29,1,1,5,3,0,0,0.0
4,23,29,2,4,10,0,0,8,0.0
4,23,29,2,2,6,0,4,0,1.0
4,23,29,1,1,1,0,0,0,1.0
4,23,29,1,1,2,0,2,0,0.0
4,23,34,2,2,4,0,4,0,0.0
4,23,9,2,2,9,1,5,3,0.0
4,23,29,2,3,5,1,2,1,1.0
4,23,29,2,2,7,0,0,6,0.0
4,23,29,2,2,8,4,0,0,0.0
4,23,29,1,1,2,0,2,0,0.0
4,23,29,2,4,21,0,0,1,1.0
4,23,29,2,5,15,0,2,5,0.0
4,23,29,2,5,10,1,0,1,0.0
4,23,29,1,2,2,0,0,0,0.0
4,23,29,1,1,1,0,1,0,0.0
4,23,29,1,3,4,0,1,2,0.0
4,23,29,2,2,3,2,1,0,0.0
4,23,29,1,2,5,6,0,0,1.0
4,23,29,2,1,5,0,2,3,0.0
4,23,29,2,4,27,7,4,7,0.0
4,23,29,2,1,5,1,0,0,1.0
4,23,29,2,2,8,0,4,3,0.0
4,23,29,2,2,2,1,0,1,0.0
4,23,29,2,3,5,0,0,5,0.0
4,23,29,2,2,4,0,1,2,0.0
4,23,29,2,4,7,3,0,4,0.0
4,23,29,1,1,1,0,0,0,0.0
4,23,29,2,3,5,2,0,0,0.0
4,23,29,2,3,41,45,4,9,16.0
4,23,29,2,1,3,3,0,0,0.0
4,23,29,1,1,1,1,0,0,0.0
4,23,29,1,1,3,0,0,3,0.0
4,23,29,1,1,2,1,0,1,0.0
4,23,29,2,3,22,12,7,4,1.0
4,23,29,1,1,2,0,3,0,1.0
4,23,29,2,1,6,1,2,3,0.0
4,23,29,2,2,2,0,0,3,1.0
4,23,29,1,1,1,0,1,0,0.0
4,23,29,1,2,3,0,5,0,1.0
4,23,29,1,2,2,0,0,2,0.0
4,23,29,2,2,11,2,5,0,0.0
4,23,29,1,1,1,0,0,0,0.0
4,23,29,2,4,29,0,13,6,0.0
4,23,29,2,3,8,1,0,7,1.0
4,23,29,2,3,8,5,0,3,0.0
4,23,29,2,3,8,16,0,0,5.0
4,23,29,1,1,1,0,0,2,1.0
4,23,29,2,2,14,3,3,2,1.0
4,23,29,1,1,2,0,2,0,0.0
4,23,29,2,1,7,1,4,1,0.0
4,23,29,2,1,2,1,1,0,0.0
4,23,29,2,2,7,0,2,3,1.0
4,23,29,1,1,2,2,0,0,0.0
4,23,29,1,2,6,0,6,0,0.0
4,23,29,2,1,3,0,0,2,0.0
4,23,29,1,1,1,1,0,0,0.0
4,23,29,1,1,1,0,1,0,0.0
4,23,29,1,1,2,0,0,0,0.0
4,23,29,2,1,3,3,0,0,0.0
4,23,29,1,2,8,0,10,0,2.0
4,23,29,2,2,2,0,1,0,0.0
4,23,29,2,2,12,4,6,0,2.0
4,23,29,2,2,9,0,9,0,0.0
4,23,29,2,1,2,0,0,0,0.0
4,23,29,2,2,9,7,2,0,0.0
4,23,29,2,3,9,0,3,8,2.0
4,23,29,2,1,3,0,0,0,0.0
4,23,29,2,4,15,0,5,2,1.0
4,23,29,1,2,2,0,0,0,1.0
4,23,29,1,1,1,0,0,0,0.0
4,23,29,2,1,3,1,0,1,0.0
4,23,29,1,2,2,0,0,1,0.0
4,23,9,1,1,1,1,0,0,0.0
4,23,29,1,3,4,4,0,0,1.0
4,23,29,2,3,3,2,0,0,0.0
4,23,29,2,1,10,0,6,4,0.0
4,23,29,1,2,3,0,0,3,0.0
4,23,29,2,2,2,0,0,2,0.0
4,23,29,2,3,5,0,2,1,1.0
4,23,46,1,1,3,3,0,2,1.0
4,23,29,2,2,4,0,2,0,0.0
4,23,29,1,2,5,4,0,1,0.0
4,23,29,2,2,3,1,1,0,0.0
4,23,29,2,2,9,4,0,9,3.0
4,23,29,1,1,1,0,0,0,0.0
4,23,29,2,3,6,0,0,3,0.0
4,23,29,1,1,1,0,1,0,0.0
4,23,29,2,2,3,0,2,1,1.0
4,23,29,2,1,4,4,0,0,0.0
4,23,9,1,1,1,0,0,2,1.0
4,23,29,2,1,27,12,7,8,0.0
4,23,29,2,3,6,2,0,4,2.0
4,23,46,1,1,1,0,1,0,0.0
4,23,46,1,1,1,0,0,1,0.0
4,23,46,1,1,1,0,1,0,0.0
4,23,46,1,1,1,0,1,0,0.0
4,23,29,1,1,4,4,0,0,0.0
4,23,29,2,1,2,2,0,0,0.0
4,23,29,2,4,42,9,12,4,1.0
4,23,29,2,3,14,1,11,1,1.0
4,23,29,2,4,15,6,0,9,0.0
4,23,29,2,2,4,1,2,1,0.0
4,23,29,1,1,2,0,0,2,0.0
4,23,29,2,2,3,0,3,0,0.0
4,23,29,2,4,23,0,1,13,3.0
4,23,29,1,2,2,0,2,0,0.0
4,23,29,2,3,8,1,0,5,1.0
4,23,29,2,2,5,1,1,3,0.0
4,23,29,2,1,3,0,3,0,0.0
4,23,29,2,2,5,0,0,0,0.0
4,23,44,2,3,3,0,1,2,0.0
4,23,9,2,3,12,6,1,6,1.0
4,23,29,1,1,1,0,0,1,0.0
4,23,29,1,2,3,0,2,0,0.0
4,23,9,1,1,1,0,1,0,0.0
4,23,29,2,2,2,2,0,1,1.0
4,23,29,1,1,1,0,1,0,0.0
4,23,9,2,1,12,3,8,1,0.0
4,23,29,2,3,6,4,0,0,0.0
4,23,29,2,4,9,2,2,4,0.0
4,23,29,2,3,7,1,4,0,0.0
4,24,29,2,4,11,4,0,7,2.0
4,24,29,2,1,4,2,0,2,0.0
4,24,29,2,2,7,6,0,1,0.0
4,24,16,1,1,6,5,1,0,0.0
4,24,29,1,1,2,0,0,1,1.0
4,24,9,1,1,2,1,1,0,0.0
4,24,9,2,4,8,5,1,3,1.0
4,24,9,1,1,2,2,0,0,0.0
4,24,29,2,2,5,6,0,0,1.0
4,24,29,1,2,4,0,5,1,1.0
4,24,9,2,2,4,2,2,0,0.0
4,24,9,2,2,2,1,1,0,0.0
4,24,19,2,2,4,0,0,0,0.0
4,24,29,2,2,5,0,0,2,0.0
4,24,9,1,2,4,0,0,4,0.0
4,24,29,1,1,2,0,0,2,0.0
4,24,9,2,2,3,2,2,0,1.0
4,24,29,2,3,9,1,4,1,0.0
4,24,9,2,3,4,2,0,2,0.0
4,24,29,1,1,1,0,0,0,0.0
4,24,29,1,1,1,0,1,0,0.0
4,24,9,2,3,11,3,2,6,0.0
4,24,12,1,1,3,3,0,0,0.0
4,24,29,2,3,6,0,1,2,1.0
4,24,29,1,1,4,6,0,0,2.0
4,24,9,1,1,2,1,1,0,0.0
4,24,29,1,2,3,4,0,0,1.0
4,24,29,1,1,1,0,0,1,0.0
4,24,29,1,3,3,2,0,1,0.0
4,24,29,2,1,5,0,0,4,1.0
4,24,29,1,2,2,0,0,0,0.0
4,24,29,2,3,8,0,2,0,0.0
4,24,29,1,1,1,0,0,1,0.0
4,24,24,1,2,3,2,1,0,0.0
4,24,29,2,3,6,0,5,0,0.0
4,24,29,1,1,2,0,0,0,0.0
4,24,29,1,1,1,0,0,0,0.0
4,24,29,2,3,8,0,2,6,0.0
4,24,29,2,2,4,2,1,0,1.0
4,24,29,2,2,7,3,4,0,0.0
4,24,29,2,1,2,2,0,0,0.0
4,24,29,1,1,1,0,0,0,0.0
4,24,46,2,1,10,0,7,3,0.0
4,24,29,2,1,4,3,1,0,0.0
4,24,29,2,2,20,9,0,3,0.0
4,24,29,2,1,2,0,2,0,0.0
4,24,29,2,5,10,2,1,2,2.0
4,24,9,2,2,9,6,0,3,0.0
4,24,29,1,1,1,0,0,0,0.0
4,24,29,2,3,22,17,0,0,1.0
4,24,29,2,1,6,6,0,0,0.0
4,24,29,2,3,8,6,0,0,1.0
4,24,29,1,2,2,0,0,2,0.0
4,24,29,1,1,2,0,2,0,0.0
4,24,29,1,1,1,0,0,1,0.0
4,24,29,1,1,2,0,2,0,0.0
4,24,29,2,5,13,0,0,0,1.0
4,24,29,1,1,1,1,0,0,0.0
4,24,29,1,2,3,3,0,0,0.0
4,24,29,1,1,1,0,0,0,0.0
4,24,29,1,1,1,0,0,0,0.0
4,24,29,1,2,2,0,0,0,1.0
4,24,29,2,4,13,0,4,9,0.0
4,24,29,1,1,1,0,1,0,0.0
4,24,29,2,2,10,3,7,0,1.0
4,24,29,2,1,2,0,0,0,0.0
4,24,29,1,2,3,0,0,3,0.0
4,24,29,2,3,4,1,0,1,0.0
4,24,29,1,1,1,0,0,0,0.0
4,24,29,1,2,5,0,5,0,0.0
4,24,29,1,2,2,0,1,0,0.0
4,24,29,2,4,13,7,1,2,1.0
4,24,29,2,2,7,6,1,1,1.0
4,24,29,1,1,1,0,0,1,0.0
4,24,29,2,4,7,3,1,3,0.0
4,24,29,2,3,12,4,2,5,0.0
4,24,29,2,1,2,3,0,0,1.0
4,24,9,1,2,3,0,2,2,1.0
4,24,29,2,4,16,9,0,0,0.0
4,24,29,2,4,12,0,6,1,1.0
4,24,29,2,3,5,0,0,2,0.0
4,24,29,1,3,4,3,0,1,0.0
4,24,29,2,1,6,5,3,0,2.0
4,24,29,1,2,3,0,3,0,0.0
4,24,29,2,3,16,1,12,3,0.0
4,24,29,2,4,14,6,9,1,3.0
4,24,29,1,2,3,0,4,0,1.0
4,24,29,1,1,1,1,0,0,0.0
4,24,29,2,1,3,0,2,0,0.0
4,24,29,2,3,11,2,6,1,2.0
4,24,29,1,1,6,7,0,0,1.0
4,24,29,2,2,6,5,0,1,0.0
4,24,29,1,3,7,0,0,7,0.0
4,24,29,2,1,3,3,0,1,1.0
4,24,29,2,2,8,1,0,6,0.0
4,24,29,2,1,6,0,5,0,0.0
4,24,29,1,1,1,0,1,0,0.0
4,24,29,2,2,4,0,2,2,0.0
4,24,29,2,3,26,1,21,6,6.0
4,24,29,1,1,1,0,0,0,0.0
4,24,29,1,1,1,0,0,0,0.0
4,24,29,2,3,5,0,0,1,0.0
4,24,29,1,1,1,0,0,1,0.0
4,24,29,2,1,8,1,0,7,0.0
4,24,29,1,1,1,0,0,1,0.0
4,24,29,2,1,7,3,5,0,1.0
4,24,29,2,3,4,0,2,2,0.0
4,24,29,1,1,1,0,0,0,0.0
4,24,29,1,1,3,0,1,2,0.0
4,24,29,2,2,2,0,2,0,0.0
4,24,29,2,2,3,0,4,0,1.0
4,24,29,2,1,4,1,1,0,0.0
4,24,29,2,1,3,1,0,1,0.0
4,24,29,2,1,18,8,6,0,0.0
4,24,29,1,1,2,0,2,0,0.0
4,24,29,2,2,3,3,0,0,0.0
4,24,29,2,3,6,1,1,1,0.0
4,24,29,1,1,6,3,0,3,0.0
4,24,29,2,1,2,2,0,0,0.0
4,24,9,2,2,3,0,0,3,0.0
4,24,29,2,1,4,0,4,0,0.0
4,24,29,2,1,3,1,2,0,0.0
4,24,29,1,2,5,0,5,0,0.0
4,24,29,2,5,11,0,0,0,2.0
4,24,29,2,3,11,4,4,2,0.0
4,24,29,2,2,2,0,0,2,0.0
4,24,29,1,1,1,1,0,0,0.0
4,24,29,1,4,5,0,0,1,0.0
4,24,29,1,4,7,2,1,0,0.0
4,24,29,2,5,14,4,0,5,0.0
4,24,29,2,4,6,0,0,3,0.0
4,24,29,2,1,3,0,2,1,0.0
4,24,29,1,1,4,4,0,0,0.0
4,24,29,2,2,3,0,1,1,0.0
4,24,46,1,1,1,2,0,0,1.0
4,24,29,1,1,2,0,1,1,0.0
4,24,29,2,1,10,0,1,6,0.0
4,24,29,1,1,1,1,0,0,0.0
4,24,29,2,2,11,7,3,6,2.0
4,24,29,1,1,2,2,0,0,0.0
4,24,29,1,1,1,1,0,0,0.0
4,24,29,2,2,9,4,2,0,0.0
4,24,46,1,1,1,1,0,0,0.0
4,24,46,1,1,1,0,1,0,0.0
4,24,46,1,1,1,1,0,0,0.0
4,24,46,1,1,1,1,0,0,0.0
4,24,46,1,1,1,0,0,1,0.0
4,24,29,1,1,1,0,0,1,0.0
4,24,29,2,4,21,2,3,6,7.0
4,24,29,2,4,8,3,0,0,0.0
4,24,29,2,4,14,12,0,0,1.0
4,24,29,1,1,1,1,0,0,0.0
4,24,29,1,1,3,1,0,2,0.0
4,24,29,2,2,3,2,1,0,0.0
4,24,29,1,1,1,1,0,0,0.0
4,24,29,2,1,8,2,3,2,0.0
4,24,44,2,1,4,4,0,0,0.0
4,24,16,1,2,3,1,3,0,1.0
4,24,29,2,4,10,0,3,1,0.0
4,24,9,2,2,4,0,4,0,0.0
4,24,9,1,2,3,0,3,0,0.0
4,24,9,1,2,9,4,2,6,3.0
4,24,9,1,2,2,3,0,0,1.0
4,24,46,2,1,2,0,2,0,0.0
4,24,29,1,1,1,1,0,0,0.0
4,24,29,2,2,7,0,8,0,1.0
4,24,29,2,1,7,0,3,0,0.0
4,24,29,1,1,1,0,1,0,0.0
4,24,29,2,2,4,4,0,0,0.0
4,24,9,2,3,10,5,0,6,1.0
4,24,29,1,1,1,1,0,0,0.0
4,24,29,1,2,4,5,0,0,1.0
4,24,29,2,3,19,0,9,8,0.0
4,24,29,2,1,5,0,1,1,0.0
4,25,9,2,2,3,3,1,0,1.0
4,25,29,2,4,12,0,4,1,0.0
4,25,21,1,1,2,2,0,0,0.0
4,25,29,1,1,1,0,0,1,0.0
4,25,24,1,1,1,0,1,0,0.0
4,25,29,1,1,4,4,0,0,0.0
4,25,29,1,1,2,2,0,0,0.0
4,25,9,1,1,1,0,0,2,1.0
4,25,9,1,1,2,0,0,2,0.0
4,25,9,2,2,16,9,2,6,1.0
4,25,24,1,1,1,1,0,0,0.0
4,25,29,2,4,29,0,0,0,2.0
4,25,29,2,1,2,0,2,0,0.0
4,25,29,1,1,1,0,0,0,0.0
4,25,29,2,1,2,2,0,0,0.0
4,25,9,1,1,1,1,0,0,0.0
4,25,9,1,1,2,1,1,0,0.0
4,25,9,1,2,9,12,1,1,4.0
4,25,29,2,1,2,0,2,0,0.0
4,25,9,1,1,3,2,1,0,0.0
4,25,29,1,1,4,2,1,0,0.0
4,25,29,2,2,2,1,0,1,0.0
4,25,29,2,2,6,7,0,0,1.0
4,25,29,2,1,9,2,0,5,0.0
4,25,24,1,1,3,1,1,0,0.0
4,25,24,1,2,2,2,0,0,0.0
4,25,24,1,3,7,4,3,1,1.0
4,25,24,2,3,4,1,0,0,0.0
4,25,9,2,2,4,3,1,0,0.0
4,25,29,1,1,1,0,0,1,0.0
4,25,29,2,1,4,2,1,1,0.0
4,25,29,2,4,13,0,0,12,1.0
4,25,29,1,2,4,1,0,0,0.0
4,25,29,1,1,1,1,0,0,0.0
4,25,14,1,1,1,1,0,0,0.0
4,25,29,1,1,1,0,0,1,0.0
4,25,29,1,1,1,0,0,0,0.0
4,25,29,1,1,3,0,0,2,0.0
4,25,29,2,2,4,0,4,0,0.0
4,25,24,2,1,5,0,0,4,1.0
4,25,29,2,3,7,5,0,0,1.0
4,25,9,2,2,4,3,2,0,1.0
4,25,29,2,4,4,0,0,2,0.0
4,25,29,1,1,1,1,0,0,0.0
4,25,29,1,1,3,3,0,0,0.0
4,25,29,2,2,2,1,0,0,0.0
4,25,29,1,1,2,2,0,0,0.0
4,25,29,1,2,2,0,1,1,0.0
4,25,29,2,5,14,4,0,6,0.0
4,25,29,1,1,2,0,0,1,0.0
4,25,29,2,1,2,2,0,0,0.0
4,25,29,1,3,7,1,5,1,0.0
4,25,29,1,1,1,1,0,0,0.0
4,25,29,2,1,3,0,0,4,1.0
4,25,29,1,1,1,0,0,1,0.0
4,25,29,1,1,1,0,0,1,0.0
4,25,29,2,3,5,3,0,2,2.0
4,25,29,1,1,1,0,0,0,0.0
4,25,29,1,3,6,0,5,0,0.0
4,25,29,2,2,4,0,2,1,0.0
4,25,29,2,1,5,0,2,3,0.0
4,25,29,1,1,1,0,0,0,0.0
4,25,29,1,1,1,1,0,0,0.0
4,25,29,1,1,1,0,1,0,0.0
4,25,29,1,1,1,0,0,0,0.0
4,25,29,2,1,4,0,3,0,0.0
4,25,29,1,1,1,0,0,0,0.0
4,25,29,1,1,1,0,0,1,0.0
4,25,29,1,1,1,1,0,0,0.0
4,25,29,1,1,3,2,0,1,0.0
4,25,29,2,2,3,0,1,0,0.0
4,25,29,1,1,3,2,1,0,0.0
4,25,29,1,2,2,2,0,0,0.0
4,25,29,1,1,1,1,0,0,0.0
4,25,29,1,1,1,0,0,0,0.0
4,25,29,2,1,2,2,0,0,0.0
4,25,29,1,1,1,1,0,0,0.0
4,25,29,2,4,12,3,5,2,0.0
4,25,29,1,1,1,0,1,0,0.0
4,25,29,2,1,2,0,2,0,0.0
4,25,29,2,2,5,1,0,2,0.0
4,25,29,2,2,4,3,0,1,0.0
4,25,29,1,1,2,2,0,0,0.0
4,25,29,1,1,1,1,0,0,0.0
4,25,29,2,4,8,1,4,4,6.0
4,25,29,1,1,1,0,0,1,0.0
4,25,24,2,1,2,1,0,1,0.0
4,25,29,1,1,1,0,0,0,0.0
4,25,29,1,2,3,0,0,0,0.0
4,25,29,2,1,10,4,0,2,0.0
4,25,29,1,1,2,0,2,0,0.0
4,25,29,1,1,1,0,0,0,0.0
4,25,29,2,4,17,2,0,1,2.0
4,25,29,1,2,2,0,2,0,0.0
4,25,29,2,3,5,4,0,0,0.0
4,25,29,2,1,4,0,4,0,0.0
4,25,9,2,2,3,0,2,1,0.0
4,25,29,1,1,2,0,2,0,0.0
4,25,29,2,2,7,1,0,8,2.0
4,25,29,2,2,3,0,1,0,1.0
4,25,29,2,2,2,0,0,0,0.0
4,25,29,1,1,1,1,0,0,0.0
4,25,29,2,2,12,0,13,0,1.0
4,25,29,2,1,4,5,0,0,1.0
4,25,29,1,1,8,8,0,0,0.0
4,25,29,2,3,6,0,1,1,0.0
4,25,29,2,5,18,6,3,3,2.0
4,25,29,2,1,2,0,0,0,0.0
4,25,29,2,1,9,7,0,0,5.0
4,25,29,1,1,1,0,1,0,0.0
4,25,29,1,1,2,0,0,0,0.0
4,25,29,2,3,6,0,0,3,1.0
4,25,29,1,1,1,0,1,0,0.0
4,25,46,1,1,1,1,0,0,0.0
4,25,29,2,2,6,0,6,0,0.0
4,25,44,1,1,2,0,1,1,0.0
4,25,9,2,1,4,4,1,0,1.0
4,25,29,1,2,2,2,0,0,0.0
4,25,29,1,1,1,0,0,0,0.0
4,25,29,2,2,6,0,5,0,1.0
4,25,29,1,1,1,1,0,0,0.0
4,25,29,1,2,3,0,2,1,0.0
4,25,44,2,2,12,11,2,4,5.0
4,25,29,2,1,4,4,0,0,0.0
4,25,29,1,2,2,0,0,2,0.0
4,25,9,1,2,3,1,2,0,0.0
4,25,29,1,1,1,0,1,0,0.0
4,25,22,2,2,7,6,0,0,0.0
4,25,29,2,2,2,1,1,0,0.0
4,25,29,1,1,1,0,0,0,1.0
4,25,29,2,5,15,1,0,2,1.0
4,25,29,1,1,2,0,2,0,0.0
4,25,29,2,3,8,3,0,3,0.0
4,25,29,2,4,9,6,2,0,1.0
4,25,29,2,5,20,2,1,5,0.0
4,25,29,2,2,6,0,7,0,1.0
4,25,29,1,1,2,2,0,0,0.0
4,25,29,1,1,2,1,1,0,0.0
4,25,29,2,1,5,4,0,0,0.0
4,25,29,1,2,3,0,3,0,0.0
4,25,29,2,2,5,0,3,2,0.0
4,25,29,1,1,1,0,0,0,0.0
4,25,29,2,2,11,7,0,6,2.0
4,25,29,2,4,8,3,2,1,1.0
4,25,29,1,1,5,0,2,0,0.0
4,25,29,1,1,1,0,0,0,1.0
4,25,29,2,2,2,0,0,0,0.0
4,25,29,2,1,2,2,0,0,1.0
4,25,29,1,1,1,0,1,0,0.0
4,25,29,1,1,1,0,0,1,0.0
4,25,29,2,5,30,19,2,3,5.0
4,25,9,2,2,5,3,1,1,0.0
4,25,9,1,1,1,0,0,1,0.0
4,25,29,1,1,2,0,0,2,0.0
4,25,29,2,5,14,3,3,6,2.0
4,25,29,1,1,2,0,3,0,1.0
4,25,29,1,1,2,1,0,0,0.0
4,25,9,1,1,1,1,0,0,0.0
4,25,29,2,4,16,7,5,5,1.0
4,25,9,1,1,2,1,0,1,0.0
4,25,46,1,1,1,0,1,0,0.0
4,25,46,1,1,1,1,0,0,0.0
4,25,46,1,1,1,0,0,1,0.0
4,25,9,2,1,2,2,1,0,1.0
4,25,29,2,1,2,2,0,0,0.0
4,25,9,1,1,4,3,0,1,0.0
4,25,29,1,1,10,2,2,2,2.0
4,25,29,1,1,1,0,1,0,0.0
4,25,29,2,3,14,9,4,0,0.0
4,25,29,2,3,5,4,1,0,0.0
4,25,29,2,4,12,5,0,5,0.0
4,25,44,2,3,3,0,1,2,0.0
4,25,29,2,3,7,2,1,3,1.0
4,25,9,2,1,4,3,1,0,0.0
4,25,9,1,1,2,0,2,0,0.0
4,25,24,2,4,11,0,1,8,1.0
4,25,29,1,1,1,0,0,1,0.0
4,25,29,1,1,1,0,0,1,0.0
4,25,29,1,1,1,1,0,0,0.0
4,25,29,1,2,4,0,2,1,0.0
4,25,29,2,1,2,0,1,1,0.0
4,26,29,2,1,5,6,0,0,1.0
4,26,29,2,3,12,0,4,8,0.0
4,26,9,1,1,4,4,0,0,0.0
4,26,29,1,1,1,1,0,0,0.0
4,26,29,1,2,6,0,5,0,1.0
4,26,29,2,2,10,5,2,1,0.0
4,26,29,1,1,1,0,0,0,0.0
4,26,29,1,1,2,0,2,0,0.0
4,26,29,1,2,3,3,0,0,0.0
4,26,9,1,1,1,0,0,1,0.0
4,26,9,2,3,14,18,0,0,3.0
4,26,29,2,1,5,0,2,2,0.0
4,26,29,2,1,4,0,0,1,0.0
4,26,29,1,1,4,3,0,0,0.0
4,26,29,2,1,2,0,2,0,0.0
4,26,27,2,3,12,2,4,5,0.0
4,26,29,2,2,8,2,2,1,2.0
4,26,29,2,3,7,2,0,3,0.0
4,26,29,2,2,2,0,2,0,0.0
4,26,9,2,4,41,17,10,37,21.0
4,26,29,2,3,9,2,0,6,0.0
4,26,29,1,1,2,3,0,0,1.0
4,26,29,2,4,22,11,1,7,5.0
4,26,29,2,1,2,0,0,2,0.0
4,26,29,1,3,5,2,2,0,0.0
4,26,29,1,2,4,0,2,0,0.0
4,26,29,2,4,27,11,3,8,0.0
4,26,29,2,4,4,0,0,2,0.0
4,26,29,1,1,1,1,0,0,0.0
4,26,29,2,4,9,0,0,9,1.0
4,26,29,1,1,1,0,0,1,0.0
4,26,29,1,1,1,0,0,0,0.0
4,26,29,1,1,1,0,1,0,0.0
4,26,29,1,1,1,0,0,1,0.0
4,26,29,1,2,2,0,1,0,0.0
4,26,29,1,1,2,2,0,0,0.0
4,26,29,2,3,8,3,3,0,1.0
4,26,29,1,2,4,2,0,1,0.0
4,26,29,2,2,8,4,5,0,2.0
4,26,29,2,2,2,0,0,2,0.0
4,26,29,1,1,1,0,0,1,0.0
4,26,29,2,2,5,1,2,2,0.0
4,26,29,2,4,25,6,3,16,6.0
4,26,29,1,3,6,0,0,9,4.0
4,26,29,1,1,1,0,0,1,0.0
4,26,29,2,1,3,3,0,0,0.0
4,26,29,1,1,1,0,0,1,0.0
4,26,29,2,4,11,0,0,9,0.0
4,26,29,2,3,5,0,0,0,0.0
4,26,29,1,1,1,0,0,0,0.0
4,26,29,1,1,2,0,2,0,0.0
4,26,29,1,2,4,0,0,1,0.0
4,26,29,1,1,1,0,0,0,0.0
4,26,29,1,2,3,3,0,0,0.0
4,26,29,2,1,4,1,0,1,0.0
4,26,29,1,1,1,0,1,0,0.0
4,26,29,1,2,2,0,1,1,0.0
4,26,29,1,2,3,0,3,0,0.0
4,26,29,2,3,11,4,3,3,0.0
4,26,29,2,2,2,0,0,1,0.0
4,26,29,2,4,6,0,3,1,1.0
4,26,29,2,3,26,4,15,6,4.0
4,26,29,2,1,2,0,2,0,0.0
4,26,29,2,3,6,0,0,0,0.0
4,26,29,1,1,1,0,0,1,0.0
4,26,29,1,1,2,1,1,0,0.0
4,26,29,1,2,3,0,2,1,0.0
4,26,29,2,3,8,1,1,5,0.0
4,26,29,1,1,1,1,0,0,0.0
4,26,29,2,2,3,0,1,2,0.0
4,26,29,2,2,3,0,0,3,0.0
4,26,29,2,5,15,1,3,4,0.0
4,26,29,1,1,1,0,0,0,0.0
4,26,29,1,1,1,0,1,0,0.0
4,26,29,1,1,1,0,0,0,1.0
4,26,29,1,1,1,0,0,1,0.0
4,26,29,1,1,1,0,0,0,0.0
4,26,29,2,2,2,0,1,0,0.0
4,26,29,2,1,5,5,0,0,0.0
4,26,29,2,3,6,1,2,4,2.0
4,26,29,1,1,1,0,0,0,0.0
4,26,29,1,1,1,1,0,0,0.0
4,26,29,1,2,3,0,1,2,0.0
4,26,29,1,1,2,2,0,0,0.0
4,26,29,2,2,5,6,0,0,1.0
4,26,29,1,1,2,0,1,1,0.0
4,26,29,2,1,2,0,3,0,1.0
4,26,29,2,1,6,0,3,4,1.0
4,26,29,2,4,9,0,0,6,1.0
4,26,29,1,1,1,0,0,0,0.0
4,26,29,1,1,1,1,0,0,0.0
4,26,29,2,4,20,2,5,5,1.0
4,26,29,2,1,2,2,1,0,1.0
4,26,46,1,1,1,0,0,1,0.0
4,26,46,1,1,1,0,0,1,0.0
4,26,46,1,1,1,0,1,0,0.0
4,26,46,1,1,1,1,0,0,0.0
4,26,46,1,1,1,1,0,0,0.0
4,26,29,2,1,7,0,6,1,0.0
4,26,29,1,1,1,0,0,1,0.0
4,26,24,1,2,2,0,0,1,0.0
4,26,9,2,4,20,13,1,11,5.0
4,26,29,1,1,1,0,0,1,0.0
4,26,9,2,2,10,2,4,8,4.0
4,26,9,1,2,3,4,0,0,1.0
4,26,9,2,4,18,16,6,3,7.0
4,26,29,1,1,1,0,0,0,1.0
4,26,29,1,1,2,2,0,0,0.0
4,26,29,2,2,3,2,0,2,1.0
4,27,29,2,3,10,5,0,7,1.0
4,27,9,2,1,2,3,0,0,1.0
4,27,29,1,2,5,3,2,0,0.0
4,27,9,2,2,5,5,0,0,0.0
4,27,42,2,5,24,4,8,6,0.0
4,27,9,2,4,23,9,5,16,6.0
4,27,9,1,1,1,0,1,0,0.0
4,27,9,2,3,10,6,0,4,0.0
4,27,29,2,1,4,3,1,0,0.0
4,27,29,2,4,7,4,1,0,0.0
4,27,9,2,1,7,6,0,2,1.0
4,27,9,2,1,3,0,0,3,0.0
4,27,29,1,1,3,0,0,2,0.0
4,27,29,1,3,5,0,4,0,0.0
4,27,29,1,2,2,0,0,0,0.0
4,27,24,1,1,2,0,4,0,2.0
4,27,9,2,2,3,3,0,0,0.0
4,27,29,1,2,2,0,2,0,0.0
4,27,29,1,2,5,0,0,2,0.0
4,27,29,2,2,6,3,0,3,0.0
4,27,29,2,1,6,0,5,1,0.0
4,27,29,2,2,8,1,7,0,0.0
4,27,29,1,1,1,1,0,0,0.0
4,27,29,2,2,7,5,1,2,1.0
4,27,9,1,2,7,1,6,0,0.0
4,27,9,1,1,2,2,0,0,0.0
4,27,29,1,1,3,1,0,1,0.0
4,27,24,1,1,3,3,0,0,0.0
4,27,29,2,1,2,2,0,0,0.0
4,27,29,2,2,3,0,0,1,0.0
4,27,29,1,1,1,0,0,1,0.0
4,27,29,1,1,1,1,0,0,0.0
4,27,29,1,1,1,0,1,0,0.0
4,27,29,2,2,8,3,3,1,0.0
4,27,9,1,1,4,4,0,0,0.0
4,27,29,1,1,1,0,0,1,0.0
4,27,29,1,3,5,1,3,1,0.0
4,27,29,2,2,2,1,0,0,0.0
4,27,29,2,1,3,0,0,3,0.0
4,27,29,1,2,4,0,4,0,0.0
4,27,29,1,3,6,0,0,4,0.0
4,27,29,2,1,2,0,0,0,0.0
4,27,29,2,3,8,2,3,0,0.0
4,27,29,1,1,1,0,0,1,0.0
4,27,29,1,1,1,1,0,0,0.0
4,27,29,1,1,1,0,0,0,0.0
4,27,29,2,2,4,1,3,0,0.0
4,27,29,1,1,1,0,0,1,0.0
4,27,29,1,1,1,0,0,0,0.0
4,27,29,2,1,3,0,3,0,0.0
4,27,29,1,1,1,0,2,0,1.0
4,27,29,1,2,5,0,5,0,0.0
4,27,29,1,1,2,2,0,0,0.0
4,27,29,1,1,2,2,0,0,0.0
4,27,29,1,1,1,0,0,0,1.0
4,27,29,1,1,1,0,1,0,0.0
4,27,29,2,3,6,2,1,4,1.0
4,27,29,2,1,7,1,3,3,0.0
4,27,29,1,2,4,0,4,0,0.0
4,27,29,1,1,1,1,0,0,0.0
4,27,29,2,3,6,0,1,0,0.0
4,27,29,1,1,7,8,0,0,1.0
4,27,29,1,1,1,1,0,0,0.0
4,27,29,2,2,7,1,0,6,1.0
4,27,29,1,2,3,0,0,0,1.0
4,27,29,2,4,11,5,4,0,1.0
4,27,29,1,1,1,0,0,1,0.0
4,27,29,1,1,1,1,0,0,0.0
4,27,29,2,2,4,3,1,0,0.0
4,27,29,2,1,10,3,7,0,0.0
4,27,29,2,1,23,11,0,14,2.0
4,27,29,1,1,1,0,1,0,0.0
4,27,29,2,1,2,0,0,0,0.0
4,27,29,1,1,2,2,0,0,0.0
4,27,29,2,3,16,13,3,2,1.0
4,27,29,2,3,9,9,2,0,1.0
4,27,29,1,1,1,1,0,0,0.0
4,27,29,2,5,27,3,11,9,1.0
4,27,29,1,2,6,0,6,0,0.0
4,27,29,2,2,5,6,0,0,1.0
4,27,29,1,2,2,0,1,0,0.0
4,27,29,2,1,2,0,2,0,0.0
4,27,29,2,3,19,0,4,11,1.0
4,27,29,2,2,8,8,2,1,2.0
4,27,29,1,3,5,0,0,6,1.0
4,27,29,1,1,6,2,2,2,0.0
4,27,29,2,1,3,0,0,1,0.0
4,27,29,1,1,1,3,0,0,1.0
4,27,29,2,2,17,3,9,7,4.0
4,27,29,1,1,2,0,0,4,2.0
4,27,29,1,1,1,0,0,0,0.0
4,27,29,1,1,2,2,0,0,0.0
4,27,29,1,1,1,0,1,0,0.0
4,27,29,2,3,10,4,5,0,0.0
4,27,29,1,1,1,0,0,0,0.0
4,27,29,2,3,19,18,2,0,1.0
4,27,29,2,2,8,1,7,0,0.0
4,27,29,2,1,2,2,0,0,0.0
4,27,29,1,1,1,2,0,0,1.0
4,27,29,1,3,4,0,0,2,0.0
4,27,29,2,3,11,8,0,4,1.0
4,27,29,2,4,10,0,5,0,0.0
4,27,29,2,2,8,3,0,0,0.0
4,27,29,2,1,9,1,2,2,0.0
4,27,46,2,4,14,6,5,3,0.0
4,27,29,2,1,8,0,8,0,0.0
4,27,29,1,2,5,5,0,0,0.0
4,27,29,2,1,3,0,1,3,1.0
4,27,29,1,1,1,1,0,0,0.0
4,27,29,2,2,3,3,0,0,0.0
4,27,29,2,2,3,2,0,1,0.0
4,27,29,2,1,4,2,1,0,0.0
4,27,29,1,2,2,0,0,2,0.0
4,27,29,1,1,1,0,1,0,0.0
4,27,29,2,2,6,2,2,1,0.0
4,27,29,2,2,5,0,1,0,0.0
4,27,29,1,1,1,1,0,0,0.0
4,27,29,2,3,5,0,3,2,0.0
4,27,9,2,2,3,3,0,0,0.0
4,27,29,2,1,3,1,2,0,0.0
4,27,29,1,3,4,4,0,0,0.0
4,27,46,1,1,1,1,0,0,0.0
4,27,46,1,1,1,0,0,1,0.0
4,27,46,1,1,1,1,0,0,0.0
4,27,29,1,1,1,0,1,0,0.0
4,27,29,2,2,19,14,1,6,6.0
4,27,29,1,3,7,4,0,1,1.0
4,27,29,1,2,2,0,2,0,0.0
4,27,29,1,1,1,0,0,1,0.0
4,27,9,1,1,2,0,0,2,0.0
4,27,29,1,1,2,0,0,2,0.0
4,27,29,2,4,18,1,1,5,1.0
4,27,29,2,1,3,1,3,0,1.0
4,27,29,2,1,2,2,0,0,0.0
4,27,44,2,4,8,1,3,4,0.0
4,27,29,2,1,6,3,2,0,0.0
4,27,29,2,2,8,0,9,5,2.0
4,27,9,1,2,3,2,1,0,0.0
4,27,29,1,2,3,0,3,0,0.0
4,27,29,1,1,1,0,1,0,0.0
4,27,29,2,2,4,0,0,4,0.0
4,27,29,1,2,2,0,2,0,0.0
4,27,29,1,1,4,1,0,0,0.0
4,27,29,1,1,1,0,1,0,0.0
4,27,29,2,3,23,9,10,4,0.0
4,28,10,1,1,1,1,0,0,0.0
4,28,29,2,2,7,3,2,1,0.0
4,28,29,2,3,7,5,0,0,0.0
4,28,16,1,2,3,0,2,1,0.0
4,28,29,2,5,10,2,1,5,0.0
4,28,9,1,2,2,2,0,0,0.0
4,28,24,2,1,2,0,2,0,0.0
4,28,29,2,3,7,6,0,1,0.0
4,28,29,2,2,4,0,0,4,0.0
4,28,29,1,1,3,1,0,2,1.0
4,28,24,1,1,1,0,0,1,0.0
4,28,29,2,2,2,2,0,0,0.0
4,28,29,1,1,1,0,1,0,0.0
4,28,29,1,1,1,1,0,0,0.0
4,28,29,1,1,1,0,1,0,0.0
4,28,29,1,1,1,1,0,0,0.0
4,28,41,2,4,4,0,1,2,0.0
4,28,9,1,1,1,1,0,0,0.0
4,28,9,2,2,7,2,0,5,0.0
4,28,29,2,1,3,0,3,0,0.0
4,28,27,1,2,4,1,1,4,2.0
4,28,29,1,1,1,1,0,0,0.0
4,28,29,1,1,2,0,0,2,0.0
4,28,29,1,1,3,2,0,0,0.0
4,28,9,2,2,3,2,1,0,0.0
4,28,29,1,1,1,1,0,0,0.0
4,28,24,1,1,1,1,0,0,0.0
4,28,29,2,1,7,0,5,0,0.0
4,28,29,2,3,7,6,0,1,0.0
4,28,29,1,1,1,1,0,0,0.0
4,28,24,1,1,3,0,3,0,0.0
4,28,29,1,1,1,1,0,0,0.0
4,28,41,1,1,1,1,0,0,0.0
4,28,29,2,3,12,3,8,3,2.0
4,28,29,2,1,8,0,3,8,3.0
4,28,29,2,2,5,0,4,0,0.0
4,28,9,1,1,1,1,0,0,0.0
4,28,24,1,3,3,0,0,3,2.0
4,28,29,2,2,3,1,1,1,0.0
4,28,29,2,1,4,0,0,5,1.0
4,28,29,2,1,7,0,3,6,2.0
4,28,24,1,1,1,0,0,1,0.0
4,28,9,2,1,4,0,4,0,0.0
4,28,29,1,1,1,1,0,0,0.0
4,28,29,1,1,4,3,0,2,1.0
4,28,29,2,2,9,3,7,0,1.0
4,28,29,2,1,2,2,0,0,0.0
4,28,29,2,5,7,3,0,0,0.0
4,28,29,2,2,5,0,0,1,0.0
4,28,29,1,3,6,3,0,1,1.0
4,28,29,1,2,2,2,0,0,0.0
4,28,29,1,1,1,0,0,0,0.0
4,28,29,1,1,1,1,0,0,0.0
4,28,29,1,1,1,0,0,0,0.0
4,28,29,2,4,12,2,0,2,1.0
4,28,29,1,1,1,0,0,1,0.0
4,28,29,2,3,14,10,0,5,1.0
4,28,29,1,1,1,0,0,1,0.0
4,28,29,1,2,2,0,2,0,0.0
4,28,29,2,2,7,0,0,3,0.0
4,28,29,2,2,4,0,0,4,0.0
4,28,29,1,1,1,0,0,2,1.0
4,28,29,2,1,3,1,1,1,0.0
4,28,29,1,1,1,0,1,0,0.0
4,28,29,1,2,4,0,3,1,0.0
4,28,29,2,1,7,4,0,3,1.0
4,28,34,2,1,3,0,0,1,1.0
4,28,9,2,4,18,2,5,12,1.0
4,28,9,1,1,1,1,0,0,0.0
4,28,29,2,1,8,10,0,0,2.0
4,28,29,1,1,1,0,1,0,0.0
4,28,29,2,3,7,0,0,0,1.0
4,28,29,2,2,2,2,0,0,0.0
4,28,29,1,1,1,0,1,0,0.0
4,28,29,2,3,9,5,1,3,0.0
4,28,29,1,1,1,0,0,1,0.0
4,28,29,1,2,2,0,2,0,0.0
4,28,29,1,2,8,1,7,0,0.0
4,28,44,2,2,9,0,9,0,0.0
4,28,29,1,1,1,0,1,0,0.0
4,28,29,2,3,11,0,0,3,0.0
4,28,9,2,1,9,5,0,5,1.0
4,28,29,2,2,2,0,1,1,0.0
4,28,29,2,4,15,6,0,2,2.0
4,28,29,1,2,7,3,5,0,1.0
4,28,29,2,1,2,1,1,0,0.0
4,28,29,2,2,2,0,0,0,0.0
4,28,29,1,1,1,0,1,0,0.0
4,28,29,1,1,1,0,2,0,1.0
4,28,29,2,3,8,4,0,0,0.0
4,28,29,1,2,4,0,6,1,2.0
4,28,29,1,2,2,0,2,0,0.0
4,28,29,1,1,2,1,1,0,0.0
4,28,29,2,4,25,5,10,2,0.0
4,28,29,2,5,33,10,3,9,1.0
4,28,29,2,1,11,8,1,0,1.0
4,28,29,2,3,25,21,3,4,3.0
4,28,29,2,3,6,2,1,3,1.0
4,28,29,2,1,6,0,0,6,0.0
4,28,29,2,3,7,1,2,3,0.0
4,28,24,1,1,1,1,0,0,0.0
4,28,29,2,2,2,0,2,0,0.0
4,28,29,1,1,1,1,0,0,0.0
4,28,9,2,1,9,0,3,6,0.0
4,28,44,1,1,1,0,0,1,0.0
4,28,29,1,1,1,0,0,0,0.0
4,28,29,2,3,7,2,2,0,0.0
4,28,29,2,1,3,1,0,1,0.0
4,28,29,1,1,2,0,0,0,0.0
4,28,29,2,4,15,0,0,7,2.0
4,28,29,2,2,2,0,2,0,0.0
4,28,29,1,1,1,0,0,1,0.0
4,28,29,2,2,8,5,0,0,1.0
4,28,29,1,1,1,0,1,0,0.0
4,28,9,1,1,3,0,3,0,0.0
4,28,29,2,1,2,0,3,0,1.0
4,28,29,1,1,1,0,1,0,0.0
4,28,29,2,1,4,1,0,0,1.0
4,28,29,2,3,16,6,3,4,0.0
4,28,29,1,1,1,0,1,0,0.0
4,28,29,1,1,3,0,2,2,1.0
4,28,29,1,2,2,2,0,1,1.0
4,28,29,1,1,2,2,0,0,0.0
4,28,29,1,1,1,0,1,0,0.0
4,28,29,2,2,5,4,0,0,0.0
4,28,29,2,4,14,8,4,2,2.0
4,28,29,1,1,1,0,1,0,0.0
4,28,29,1,1,1,0,1,0,0.0
4,28,29,1,1,1,1,0,0,0.0
4,28,29,2,4,12,4,2,2,1.0
4,28,29,1,1,1,0,1,0,0.0
4,28,29,1,1,1,1,0,0,0.0
4,28,29,1,1,1,0,1,0,0.0
4,28,29,2,3,5,1,3,0,0.0
4,28,29,2,1,3,0,0,3,0.0
4,28,29,1,1,1,0,0,0,0.0
4,28,29,2,2,4,2,0,1,0.0
4,28,29,1,1,1,0,1,0,0.0
4,28,29,2,4,16,9,0,4,2.0
4,28,29,2,3,11,2,4,0,0.0
4,28,29,1,3,4,0,0,4,0.0
4,28,29,1,1,1,0,1,0,0.0
4,28,9,2,3,23,19,5,5,4.0
4,28,29,1,1,1,0,0,1,0.0
4,28,29,2,2,3,3,0,0,0.0
4,28,29,1,1,2,0,2,0,0.0
4,28,29,2,1,2,1,0,0,0.0
4,28,29,1,2,2,0,1,0,0.0
4,28,29,1,2,4,0,2,2,0.0
4,28,29,1,1,1,1,0,0,0.0
4,28,9,2,1,2,2,0,0,0.0
4,28,9,2,3,12,0,4,8,0.0
4,28,29,2,2,6,0,4,0,0.0
4,28,9,2,2,14,0,8,7,1.0
4,28,29,1,1,2,2,0,0,0.0
4,28,29,1,1,2,2,0,0,0.0
4,28,29,2,4,9,0,2,0,0.0
4,28,29,2,4,9,0,0,0,0.0
4,28,29,2,3,3,1,1,0,0.0
4,28,29,2,2,12,5,2,0,2.0
4,28,29,2,4,11,0,3,5,0.0
4,28,29,2,3,12,0,4,3,1.0
4,28,29,2,1,2,1,0,0,1.0
4,28,29,2,4,9,0,0,0,0.0
4,28,29,1,1,1,0,0,0,0.0
4,28,29,1,1,2,1,0,0,0.0
4,28,29,1,2,2,2,0,0,0.0
4,28,29,1,1,1,0,0,0,0.0
4,28,29,2,4,12,2,4,1,0.0
4,28,24,1,1,1,1,0,0,0.0
4,28,29,2,3,5,0,1,1,0.0
4,28,29,2,1,2,2,0,0,0.0
4,28,29,2,2,2,0,0,0,0.0
4,28,29,1,1,1,0,1,0,0.0
4,28,9,1,1,1,1,0,0,0.0
4,28,29,2,4,16,3,7,2,2.0
4,28,29,1,2,4,6,0,0,2.0
4,28,29,1,1,2,2,0,0,0.0
4,28,24,2,3,10,4,4,0,0.0
4,28,46,1,1,1,1,0,0,0.0
4,28,46,1,1,1,1,0,0,0.0
4,28,46,1,1,1,0,0,1,0.0
4,28,29,2,2,8,0,4,2,1.0
4,28,29,2,3,6,0,0,4,0.0
4,28,29,1,1,2,1,0,0,0.0
4,28,21,1,1,1,1,0,0,0.0
4,28,9,1,1,1,0,0,1,0.0
4,28,29,1,1,1,0,1,0,0.0
4,28,29,1,1,2,2,0,0,0.0
4,28,29,2,3,11,0,0,14,3.0
4,28,29,2,1,6,0,4,2,0.0
4,28,29,2,1,2,1,1,0,0.0
4,28,29,2,1,2,0,0,1,0.0
4,28,9,2,3,23,17,3,23,10.0
4,28,9,2,3,12,12,0,0,0.0
4,28,29,2,3,23,4,11,7,1.0
4,28,46,1,1,1,1,0,0,0.0
4,28,29,1,1,1,1,0,0,0.0
4,28,9,1,1,1,2,0,0,1.0
4,28,29,2,3,6,2,0,0,0.0
4,28,29,2,3,5,1,0,0,0.0
4,28,45,2,4,4,0,0,3,0.0
4,28,29,2,2,2,0,0,1,0.0
4,28,29,1,1,1,0,1,0,0.0
4,28,29,2,2,7,0,4,2,0.0
4,28,44,1,1,3,3,0,0,0.0
4,28,44,2,2,5,3,0,2,0.0
4,28,9,1,2,2,2,0,0,0.0
4,28,29,2,4,20,1,0,3,0.0
4,28,29,1,1,3,3,0,0,0.0
4,28,29,2,1,2,0,2,0,0.0
4,28,29,1,2,3,0,2,1,0.0
4,28,9,2,3,6,0,2,4,0.0
4,28,29,1,2,3,0,0,2,0.0
4,28,9,2,2,16,10,6,0,0.0
4,29,29,1,1,1,0,0,2,1.0
4,29,29,2,2,5,5,0,1,1.0
4,29,29,2,2,8,3,5,0,0.0
4,29,29,2,1,5,0,3,0,0.0
4,29,29,2,3,13,0,4,9,0.0
4,29,9,1,3,5,5,0,0,0.0
4,29,29,1,3,6,0,3,3,0.0
4,29,29,1,1,1,0,0,1,0.0
4,29,29,2,3,4,0,0,0,0.0
4,29,9,2,3,4,0,2,3,1.0
4,29,9,2,1,16,10,5,1,0.0
4,29,29,1,1,3,0,2,1,0.0
4,29,9,1,2,7,6,0,1,0.0
4,29,29,2,3,11,4,2,5,0.0
4,29,29,2,2,2,0,0,0,0.0
4,29,9,1,1,3,0,3,0,0.0
4,29,29,1,1,1,0,2,0,1.0
4,29,42,1,1,2,0,1,0,0.0
4,29,29,1,1,1,1,0,0,0.0
4,29,29,1,1,1,0,2,0,1.0
4,29,12,1,1,1,0,0,0,0.0
4,29,3,1,1,2,2,0,0,0.0
4,29,29,1,1,1,1,0,0,0.0
4,29,9,2,4,19,13,6,10,9.0
4,29,9,1,2,6,6,0,0,0.0
4,29,29,2,3,6,2,0,5,1.0
4,29,29,1,1,1,0,0,1,0.0
4,29,34,2,3,4,0,2,1,0.0
4,29,9,1,1,2,1,0,1,0.0
4,29,29,1,1,2,0,2,0,0.0
4,29,29,2,2,7,3,4,0,0.0
4,29,9,1,1,1,1,0,0,0.0
4,29,9,1,2,6,4,0,2,0.0
4,29,44,1,1,2,0,3,0,1.0
4,29,9,2,4,6,1,0,7,2.0
4,29,29,2,1,2,0,0,0,0.0
4,29,24,1,2,2,2,0,0,0.0
4,29,24,2,1,5,0,2,0,0.0
4,29,29,2,3,5,2,1,2,0.0
4,29,24,2,1,4,2,0,0,0.0
4,29,24,1,2,7,10,2,0,4.0
4,29,24,1,2,4,1,0,2,0.0
4,29,29,1,1,3,0,2,0,0.0
4,29,29,2,5,25,3,12,11,3.0
4,29,24,2,3,11,0,3,3,0.0
4,29,29,1,1,1,0,0,0,0.0
4,29,9,2,2,7,0,2,5,0.0
4,29,41,2,3,6,3,1,1,1.0
4,29,29,2,5,26,0,2,10,8.0
4,29,24,1,1,1,1,0,0,0.0
4,29,29,2,2,2,0,0,2,0.0
4,29,29,1,1,1,0,0,0,0.0
4,29,21,1,1,1,2,0,0,1.0
4,29,29,2,4,10,1,3,2,0.0
4,29,29,2,2,7,2,4,1,0.0
4,29,29,2,1,24,21,0,3,4.0
4,29,29,2,3,8,0,0,8,0.0
4,29,9,2,3,23,15,0,16,6.0
4,29,24,1,1,1,0,0,0,0.0
4,29,9,2,4,32,6,14,31,11.0
4,29,29,1,1,1,0,0,0,1.0
4,29,9,2,1,8,7,0,2,1.0
4,29,9,2,3,28,22,6,5,3.0
4,29,29,1,1,3,0,3,0,0.0
4,29,29,1,3,3,0,1,2,0.0
4,29,29,1,1,1,2,0,0,1.0
4,29,29,2,1,3,1,2,0,0.0
4,29,29,2,2,4,2,0,2,0.0
4,29,29,1,1,1,1,0,0,0.0
4,29,29,1,2,9,7,0,0,1.0
4,29,29,1,1,1,1,0,0,0.0
4,29,29,2,2,2,0,1,0,0.0
4,29,29,1,1,1,0,1,0,0.0
4,29,29,1,2,2,0,0,0,0.0
4,29,29,1,3,13,0,7,6,0.0
4,29,29,1,1,1,0,0,0,0.0
4,29,29,2,3,5,1,0,4,0.0
4,29,29,1,1,3,0,3,0,0.0
4,29,29,1,1,1,0,0,0,0.0
4,29,29,2,5,54,0,0,0,29.0
4,29,29,2,3,15,8,0,2,0.0
4,29,29,2,1,3,0,3,0,0.0
4,29,29,1,2,2,0,0,2,0.0
4,29,29,1,1,2,1,0,1,0.0
4,29,29,1,1,6,2,2,2,0.0
4,29,29,1,1,1,0,0,1,0.0
4,29,29,2,2,10,1,8,0,0.0
4,29,29,1,1,1,0,0,1,0.0
4,29,29,1,2,3,2,1,0,0.0
4,29,9,2,2,7,2,5,0,1.0
4,29,29,1,1,1,1,0,0,0.0
4,29,29,1,1,2,0,0,2,0.0
4,29,29,2,1,7,0,3,1,0.0
4,29,29,2,2,17,10,0,5,0.0
4,29,29,2,4,10,4,0,1,1.0
4,29,29,2,2,3,0,2,0,0.0
4,29,29,1,1,3,2,0,1,0.0
4,29,46,2,3,4,1,0,3,0.0
4,29,29,1,1,1,0,0,0,0.0
4,29,29,1,1,1,0,1,0,0.0
4,29,29,1,1,1,1,0,0,0.0
4,29,29,2,3,3,0,1,0,0.0
4,29,29,1,1,1,0,0,0,0.0
4,29,29,2,1,2,1,1,0,0.0
4,29,29,2,3,5,3,0,2,0.0
4,29,29,2,1,2,0,0,0,0.0
4,29,29,2,5,27,3,0,22,2.0
4,29,29,2,2,2,0,0,0,0.0
4,29,29,1,1,2,0,0,1,0.0
4,29,9,2,1,9,2,1,6,0.0
4,29,29,1,1,1,0,0,0,0.0
4,29,29,2,4,14,7,0,15,6.0
4,29,29,2,1,2,1,1,0,0.0
4,29,29,1,1,1,0,0,0,0.0
4,29,29,1,1,1,0,1,0,0.0
4,29,29,1,1,1,0,1,0,0.0
4,29,29,2,2,4,1,2,1,0.0
4,29,29,2,2,4,3,0,0,0.0
4,29,29,2,1,2,0,0,0,0.0
4,29,29,2,3,7,1,1,5,0.0
4,29,29,2,3,6,1,1,4,0.0
4,29,29,2,2,2,0,0,0,0.0
4,29,29,1,1,2,0,0,0,0.0
4,29,29,1,1,3,3,0,0,0.0
4,29,29,1,3,6,0,0,7,1.0
4,29,29,1,2,4,2,0,0,1.0
4,29,29,1,1,1,2,0,0,1.0
4,29,29,1,2,4,3,0,0,0.0
4,29,29,2,3,4,0,0,4,1.0
4,29,29,1,1,1,0,2,0,1.0
4,29,46,1,3,3,0,2,0,0.0
4,29,29,1,1,2,0,2,0,0.0
4,29,29,2,3,8,2,0,4,0.0
4,29,29,2,4,8,5,0,0,1.0
4,29,29,2,1,11,4,4,3,1.0
4,29,29,2,2,4,4,0,0,0.0
4,29,9,1,1,3,4,0,0,1.0
4,29,29,2,2,3,0,1,0,0.0
4,29,29,1,2,6,4,3,0,1.0
4,29,29,1,1,2,0,2,0,0.0
4,29,29,2,2,3,0,0,2,0.0
4,29,29,2,3,6,0,0,7,1.0
4,29,29,2,2,4,0,0,2,1.0
4,29,29,2,2,2,0,0,1,0.0
4,29,29,2,3,3,2,0,0,0.0
4,29,29,1,1,1,0,0,0,0.0
4,29,29,2,3,22,0,0,22,0.0
4,29,29,2,3,10,0,2,0,0.0
4,29,29,1,1,2,2,0,0,0.0
4,29,29,1,2,6,2,3,1,0.0
4,29,29,2,2,2,0,1,1,0.0
4,29,29,1,2,2,0,1,0,1.0
4,29,29,2,2,4,1,3,0,0.0
4,29,29,2,1,2,0,1,1,0.0
4,29,29,2,2,3,0,3,0,0.0
4,29,9,2,2,30,0,45,1,10.0
4,29,29,2,2,3,3,0,0,0.0
4,29,29,2,3,8,0,0,5,0.0
4,29,29,2,2,6,2,3,0,0.0
4,29,29,2,2,18,12,6,5,4.0
4,29,29,1,2,9,0,4,0,1.0
4,29,24,2,2,3,1,0,2,0.0
4,29,16,1,1,1,0,0,0,0.0
4,29,34,1,1,1,1,0,0,0.0
4,29,29,1,2,2,0,0,1,0.0
4,29,29,2,1,3,2,1,0,0.0
4,29,29,1,1,1,0,1,0,0.0
4,29,29,2,1,2,2,0,0,0.0
4,29,29,2,2,5,1,1,3,0.0
4,29,29,2,4,6,3,0,2,0.0
4,29,29,1,1,4,0,4,0,0.0
4,29,29,1,1,1,2,0,0,1.0
4,29,29,1,1,1,0,1,0,0.0
4,29,29,1,1,2,0,0,0,0.0
4,29,9,1,2,3,3,0,0,0.0
4,29,9,2,1,8,6,1,2,1.0
4,29,9,2,1,13,21,0,1,6.0
4,29,9,1,2,3,1,0,3,1.0
4,29,29,2,5,11,8,0,0,2.0
4,29,9,2,3,4,2,0,2,0.0
4,29,46,1,1,1,1,0,0,0.0
4,29,46,1,1,1,0,1,0,0.0
4,29,46,1,1,1,0,1,0,0.0
4,29,46,1,1,1,1,0,0,0.0
4,29,46,1,1,1,0,1,0,0.0
4,29,46,1,1,1,0,0,1,0.0
4,29,29,1,1,4,3,1,0,0.0
4,29,46,2,3,11,12,2,1,4.0
4,29,9,2,4,10,0,3,7,0.0
4,29,29,2,2,5,0,3,0,0.0
4,29,29,2,1,3,0,0,0,0.0
4,29,29,1,1,1,0,1,0,0.0
4,29,29,2,2,6,0,4,0,1.0
4,29,9,1,2,2,1,0,3,1.0
4,29,29,1,1,2,2,0,0,0.0
4,29,29,2,3,10,3,3,9,3.0
4,29,29,1,1,1,0,1,0,0.0
4,29,29,2,3,27,4,4,7,3.0
4,29,46,1,2,7,0,4,3,0.0
4,29,9,1,1,2,2,0,2,2.0
4,29,29,1,2,6,0,4,0,0.0
4,29,9,1,1,1,1,0,0,0.0
4,29,9,1,1,1,0,0,1,0.0
4,29,9,1,1,1,2,0,0,1.0
4,29,9,2,1,5,1,3,3,2.0
4,29,9,2,2,4,2,1,1,0.0
4,29,9,2,4,10,5,0,5,0.0
4,29,9,1,3,14,2,3,9,0.0
4,29,34,1,1,1,0,1,0,0.0
4,29,46,1,1,1,0,0,1,0.0
4,29,29,1,1,1,0,0,0,0.0
4,29,29,1,2,8,3,3,2,0.0
4,29,9,2,3,13,8,4,2,1.0
4,29,9,2,3,9,10,0,0,1.0
4,29,9,1,1,1,1,0,0,0.0
4,29,9,1,1,1,1,0,0,0.0
4,29,9,1,1,1,0,1,0,0.0
4,29,29,1,1,2,0,2,0,0.0
4,30,29,1,1,1,0,0,1,0.0
4,30,29,1,1,1,0,1,0,0.0
4,30,21,1,2,3,3,0,0,0.0
4,30,29,2,5,11,7,1,1,1.0
4,30,29,1,1,1,0,0,2,1.0
4,30,9,2,2,4,0,4,0,0.0
4,30,16,2,2,4,1,1,2,0.0
4,30,46,2,2,5,4,0,1,0.0
4,30,29,1,3,5,1,2,1,0.0
4,30,29,1,1,1,0,0,0,0.0
4,30,29,2,1,6,5,1,0,1.0
4,30,9,2,1,3,3,0,0,0.0
4,30,9,1,2,2,3,0,0,1.0
4,30,42,2,1,4,4,0,0,0.0
4,30,29,2,3,9,4,0,5,0.0
4,30,29,2,2,2,0,0,1,0.0
4,30,9,2,2,4,5,0,0,1.0
4,30,29,1,1,2,2,0,0,0.0
4,30,29,1,1,1,1,0,0,0.0
4,30,29,1,1,1,0,0,0,0.0
4,30,29,2,3,6,0,4,0,1.0
4,30,29,1,1,1,0,2,0,1.0
4,30,29,2,2,3,0,3,0,0.0
4,30,9,1,1,1,1,0,0,0.0
4,30,29,1,1,1,1,0,0,0.0
4,30,29,1,1,1,1,0,0,0.0
4,30,29,2,2,3,0,0,1,0.0
4,30,29,1,3,4,0,1,3,0.0
4,30,29,1,1,3,0,5,0,1.0
4,30,29,1,1,1,0,0,0,1.0
4,30,24,2,3,7,1,0,7,1.0
4,30,29,2,1,3,0,1,3,1.0
4,30,29,2,2,8,0,4,3,0.0
4,30,9,2,3,9,1,3,6,1.0
4,30,9,2,2,15,17,1,1,2.0
4,30,21,2,3,6,1,0,5,0.0
4,30,29,1,2,4,2,1,1,0.0
4,30,29,1,1,1,1,0,0,0.0
4,30,29,1,1,1,0,1,0,0.0
4,30,29,1,1,1,0,0,0,0.0
4,30,29,1,1,7,6,0,0,0.0
4,30,24,2,1,3,2,0,2,2.0
4,30,29,2,2,12,15,0,0,3.0
4,30,9,2,1,3,0,4,0,1.0
4,30,46,2,3,4,0,0,1,0.0
4,30,29,1,2,2,0,0,2,0.0
4,30,29,2,3,7,2,0,6,1.0
4,30,29,2,2,8,0,3,4,1.0
4,30,29,2,1,2,1,0,1,0.0
4,30,29,1,1,3,3,0,0,0.0
4,30,29,2,3,6,0,0,5,0.0
4,30,29,2,2,10,10,0,0,0.0
4,30,29,2,3,24,6,0,8,3.0
4,30,29,1,2,2,0,0,0,0.0
4,30,29,2,4,12,8,0,5,1.0
4,30,29,1,3,4,0,0,2,0.0
4,30,29,2,3,4,3,0,0,0.0
4,30,29,1,1,1,0,0,0,0.0
4,30,29,2,1,2,0,0,2,0.0
4,30,29,2,1,4,0,0,2,1.0
4,30,29,1,1,1,0,1,0,0.0
4,30,29,2,1,3,2,0,2,3.0
4,30,29,1,1,1,0,0,0,0.0
4,30,29,2,2,8,1,1,4,0.0
4,30,29,2,3,8,6,1,2,3.0
4,30,29,2,4,13,6,0,0,1.0
4,30,46,2,1,4,0,0,1,0.0
4,30,29,2,3,11,0,1,0,2.0
4,30,29,2,3,18,6,8,2,0.0
4,30,29,1,1,1,0,1,0,0.0
4,30,29,2,2,2,0,0,2,0.0
4,30,29,1,1,1,0,0,0,0.0
4,30,29,1,1,1,1,0,0,0.0
4,30,29,1,2,2,2,0,0,0.0
4,30,29,2,2,3,0,3,0,0.0
4,30,29,1,1,2,2,0,0,0.0
4,30,29,2,4,18,9,4,5,0.0
4,30,29,1,1,2,0,2,0,0.0
4,30,29,2,2,7,0,0,0,0.0
4,30,29,2,3,13,2,7,3,1.0
4,30,29,1,1,1,0,1,0,0.0
4,30,29,1,1,1,0,1,0,0.0
4,30,29,1,1,2,1,1,0,0.0
4,30,29,2,2,7,1,3,3,0.0
4,30,29,1,3,4,1,3,0,0.0
4,30,29,1,1,1,1,0,0,0.0
4,30,24,2,2,5,3,0,2,0.0
4,30,29,2,4,15,4,3,5,0.0
4,30,29,1,2,2,0,1,0,0.0
4,30,29,1,1,1,0,1,0,0.0
4,30,24,2,1,4,0,4,0,0.0
4,30,9,2,3,7,1,0,6,0.0
4,30,29,2,2,10,5,3,0,1.0
4,30,29,2,3,4,0,0,0,0.0
4,30,29,2,2,8,2,3,2,0.0
4,30,29,1,1,2,0,2,0,0.0
4,30,29,1,1,1,0,0,1,0.0
4,30,9,1,1,1,1,0,0,0.0
4,30,34,2,2,3,0,2,1,0.0
4,30,29,1,1,1,1,0,0,0.0
4,30,9,2,2,6,1,4,2,1.0
4,30,29,2,2,2,0,0,0,0.0
4,30,29,1,1,2,0,2,0,0.0
4,30,9,1,2,2,0,2,0,0.0
4,30,29,1,1,3,1,2,0,0.0
4,30,29,1,1,1,0,0,1,0.0
4,30,29,2,4,5,0,0,0,0.0
4,30,29,1,2,3,0,3,0,0.0
4,30,29,1,1,1,0,1,0,0.0
4,30,29,2,5,27,17,2,1,1.0
4,30,29,2,1,3,0,3,0,0.0
4,30,29,1,1,2,2,0,0,0.0
4,30,29,1,2,2,1,1,0,0.0
4,30,29,1,1,1,0,0,0,0.0
4,30,29,2,1,6,0,3,1,0.0
4,30,29,1,1,3,0,3,0,0.0
4,30,29,2,3,5,0,0,0,0.0
4,30,29,1,1,1,0,2,0,1.0
4,30,9,1,1,1,1,0,0,0.0
4,30,29,2,4,13,4,0,0,1.0
4,30,29,1,1,1,0,1,0,0.0
4,30,29,2,4,24,4,9,6,2.0
4,30,29,2,2,8,4,2,0,0.0
4,30,9,2,3,3,1,1,1,0.0
4,30,29,1,2,2,0,2,0,0.0
4,30,29,1,2,2,1,1,0,0.0
4,30,29,1,1,1,0,0,0,0.0
4,30,29,2,2,6,0,2,3,0.0
4,30,29,1,1,1,0,1,0,0.0
4,30,29,1,1,1,0,0,1,0.0
4,30,29,2,4,11,0,0,6,0.0
4,30,9,2,1,4,4,0,0,0.0
4,30,29,1,1,1,0,1,0,0.0
4,30,29,1,1,1,0,1,0,0.0
4,30,29,2,2,6,0,6,0,0.0
4,30,29,1,1,1,1,0,0,0.0
4,30,29,2,1,2,0,2,0,0.0
4,30,29,2,3,21,1,7,1,1.0
4,30,29,2,4,12,0,5,3,0.0
4,30,29,1,2,4,0,1,2,0.0
4,30,29,1,1,1,0,1,0,0.0
4,30,29,1,1,1,0,0,1,0.0
4,30,16,2,2,2,0,1,0,0.0
4,30,29,1,1,1,0,0,0,0.0
4,30,29,2,1,6,2,1,0,0.0
4,30,29,2,3,3,1,0,2,0.0
4,30,29,2,2,5,6,0,1,2.0
4,30,29,1,1,3,0,3,0,0.0
4,30,29,2,2,6,0,6,0,0.0
4,30,29,1,1,2,2,0,0,0.0
4,30,29,2,2,4,0,3,0,0.0
4,30,29,1,2,2,1,1,0,0.0
4,30,9,2,1,5,5,0,1,1.0
4,30,29,2,3,8,0,2,3,1.0
4,30,29,1,1,1,0,1,0,0.0
4,30,9,1,2,4,3,0,1,0.0
4,30,29,2,2,6,2,3,1,0.0
4,30,46,1,1,1,1,0,0,0.0
4,30,46,1,1,1,0,0,1,0.0
4,30,29,1,1,6,0,2,3,1.0
4,30,46,1,1,2,0,0,2,0.0
4,30,29,2,3,5,0,0,0,0.0
4,30,29,2,5,19,0,0,11,0.0
4,30,29,2,3,4,0,0,0,0.0
4,30,29,2,1,2,0,2,0,0.0
4,30,29,1,1,1,0,0,0,0.0
4,30,29,2,4,7,1,0,1,1.0
4,30,9,2,2,2,2,0,0,0.0
4,30,9,2,3,9,2,6,1,0.0
4,30,29,2,3,10,3,2,4,0.0
4,30,29,2,2,7,4,2,0,0.0
4,30,29,1,2,3,0,2,0,0.0
4,30,29,2,3,9,5,3,1,0.0
4,30,29,2,1,2,0,0,1,0.0
4,30,29,2,3,14,7,1,5,0.0
4,30,9,2,2,5,1,2,2,0.0
4,30,29,2,1,2,1,1,0,0.0
4,30,9,1,2,2,1,0,1,0.0
4,30,9,1,2,4,2,0,2,0.0
4,30,9,2,1,10,10,0,0,0.0
4,30,46,1,1,1,0,0,0,0.0
4,30,29,1,1,1,1,0,0,0.0
4,30,9,1,1,1,1,0,0,0.0
4,30,29,1,2,5,0,5,0,0.0
4,30,29,1,1,1,0,0,1,0.0
4,30,41,1,1,1,0,1,0,0.0
4,30,9,1,1,1,0,0,1,0.0
4,30,29,1,1,1,0,1,0,0.0
4,30,9,1,2,2,0,0,2,0.0
4,30,29,2,3,7,4,3,0,0.0
4,30,29,2,5,31,9,7,13,0.0
4,30,29,1,1,1,1,0,0,0.0
5,1,9,2,3,7,4,0,3,0.0
5,1,46,1,1,1,0,1,0,0.0
5,1,29,1,1,2,0,2,0,0.0
5,1,29,1,1,1,0,1,0,0.0
5,1,29,1,1,1,1,0,0,0.0
5,1,42,2,1,8,0,0,0,0.0
5,1,9,1,1,8,2,4,2,0.0
5,1,9,1,1,1,1,0,0,0.0
5,1,29,1,2,6,0,6,0,0.0
5,1,29,1,1,3,0,0,3,0.0
5,1,29,2,1,2,2,0,0,0.0
5,1,9,2,3,12,1,6,5,0.0
5,1,9,1,3,4,0,0,4,0.0
5,1,46,1,1,1,0,1,0,0.0
5,1,29,1,1,2,2,0,0,0.0
5,1,29,1,1,1,1,0,0,0.0
5,1,29,2,1,4,2,0,2,0.0
5,1,29,1,1,1,1,0,0,0.0
5,1,29,2,5,61,7,8,22,5.0
5,1,24,1,1,1,1,0,0,0.0
5,1,41,1,1,1,0,1,0,0.0
5,1,41,1,1,4,7,0,0,3.0
5,1,29,1,3,5,3,0,2,0.0
5,1,29,1,1,1,0,0,0,0.0
5,1,9,2,1,4,2,0,4,2.0
5,1,9,2,1,3,2,0,1,0.0
5,1,29,1,1,1,0,0,1,0.0
5,1,29,1,1,2,0,2,0,0.0
5,1,9,1,1,2,3,0,0,1.0
5,1,29,1,2,2,0,2,0,0.0
5,1,9,2,4,36,34,4,6,8.0
5,1,9,2,2,5,7,0,1,2.0
5,1,9,2,2,24,8,17,0,1.0
5,1,9,2,2,11,1,12,0,1.0
5,1,29,2,1,3,0,3,0,0.0
5,1,29,2,4,20,1,0,8,2.0
5,1,29,2,4,20,8,8,6,2.0
5,1,29,2,4,6,2,0,2,2.0
5,1,29,2,2,4,0,4,0,0.0
5,1,29,1,2,2,2,0,0,0.0
5,1,29,2,5,23,6,1,4,4.0
5,1,29,2,1,6,2,4,0,0.0
5,1,29,2,3,6,4,1,1,0.0
5,1,29,2,3,4,1,2,0,0.0
5,1,29,1,2,3,2,0,1,0.0
5,1,29,1,2,3,1,0,2,0.0
5,1,29,1,1,2,3,0,0,1.0
5,1,29,2,3,9,10,0,0,2.0
5,1,29,1,1,1,0,1,0,0.0
5,1,29,2,2,4,0,4,0,0.0
5,1,29,2,5,12,1,0,6,1.0
5,1,29,1,2,3,0,0,2,0.0
5,1,29,1,1,1,0,1,0,0.0
5,1,29,2,1,2,0,2,0,0.0
5,1,29,2,5,38,4,8,14,1.0
5,1,29,1,1,1,1,0,0,0.0
5,1,29,2,2,4,0,0,0,0.0
5,1,29,1,1,2,2,0,0,0.0
5,1,29,1,1,1,0,1,0,0.0
5,1,29,2,4,4,1,0,3,0.0
5,1,29,1,2,3,0,2,1,0.0
5,1,29,1,2,2,1,1,0,0.0
5,1,29,2,1,4,0,0,1,0.0
5,1,29,2,1,11,0,0,0,0.0
5,1,29,2,2,10,2,4,3,0.0
5,1,29,2,1,3,2,1,0,0.0
5,1,29,2,2,2,2,0,0,0.0
5,1,29,2,3,5,0,0,4,0.0
5,1,29,1,2,5,0,3,2,0.0
5,1,29,1,2,2,0,0,2,1.0
5,1,29,1,1,1,0,0,0,0.0
5,1,29,1,1,1,0,0,1,0.0
5,1,29,2,1,2,0,0,0,0.0
5,1,29,1,1,1,1,0,0,0.0
5,1,29,2,1,6,1,2,2,0.0
5,1,29,1,1,1,0,0,0,0.0
5,1,9,1,1,2,2,0,0,0.0
5,1,29,2,1,4,0,3,0,0.0
5,1,29,2,3,6,0,3,2,0.0
5,1,29,2,2,3,2,0,1,0.0
5,1,29,2,2,7,0,4,3,0.0
5,1,29,1,1,1,0,1,0,0.0
5,1,29,1,1,1,1,0,0,0.0
5,1,29,2,1,2,1,0,1,0.0
5,1,29,2,2,2,0,1,1,0.0
5,1,29,2,3,10,0,1,9,0.0
5,1,29,2,4,25,6,7,8,3.0
5,1,29,2,3,8,3,4,2,1.0
5,1,29,1,1,1,0,0,1,0.0
5,1,29,1,3,4,4,0,0,0.0
5,1,29,2,5,29,6,13,9,5.0
5,1,29,1,1,1,1,0,0,0.0
5,1,29,1,2,2,1,1,0,0.0
5,1,29,1,1,2,0,0,0,0.0
5,1,29,1,1,1,1,0,0,0.0
5,1,29,1,1,1,0,1,0,0.0
5,1,29,2,4,4,1,0,0,0.0
5,1,18,1,1,1,0,0,1,0.0
5,1,29,1,1,1,0,0,1,0.0
5,1,29,1,2,2,0,0,0,0.0
5,1,29,1,1,1,0,0,1,0.0
5,1,29,2,3,7,0,0,5,0.0
5,1,29,1,1,1,1,0,0,0.0
5,1,29,1,1,1,0,0,1,0.0
5,1,29,1,3,6,2,1,1,0.0
5,1,29,1,1,2,0,2,0,0.0
5,1,29,1,2,2,1,1,0,0.0
5,1,9,2,2,4,2,0,2,0.0
5,1,29,1,1,1,0,0,1,0.0
5,1,29,2,2,17,3,9,5,3.0
5,1,46,1,1,1,1,0,0,0.0
5,1,46,1,1,1,0,1,0,0.0
5,1,46,1,1,1,1,0,0,0.0
5,1,46,1,1,1,0,0,1,0.0
5,1,29,1,2,2,0,0,2,0.0
5,1,29,2,1,2,2,0,0,0.0
5,1,29,2,3,12,5,3,0,0.0
5,1,29,1,1,1,0,0,0,1.0
5,1,29,1,1,1,0,0,0,0.0
5,1,29,1,1,2,0,0,2,0.0
5,1,29,1,2,4,0,3,0,0.0
5,1,29,1,1,2,0,0,2,0.0
5,1,29,2,2,2,2,0,0,0.0
5,1,9,2,3,4,0,4,1,1.0
5,1,9,2,4,22,9,2,11,0.0
5,1,29,1,1,4,1,1,2,0.0
5,1,29,2,5,58,3,15,17,14.0
5,1,29,2,1,7,0,5,3,1.0
5,1,29,2,4,29,13,4,11,1.0
5,1,29,1,1,1,0,0,0,0.0
5,1,29,1,2,4,0,4,0,0.0
5,1,29,1,1,1,0,0,1,0.0
5,1,29,2,4,17,1,2,7,0.0
5,1,29,1,1,1,1,0,0,0.0
5,1,29,2,3,13,9,1,0,0.0
5,1,29,2,3,3,5,0,0,2.0
5,2,29,2,3,4,0,1,1,0.0
5,2,29,1,2,10,0,6,4,0.0
5,2,29,2,1,2,2,0,0,0.0
5,2,29,1,3,4,2,1,1,0.0
5,2,9,1,1,2,2,0,0,0.0
5,2,9,1,2,2,0,0,2,0.0
5,2,29,1,1,2,0,1,0,0.0
5,2,29,2,1,2,1,0,0,0.0
5,2,38,1,1,2,1,0,0,0.0
5,2,29,2,2,4,1,3,0,0.0
5,2,29,1,1,1,1,0,0,0.0
5,2,42,2,3,9,12,1,5,5.0
5,2,42,2,2,8,4,2,1,0.0
5,2,9,1,1,1,1,0,0,0.0
5,2,42,1,1,1,1,0,0,0.0
5,2,9,2,1,12,8,4,1,1.0
5,2,46,1,1,2,2,0,0,1.0
5,2,29,1,1,2,2,0,0,0.0
5,2,29,2,1,9,1,1,1,1.0
5,2,29,2,3,9,0,0,5,0.0
5,2,29,2,2,2,0,0,0,0.0
5,2,9,2,4,21,21,0,10,5.0
5,2,24,2,4,8,0,2,0,5.0
5,2,21,2,5,14,2,0,11,5.0
5,2,29,2,1,5,1,2,0,0.0
5,2,29,2,2,13,8,0,0,2.0
5,2,29,2,1,4,0,3,1,0.0
5,2,29,1,1,2,0,2,0,0.0
5,2,9,2,2,7,0,10,0,3.0
5,2,9,2,3,17,38,1,0,9.0
5,2,29,2,1,3,1,0,2,0.0
5,2,9,1,1,2,0,0,2,0.0
5,2,9,2,3,10,8,0,4,2.0
5,2,9,1,2,3,1,2,0,0.0
5,2,29,1,3,6,0,2,3,0.0
5,2,29,2,4,12,6,1,0,1.0
5,2,29,2,1,3,3,0,0,0.0
5,2,29,2,3,4,0,0,4,0.0
5,2,29,2,2,12,3,7,1,0.0
5,2,29,1,1,1,0,0,0,0.0
5,2,29,2,3,6,0,1,4,0.0
5,2,29,2,2,11,4,0,2,0.0
5,2,29,1,1,1,0,1,0,0.0
5,2,29,2,5,20,6,0,2,1.0
5,2,29,1,3,9,0,1,8,0.0
5,2,29,1,1,2,0,4,0,1.0
5,2,29,2,4,17,8,3,11,4.0
5,2,29,2,3,8,1,6,2,1.0
5,2,29,2,1,5,0,1,0,0.0
5,2,29,1,3,6,3,1,0,0.0
5,2,29,1,1,1,1,0,0,0.0
5,2,29,1,1,1,0,1,0,0.0
5,2,29,2,3,10,2,0,5,0.0
5,2,29,1,1,2,0,1,1,0.0
5,2,29,1,1,1,0,1,0,0.0
5,2,29,1,1,7,11,0,0,4.0
5,2,29,1,2,5,0,5,0,0.0
5,2,29,1,2,2,0,0,0,0.0
5,2,29,2,2,11,2,5,0,0.0
5,2,9,1,1,1,0,0,2,1.0
5,2,29,1,1,1,0,0,0,0.0
5,2,29,1,1,2,0,2,0,0.0
5,2,29,2,2,3,0,3,0,0.0
5,2,29,1,1,1,0,0,0,0.0
5,2,29,2,2,8,6,0,3,1.0
5,2,29,1,2,2,2,0,0,0.0
5,2,29,1,1,3,0,3,0,0.0
5,2,29,1,1,1,0,1,0,0.0
5,2,29,2,4,14,6,0,2,0.0
5,2,29,1,1,2,0,3,0,1.0
5,2,29,2,3,3,2,0,1,0.0
5,2,29,2,3,8,5,0,3,1.0
5,2,29,2,1,3,3,0,0,0.0
5,2,29,1,1,1,0,1,0,0.0
5,2,9,2,3,9,3,0,6,0.0
5,2,29,1,4,4,0,1,0,0.0
5,2,29,1,1,1,0,0,1,0.0
5,2,29,1,1,1,0,0,0,0.0
5,2,29,2,2,5,0,4,0,0.0
5,2,29,2,1,4,2,0,1,0.0
5,2,29,2,2,10,6,4,0,0.0
5,2,29,1,1,1,1,0,0,0.0
5,2,29,1,2,4,0,4,0,0.0
5,2,29,2,2,5,2,4,0,1.0
5,2,29,1,1,2,0,0,0,0.0
5,2,29,2,3,5,5,1,0,1.0
5,2,29,2,3,17,4,4,10,1.0
5,2,29,2,3,3,0,1,0,0.0
5,2,29,1,1,1,0,1,0,0.0
5,2,29,1,1,1,0,0,1,0.0
5,2,29,1,2,5,0,5,1,1.0
5,2,29,1,1,1,1,0,0,0.0
5,2,29,1,1,1,0,1,0,0.0
5,2,29,1,1,4,4,0,0,0.0
5,2,29,2,3,16,6,9,0,1.0
5,2,29,2,4,5,0,0,0,1.0
5,2,29,2,3,12,0,3,5,1.0
5,2,29,1,1,2,0,2,0,0.0
5,2,29,1,3,4,2,1,0,0.0
5,2,9,1,2,4,4,0,0,0.0
5,2,9,2,3,4,1,0,3,0.0
5,2,29,2,1,2,2,0,0,0.0
5,2,29,1,1,1,0,1,0,0.0
5,2,46,1,1,1,0,1,0,0.0
5,2,29,2,3,18,11,0,3,4.0
5,2,16,2,2,3,2,2,0,1.0
5,2,29,1,2,4,0,4,0,0.0
5,2,44,2,3,7,0,2,5,0.0
5,2,29,1,1,2,0,2,0,0.0
5,2,9,1,1,1,2,0,0,1.0
5,2,9,2,1,8,3,5,1,1.0
5,2,46,1,1,1,1,0,0,0.0
5,2,46,1,1,1,1,0,0,0.0
5,2,46,1,1,1,0,0,1,0.0
5,2,29,1,1,1,0,0,0,0.0
5,2,29,1,2,2,0,0,2,0.0
5,2,29,1,1,1,0,1,0,0.0
5,2,29,2,1,4,3,1,0,0.0
5,2,29,2,2,7,5,1,0,0.0
5,2,9,2,1,3,1,1,1,0.0
5,2,29,2,4,15,3,5,3,0.0
5,2,29,1,2,3,0,3,0,0.0
5,2,9,1,1,1,0,1,0,0.0
5,2,29,2,2,3,0,3,0,0.0
5,2,29,1,1,2,2,0,0,0.0
5,2,29,1,1,4,0,0,4,0.0
5,2,29,1,1,1,0,0,0,0.0
5,2,29,1,1,1,1,0,0,0.0
5,2,29,1,1,10,0,6,3,1.0
5,2,29,1,1,2,0,2,0,0.0
5,2,29,2,1,7,0,0,6,2.0
5,3,10,1,3,3,0,0,2,0.0
5,3,46,1,2,6,0,7,0,1.0
5,3,46,1,1,2,0,2,0,0.0
5,3,9,1,2,9,18,1,1,4.0
5,3,9,1,1,1,0,0,1,0.0
5,3,29,1,1,1,0,1,0,0.0
5,3,29,2,4,14,0,2,0,1.0
5,3,29,2,2,2,0,1,1,0.0
5,3,9,2,3,11,23,0,4,5.0
5,3,29,2,3,22,6,5,10,3.0
5,3,9,1,1,2,0,3,0,1.0
5,3,29,2,2,5,2,3,0,0.0
5,3,24,2,3,9,1,3,3,0.0
5,3,24,1,2,5,0,5,0,0.0
5,3,29,1,1,2,2,0,0,0.0
5,3,29,1,1,1,0,0,0,0.0
5,3,29,1,1,1,1,0,0,0.0
5,3,29,1,2,2,0,2,0,0.0
5,3,29,1,1,1,0,1,0,0.0
5,3,9,2,1,2,3,0,0,1.0
5,3,29,2,2,8,3,0,4,0.0
5,3,29,1,1,1,0,1,0,0.0
5,3,9,1,1,7,7,0,0,0.0
5,3,29,1,1,2,1,1,0,0.0
5,3,29,1,1,1,0,0,1,0.0
5,3,29,1,1,1,1,0,0,0.0
5,3,29,1,1,2,0,2,0,0.0
5,3,29,1,1,1,0,1,0,0.0
5,3,29,1,2,2,0,3,0,1.0
5,3,29,1,1,2,0,2,0,0.0
5,3,29,2,1,2,0,0,0,1.0
5,3,29,2,1,4,0,0,0,2.0
5,3,29,2,1,3,2,2,0,1.0
5,3,29,1,2,2,1,1,0,0.0
5,3,29,1,1,1,0,0,1,0.0
5,3,29,2,2,10,3,4,1,0.0
5,3,29,2,2,4,1,1,0,0.0
5,3,29,1,2,10,4,2,10,4.0
5,3,29,1,1,1,1,0,0,0.0
5,3,29,2,2,7,2,0,5,0.0
5,3,29,1,1,1,1,0,0,0.0
5,3,29,1,2,5,3,1,0,0.0
5,3,29,1,1,1,0,1,0,0.0
5,3,29,1,1,2,0,0,2,0.0
5,3,29,1,1,1,1,0,0,0.0
5,3,29,1,1,2,0,1,1,0.0
5,3,29,1,1,4,0,0,2,0.0
5,3,29,1,1,1,1,0,0,0.0
5,3,29,1,2,5,2,2,1,0.0
5,3,29,2,3,8,6,0,1,1.0
5,3,29,2,2,4,2,0,1,0.0
5,3,29,2,3,4,0,2,0,0.0
5,3,29,1,1,2,3,0,0,1.0
5,3,29,1,1,1,0,0,0,0.0
5,3,9,2,2,10,6,0,5,1.0
5,3,29,1,1,1,0,0,0,0.0
5,3,29,1,1,1,0,0,1,0.0
5,3,29,2,2,5,0,2,3,0.0
5,3,29,2,2,6,0,6,0,0.0
5,3,29,1,1,1,0,1,0,0.0
5,3,29,1,1,1,0,1,0,0.0
5,3,29,1,1,1,0,0,1,0.0
5,3,29,1,1,3,0,4,0,1.0
5,3,29,1,1,1,1,0,0,0.0
5,3,29,2,2,3,4,0,0,2.0
5,3,29,1,1,1,1,0,0,0.0
5,3,29,1,1,2,2,0,0,0.0
5,3,29,2,2,3,0,1,2,0.0
5,3,29,1,1,1,0,0,0,0.0
5,3,29,2,1,4,3,0,0,0.0
5,3,29,1,1,1,0,0,0,0.0
5,3,29,2,1,5,0,2,3,0.0
5,3,29,2,1,4,1,1,0,0.0
5,3,29,1,2,2,0,0,2,0.0
5,3,29,1,1,1,0,1,0,0.0
5,3,29,1,1,1,1,0,0,0.0
5,3,29,2,2,8,1,6,0,0.0
5,3,16,2,3,9,7,0,9,6.0
5,3,29,1,1,2,1,0,1,0.0
5,3,29,1,3,3,0,0,0,0.0
5,3,9,2,2,3,2,0,1,0.0
5,3,29,2,2,3,0,0,0,0.0
5,3,9,2,3,9,2,3,4,0.0
5,3,46,1,1,1,1,0,0,0.0
5,3,46,1,1,1,0,0,1,0.0
5,3,29,1,1,2,0,2,0,0.0
5,3,29,2,3,11,1,9,2,3.0
5,3,29,1,2,3,2,0,0,0.0
5,3,29,1,1,1,1,0,0,0.0
5,3,29,2,2,2,0,2,1,1.0
5,3,29,2,3,8,4,2,2,0.0
5,3,29,1,1,1,0,0,1,0.0
5,3,9,2,3,9,1,9,7,5.0
5,3,9,2,3,9,12,0,0,2.0
5,3,9,1,1,6,6,0,2,2.0
5,3,9,1,2,6,1,5,0,0.0
5,3,29,1,1,1,1,0,0,0.0
5,3,29,1,1,2,2,0,0,0.0
5,3,44,2,3,13,6,2,2,0.0
5,3,29,1,1,1,0,0,1,0.0
5,3,29,1,2,3,0,0,3,0.0
5,4,29,2,3,3,3,0,0,0.0
5,4,29,2,1,6,0,5,1,0.0
5,4,29,2,4,9,0,5,4,1.0
5,4,9,2,3,23,22,5,3,5.0
5,4,9,2,4,33,5,18,12,14.0
5,4,9,2,4,10,4,3,5,1.0
5,4,44,1,1,2,0,3,0,1.0
5,4,32,2,2,4,0,0,1,0.0
5,4,29,2,3,8,8,0,2,2.0
5,4,29,2,5,20,0,1,2,1.0
5,4,29,1,1,2,0,2,2,2.0
5,4,9,1,2,2,0,2,0,0.0
5,4,9,2,1,7,4,3,0,0.0
5,4,41,2,4,21,2,14,3,3.0
5,4,29,1,1,1,0,0,1,0.0
5,4,9,2,3,8,8,0,0,0.0
5,4,9,1,2,3,0,1,2,0.0
5,4,29,1,1,1,0,1,0,0.0
5,4,29,1,1,1,2,0,0,1.0
5,4,29,1,1,3,3,0,0,0.0
5,4,29,1,1,1,0,1,0,0.0
5,4,29,1,1,1,1,0,0,0.0
5,4,29,1,1,1,0,0,0,0.0
5,4,29,1,1,10,21,0,0,6.0
5,4,29,2,1,2,0,1,0,0.0
5,4,29,2,3,10,3,1,1,0.0
5,4,29,2,2,3,0,0,0,0.0
5,4,29,1,1,5,0,3,1,0.0
5,4,29,1,1,1,0,1,0,0.0
5,4,29,2,2,6,0,7,0,1.0
5,4,29,1,1,3,0,1,2,0.0
5,4,29,2,2,4,1,2,0,0.0
5,4,29,1,1,1,0,0,1,0.0
5,4,29,2,3,5,1,1,2,1.0
5,4,29,2,3,12,3,7,2,0.0
5,4,34,1,1,1,1,0,0,0.0
5,4,29,2,3,5,2,0,1,1.0
5,4,29,1,1,3,1,0,0,0.0
5,4,29,1,2,2,0,0,0,1.0
5,4,29,2,3,9,1,6,2,0.0
5,4,29,2,3,27,7,3,11,0.0
5,4,29,2,4,29,28,7,5,12.0
5,4,29,2,2,2,0,0,2,0.0
5,4,29,1,2,10,12,0,0,2.0
5,4,29,2,1,3,2,2,0,1.0
5,4,29,1,1,1,1,0,0,0.0
5,4,29,2,4,39,10,5,12,4.0
5,4,29,1,2,2,1,0,0,0.0
5,4,29,1,1,2,0,2,0,0.0
5,4,29,2,3,6,3,2,1,0.0
5,4,29,1,1,1,0,1,0,0.0
5,4,29,2,5,13,4,3,1,0.0
5,4,29,2,1,2,0,2,0,0.0
5,4,29,1,1,1,0,2,0,1.0
5,4,29,2,2,8,4,1,1,0.0
5,4,29,2,1,5,1,2,1,0.0
5,4,29,1,1,1,1,0,0,0.0
5,4,29,2,1,2,1,1,0,0.0
5,4,29,1,1,1,0,0,0,0.0
5,4,29,1,1,1,1,0,0,0.0
5,4,29,1,2,3,1,0,1,0.0
5,4,29,2,3,9,0,2,3,0.0
5,4,44,1,1,3,1,0,2,0.0
5,4,9,2,4,29,8,3,28,7.0
5,4,29,1,1,1,1,0,0,0.0
5,4,29,2,2,7,0,0,8,1.0
5,4,29,2,2,8,6,0,0,5.0
5,4,29,2,2,5,0,5,0,0.0
5,4,29,1,1,1,1,0,0,0.0
5,4,29,2,2,2,1,1,0,0.0
5,4,29,1,1,1,0,0,0,0.0
5,4,29,1,1,2,0,2,0,0.0
5,4,29,1,1,1,1,0,0,0.0
5,4,29,1,1,1,0,1,0,0.0
5,4,29,1,2,2,0,1,0,0.0
5,4,29,1,1,1,0,1,0,0.0
5,4,29,1,1,1,0,1,0,0.0
5,4,29,2,1,3,0,0,1,0.0
5,4,29,2,1,2,1,0,0,0.0
5,4,29,2,2,5,0,5,0,0.0
5,4,29,1,1,4,0,0,4,2.0
5,4,29,2,1,3,3,0,0,0.0
5,4,29,1,2,4,3,1,0,0.0
5,4,29,1,2,5,0,4,0,0.0
5,4,29,1,1,1,0,2,0,1.0
5,4,44,2,2,6,8,0,0,2.0
5,4,29,2,2,4,0,0,0,0.0
5,4,29,1,2,4,0,2,1,0.0
5,4,29,1,1,1,0,1,0,0.0
5,4,29,1,1,1,0,1,0,0.0
5,4,29,2,2,3,0,2,1,0.0
5,4,29,1,1,1,0,0,0,0.0
5,4,46,2,3,5,2,2,1,0.0
5,4,16,1,1,1,0,0,2,1.0
5,4,29,2,2,3,2,0,0,0.0
5,4,29,2,2,3,0,0,0,0.0
5,4,29,1,2,3,3,0,1,1.0
5,4,9,2,3,4,1,0,3,0.0
5,4,29,1,1,1,1,0,0,0.0
5,4,29,2,3,7,0,3,5,1.0
5,4,46,1,1,1,0,1,0,0.0
5,4,46,1,1,1,1,0,0,0.0
5,4,46,1,1,1,0,1,0,0.0
5,4,46,1,1,1,0,1,0,0.0
5,4,46,1,1,1,0,1,0,0.0
5,4,29,2,1,2,0,2,0,0.0
5,4,29,2,1,5,0,0,2,0.0
5,4,9,2,4,6,1,3,2,0.0
5,4,29,1,1,3,1,0,2,0.0
5,4,29,2,5,12,1,2,0,0.0
5,4,29,2,1,7,3,0,5,1.0
5,4,29,2,4,32,1,14,4,3.0
5,5,29,2,3,4,3,1,0,0.0
5,5,29,1,1,1,0,1,0,0.0
5,5,9,2,4,11,10,0,4,3.0
5,5,9,1,1,2,2,0,0,0.0
5,5,9,2,3,5,5,0,0,0.0
5,5,9,1,1,4,6,0,0,2.0
5,5,9,2,2,7,7,0,1,1.0
5,5,29,1,1,4,0,1,0,1.0
5,5,9,1,1,2,2,0,0,0.0
5,5,9,2,2,3,0,3,0,0.0
5,5,9,2,1,11,10,3,0,2.0
5,5,29,1,1,1,0,1,0,0.0
5,5,29,1,1,2,0,2,0,0.0
5,5,9,1,2,3,3,0,0,0.0
5,5,29,1,2,2,0,0,0,0.0
5,5,29,2,3,7,3,0,3,1.0
5,5,29,1,1,3,0,3,0,0.0
5,5,9,1,2,8,3,4,1,0.0
5,5,9,2,3,11,8,1,7,3.0
5,5,29,1,1,1,0,0,0,0.0
5,5,29,1,1,1,0,0,0,0.0
5,5,9,2,4,7,2,3,2,0.0
5,5,29,2,4,10,0,1,2,2.0
5,5,9,1,1,2,2,0,0,0.0
5,5,9,1,2,4,2,2,0,0.0
5,5,29,2,2,3,0,0,2,0.0
5,5,3,2,4,17,0,8,0,0.0
5,5,9,2,2,2,0,0,2,0.0
5,5,9,2,3,19,10,0,10,1.0
5,5,29,1,1,2,0,2,0,0.0
5,5,41,1,1,1,0,1,0,0.0
5,5,29,1,1,1,0,0,0,1.0
5,5,29,2,5,21,0,8,3,1.0
5,5,29,2,4,10,3,0,4,0.0
5,5,29,2,2,3,0,2,0,0.0
5,5,29,2,2,15,5,2,6,1.0
5,5,41,1,1,1,0,1,0,0.0
5,5,29,1,1,1,1,0,0,0.0
5,5,29,2,1,2,2,0,2,2.0
5,5,29,1,1,1,0,0,2,1.0
5,5,29,2,1,6,2,4,0,0.0
5,5,29,2,2,2,1,0,0,0.0
5,5,24,2,1,2,0,0,0,0.0
5,5,29,2,3,3,0,0,0,0.0
5,5,29,2,1,2,0,2,0,0.0
5,5,9,2,4,14,12,3,5,1.0
5,5,15,2,2,2,2,0,0,0.0
5,5,9,1,1,1,0,1,0,0.0
5,5,29,2,3,21,30,0,0,7.0
5,5,29,2,1,3,0,0,4,1.0
5,5,29,1,1,1,0,0,1,0.0
5,5,29,1,1,7,7,0,0,0.0
5,5,29,2,4,8,0,0,8,0.0
5,5,29,2,4,25,5,1,11,4.0
5,5,29,1,2,2,1,0,1,0.0
5,5,29,2,3,7,3,2,0,0.0
5,5,29,1,1,1,0,0,0,0.0
5,5,29,1,1,3,2,1,0,0.0
5,5,29,1,1,1,1,0,0,0.0
5,5,29,1,2,2,0,0,1,1.0
5,5,29,1,1,8,9,0,0,1.0
5,5,29,1,1,1,1,0,0,0.0
5,5,29,1,1,2,0,1,1,0.0
5,5,29,2,1,3,0,3,0,0.0
5,5,29,2,2,3,0,1,0,0.0
5,5,29,2,2,3,0,0,0,0.0
5,5,29,2,1,2,1,0,0,0.0
5,5,29,1,2,4,1,0,2,0.0
5,5,29,1,1,1,0,0,0,0.0
5,5,29,2,4,13,0,7,3,1.0
5,5,29,1,1,3,1,0,1,0.0
5,5,34,1,1,1,0,2,0,1.0
5,5,9,2,3,8,1,3,4,0.0
5,5,29,1,1,4,1,4,0,1.0
5,5,29,2,3,7,1,2,3,0.0
5,5,29,2,4,20,7,3,6,0.0
5,5,29,2,3,15,13,0,4,2.0
5,5,29,1,2,4,5,0,0,1.0
5,5,29,1,1,8,8,0,0,0.0
5,5,29,1,2,4,1,2,1,0.0
5,5,29,1,1,1,1,0,0,0.0
5,5,9,1,1,1,1,0,0,0.0
5,5,29,1,1,1,0,1,0,0.0
5,5,29,1,2,4,2,0,1,0.0
5,5,29,1,2,2,0,2,0,0.0
5,5,29,1,1,1,0,1,0,0.0
5,5,29,1,1,1,0,1,0,0.0
5,5,29,1,1,1,0,1,0,0.0
5,5,29,1,1,6,3,0,0,0.0
5,5,29,2,2,4,1,3,0,0.0
5,5,29,2,1,2,0,2,0,0.0
5,5,29,1,1,1,0,0,0,0.0
5,5,29,1,2,8,0,7,0,0.0
5,5,29,2,2,7,6,0,1,0.0
5,5,29,2,5,29,3,6,6,0.0
5,5,29,1,1,1,2,0,0,1.0
5,5,29,2,3,3,0,1,2,0.0
5,5,29,1,2,2,2,0,0,0.0
5,5,29,1,1,1,1,0,0,0.0
5,5,29,2,5,14,5,2,2,1.0
5,5,29,1,2,2,1,0,1,0.0
5,5,29,2,5,19,1,10,5,1.0
5,5,29,2,2,9,0,4,2,1.0
5,5,29,2,1,2,0,0,0,0.0
5,5,29,2,1,4,4,0,0,0.0
5,5,29,1,2,4,2,0,1,0.0
5,5,29,1,1,1,0,2,0,1.0
5,5,29,2,2,3,0,3,0,0.0
5,5,29,1,1,1,0,2,0,1.0
5,5,29,1,1,1,1,0,0,0.0
5,5,29,2,5,39,10,8,10,1.0
5,5,29,1,1,1,0,0,0,0.0
5,5,29,2,4,6,1,0,5,0.0
5,5,29,1,2,3,0,0,3,0.0
5,5,29,1,3,3,0,1,1,0.0
5,5,29,1,1,2,0,1,1,0.0
5,5,29,1,1,3,1,1,1,0.0
5,5,29,1,1,1,0,1,0,0.0
5,5,29,1,2,2,3,0,0,1.0
5,5,29,1,1,1,1,0,0,0.0
5,5,29,1,1,1,0,1,0,0.0
5,5,29,2,1,2,1,0,1,0.0
5,5,29,1,1,1,0,1,0,0.0
5,5,29,1,3,5,1,2,0,0.0
5,5,29,1,1,1,0,0,0,0.0
5,5,29,2,1,2,0,2,0,0.0
5,5,29,1,1,1,1,0,0,0.0
5,5,29,1,1,1,0,1,0,0.0
5,5,29,2,1,2,0,1,1,0.0
5,5,29,1,1,2,2,0,0,0.0
5,5,29,1,1,1,0,1,0,0.0
5,5,29,1,2,6,0,2,4,0.0
5,5,29,1,1,2,0,2,0,0.0
5,5,29,2,2,5,2,2,0,0.0
5,5,9,2,1,4,0,5,0,1.0
5,5,29,1,1,1,1,0,0,0.0
5,5,29,1,1,1,0,1,0,0.0
5,5,29,1,2,2,0,0,2,0.0
5,5,29,1,2,2,0,0,2,0.0
5,5,29,2,3,22,17,0,4,6.0
5,5,16,2,2,4,1,1,2,0.0
5,5,29,1,1,1,0,0,1,0.0
5,5,29,1,1,6,0,0,0,0.0
5,5,29,1,1,1,0,0,1,0.0
5,5,29,2,3,7,3,3,2,1.0
5,5,29,1,3,6,1,3,0,0.0
5,5,34,2,1,5,4,1,0,0.0
5,5,29,1,1,2,0,2,0,0.0
5,5,29,1,1,1,0,0,0,0.0
5,5,29,2,4,8,0,0,4,0.0
5,5,29,1,2,3,0,3,0,0.0
5,5,29,2,2,11,2,4,0,3.0
5,5,9,2,2,7,0,0,10,2.0
5,5,29,2,2,3,0,1,0,0.0
5,5,9,1,1,1,0,1,0,0.0
5,5,9,2,2,9,0,9,0,0.0
5,5,46,1,1,1,1,0,0,0.0
5,5,46,1,1,1,0,0,1,0.0
5,5,46,1,1,1,0,0,1,0.0
5,5,9,1,1,1,1,0,0,0.0
5,5,9,2,1,2,3,0,0,1.0
5,5,29,2,3,13,1,6,3,0.0
5,5,29,2,3,8,0,6,0,0.0
5,5,29,1,1,4,3,0,1,0.0
5,5,29,1,1,3,0,0,3,0.0
5,5,44,1,1,1,1,0,0,0.0
5,5,29,2,4,14,3,0,9,1.0
5,5,29,2,1,7,0,7,0,0.0
5,5,9,2,2,6,2,0,4,0.0
5,5,29,2,2,3,0,0,3,0.0
5,5,29,1,2,4,3,1,0,0.0
5,5,29,2,5,14,0,3,4,0.0
5,5,29,1,2,4,4,0,1,1.0
5,5,29,2,1,2,0,2,0,0.0
5,5,29,1,1,1,0,0,1,0.0
5,5,29,2,2,8,2,7,0,1.0
5,5,29,2,2,2,0,0,1,0.0
5,5,29,1,1,1,1,0,0,0.0
5,5,9,1,2,3,3,0,0,0.0
5,5,9,2,2,6,6,0,0,0.0
5,5,46,1,1,1,0,0,0,0.0
5,5,29,2,4,8,1,0,6,0.0
5,5,29,1,1,1,0,1,0,0.0
5,5,9,1,1,2,2,0,0,0.0
5,5,29,2,3,21,15,0,4,1.0
5,5,29,2,1,7,3,0,2,0.0
5,5,29,1,1,6,0,6,0,0.0
5,5,9,2,1,5,2,1,2,0.0
5,5,9,2,3,33,50,0,0,13.0
5,5,29,2,2,11,3,4,5,1.0
5,5,29,1,1,1,0,1,0,0.0
5,5,29,2,2,5,4,1,0,0.0
5,5,29,2,1,4,2,3,0,1.0
5,5,44,2,2,6,0,6,0,0.0
5,5,44,2,4,14,9,0,5,0.0
5,6,29,2,2,2,0,0,2,0.0
5,6,29,2,2,5,1,3,2,1.0
5,6,29,1,1,1,1,0,0,0.0
5,6,9,2,3,7,6,0,5,3.0
5,6,29,1,2,3,0,0,3,0.0
5,6,32,2,2,4,1,1,1,0.0
5,6,9,2,2,20,33,2,0,10.0
5,6,29,1,3,6,0,2,3,0.0
5,6,29,2,2,3,3,0,0,0.0
5,6,29,1,3,7,5,2,1,1.0
5,6,9,1,1,1,1,0,0,0.0
5,6,9,1,1,3,2,3,0,2.0
5,6,9,2,4,9,2,1,8,2.0
5,6,29,1,2,2,2,0,0,0.0
5,6,29,1,1,1,0,1,0,0.0
5,6,29,1,2,2,0,1,1,0.0
5,6,29,1,1,1,0,0,0,0.0
5,6,29,1,1,1,0,0,0,0.0
5,6,29,2,4,13,3,4,7,1.0
5,6,29,1,1,1,1,0,0,0.0
5,6,9,1,1,2,0,0,2,0.0
5,6,29,2,2,17,16,2,0,4.0
5,6,29,2,1,7,3,2,3,1.0
5,6,29,1,1,1,0,0,0,0.0
5,6,29,1,1,1,0,1,0,0.0
5,6,29,2,3,9,0,0,8,0.0
5,6,29,1,2,3,0,0,3,0.0
5,6,24,1,2,2,0,2,1,1.0
5,6,9,1,1,1,1,0,0,0.0
5,6,29,2,2,7,4,2,0,0.0
5,6,9,1,1,1,1,0,0,0.0
5,6,29,1,1,1,0,0,0,0.0
5,6,21,1,1,2,1,0,0,0.0
5,6,29,2,2,6,6,0,0,0.0
5,6,29,2,2,5,0,0,3,0.0
5,6,29,2,3,8,3,4,0,1.0
5,6,29,2,2,7,4,0,0,0.0
5,6,9,2,2,11,11,4,0,4.0
5,6,29,1,1,1,0,0,1,0.0
5,6,24,2,4,8,0,4,7,4.0
5,6,29,1,1,1,0,0,1,0.0
5,6,29,2,2,7,7,0,0,0.0
5,6,29,1,1,1,0,1,0,0.0
5,6,29,1,1,1,0,1,0,0.0
5,6,29,2,1,4,3,3,0,2.0
5,6,29,2,1,3,2,0,0,0.0
5,6,29,2,3,5,3,3,0,1.0
5,6,29,2,2,14,10,0,6,3.0
5,6,29,2,2,5,0,3,0,0.0
5,6,29,2,4,15,9,6,0,3.0
5,6,29,1,1,2,0,1,1,0.0
5,6,29,2,1,3,0,3,0,0.0
5,6,29,2,2,11,0,5,3,0.0
5,6,29,1,1,1,2,0,0,1.0
5,6,29,1,1,1,0,0,1,0.0
5,6,29,1,1,2,0,1,0,0.0
5,6,29,2,4,5,3,0,0,0.0
5,6,29,1,1,1,0,1,0,0.0
5,6,29,1,1,2,0,1,0,0.0
5,6,29,2,3,12,13,3,0,4.0
5,6,29,1,1,2,2,0,0,0.0
5,6,29,2,1,6,1,4,1,0.0
5,6,29,1,1,1,0,0,0,0.0
5,6,29,2,3,8,0,0,3,3.0
5,6,29,2,1,4,0,4,0,0.0
5,6,29,1,1,3,3,0,0,0.0
5,6,29,1,1,1,0,1,0,0.0
5,6,29,2,1,3,4,0,0,1.0
5,6,29,1,1,1,1,0,0,0.0
5,6,29,2,3,6,0,0,0,0.0
5,6,29,2,3,14,0,3,0,2.0
5,6,29,1,1,1,0,1,0,0.0
5,6,29,1,1,1,0,1,0,0.0
5,6,29,1,1,1,0,0,1,0.0
5,6,29,2,1,4,0,2,0,0.0
5,6,29,2,3,7,3,3,0,1.0
5,6,29,2,2,5,5,0,0,0.0
5,6,9,2,1,2,1,1,0,0.0
5,6,29,2,3,10,6,4,0,0.0
5,6,29,2,2,3,0,2,0,0.0
5,6,29,2,1,5,2,0,0,0.0
5,6,29,2,2,7,5,5,0,3.0
5,6,29,1,1,1,1,0,0,0.0
5,6,29,2,2,4,2,0,2,0.0
5,6,29,2,1,3,3,0,0,0.0
5,6,11,1,2,2,0,2,1,1.0
5,6,29,1,2,2,0,0,0,0.0
5,6,29,1,1,3,0,3,0,0.0
5,6,29,2,4,11,0,5,3,0.0
5,6,29,1,1,2,2,0,0,0.0
5,6,29,1,1,2,2,0,0,0.0
5,6,29,2,3,5,1,0,4,0.0
5,6,29,1,2,5,2,4,0,1.0
5,6,29,1,1,1,0,0,1,0.0
5,6,29,2,4,20,12,5,0,5.0
5,6,46,1,1,1,2,0,0,1.0
5,6,24,1,1,1,1,0,0,0.0
5,6,24,2,4,8,0,4,4,1.0
5,6,29,2,1,5,2,0,0,0.0
5,6,29,1,1,1,0,1,0,0.0
5,6,29,2,1,2,0,2,0,0.0
5,6,29,1,2,7,0,5,0,0.0
5,6,29,1,1,1,1,0,0,0.0
5,6,29,2,2,10,1,4,0,0.0
5,6,9,1,2,5,6,0,0,1.0
5,6,29,1,1,1,0,1,0,0.0
5,6,29,1,1,1,1,0,0,0.0
5,6,29,1,1,1,0,0,0,0.0
5,6,29,1,1,1,0,0,1,0.0
5,6,29,1,1,1,0,1,0,0.0
5,6,29,1,1,3,0,0,3,0.0
5,6,29,2,3,4,1,0,3,0.0
5,6,29,1,2,2,0,2,0,0.0
5,6,29,1,2,2,0,0,2,0.0
5,6,29,2,1,5,3,0,2,0.0
5,6,29,2,2,4,0,2,0,0.0
5,6,46,1,1,1,0,0,0,0.0
5,6,29,1,1,1,0,0,0,0.0
5,6,29,2,2,2,2,0,0,0.0
5,6,29,1,1,1,0,1,0,0.0
5,6,29,2,3,13,0,8,5,1.0
5,6,29,1,2,2,0,1,1,0.0
5,6,29,2,3,10,6,2,0,1.0
5,6,29,2,4,8,1,0,7,1.0
5,6,29,1,2,8,0,8,2,3.0
5,6,9,1,1,1,1,0,0,0.0
5,6,29,1,1,2,2,0,0,0.0
5,6,29,1,2,7,0,5,5,3.0
5,6,29,1,1,2,0,0,1,0.0
5,6,29,2,3,9,3,0,5,0.0
5,6,46,1,1,1,0,1,0,0.0
5,6,29,2,1,2,1,0,1,0.0
5,6,29,1,1,1,0,1,0,0.0
5,6,29,1,2,5,0,5,0,0.0
5,6,29,2,2,7,2,1,2,0.0
5,6,29,2,2,6,2,4,0,0.0
5,6,29,1,1,1,0,1,0,0.0
5,6,29,1,1,1,0,0,1,0.0
5,6,29,2,1,6,1,3,0,2.0
5,6,29,1,2,5,4,0,0,0.0
5,6,29,1,3,6,2,2,2,0.0
5,6,29,1,1,1,0,1,0,0.0
5,6,29,2,4,11,0,0,2,1.0
5,6,29,2,3,6,2,1,0,0.0
5,6,29,2,3,24,7,12,3,2.0
5,6,29,1,1,3,4,0,0,1.0
5,6,29,2,2,5,5,0,0,0.0
5,6,29,1,1,1,0,0,0,0.0
5,6,29,1,1,2,0,2,0,0.0
5,6,9,1,1,1,1,0,0,0.0
5,6,29,1,3,3,0,0,3,0.0
5,6,44,1,2,2,0,2,0,0.0
5,6,46,2,4,12,2,1,6,0.0
5,6,9,1,1,2,0,2,0,0.0
5,6,46,1,1,1,1,0,0,0.0
5,6,46,1,1,1,0,1,0,0.0
5,6,46,1,1,1,1,0,0,0.0
5,6,46,1,1,1,0,1,0,0.0
5,6,46,1,1,1,1,0,0,0.0
5,6,46,1,1,1,0,0,1,0.0
5,6,46,1,1,1,1,0,0,0.0
5,6,46,1,1,1,0,0,1,0.0
5,6,29,1,2,2,0,2,0,0.0
5,6,29,1,3,4,2,0,0,0.0
5,6,29,2,1,2,1,1,0,0.0
5,6,29,1,1,5,5,0,0,0.0
5,6,46,1,1,1,0,0,1,0.0
5,6,29,2,1,5,0,2,1,0.0
5,6,29,1,2,2,0,0,1,0.0
5,6,9,2,1,3,0,3,0,0.0
5,6,29,2,5,22,7,4,3,1.0
5,6,29,1,1,1,2,0,0,1.0
5,6,29,2,5,7,0,0,0,0.0
5,6,44,2,3,14,8,1,5,1.0
5,6,9,2,2,7,3,7,0,2.0
5,6,29,2,3,7,0,2,0,0.0
5,6,29,2,2,6,0,7,0,1.0
5,6,29,1,1,1,0,0,1,0.0
5,6,29,1,1,1,0,0,1,0.0
5,6,9,2,4,20,7,4,10,1.0
5,6,9,2,1,8,6,2,0,0.0
5,6,29,2,1,3,1,0,0,1.0
5,6,44,2,2,4,2,0,2,0.0
5,6,29,1,1,2,0,2,0,0.0
5,6,9,2,4,17,4,4,10,1.0
5,6,29,2,3,9,0,3,3,0.0
5,6,29,1,1,1,0,0,0,1.0
5,6,29,1,1,1,0,0,1,0.0
5,6,29,2,1,6,2,0,2,0.0
5,6,9,1,1,1,1,0,0,0.0
5,7,29,1,1,1,0,0,0,0.0
5,7,29,1,1,1,0,1,0,0.0
5,7,29,1,2,2,2,0,0,0.0
5,7,9,1,1,1,1,0,0,0.0
5,7,9,2,3,9,1,7,2,1.0
5,7,9,2,2,4,3,0,1,0.0
5,7,29,1,1,1,0,0,1,0.0
5,7,9,2,1,3,2,1,0,0.0
5,7,29,2,2,7,2,4,1,1.0
5,7,29,1,1,2,0,0,2,1.0
5,7,9,2,2,4,3,1,0,0.0
5,7,29,1,2,3,0,1,2,0.0
5,7,9,1,2,5,5,0,0,0.0
5,7,29,1,2,2,0,2,0,0.0
5,7,9,2,2,3,0,1,3,1.0
5,7,29,1,1,1,0,0,0,0.0
5,7,29,2,1,4,4,0,0,0.0
5,7,29,2,3,8,3,0,2,0.0
5,7,41,2,3,15,5,8,1,0.0
5,7,9,1,1,1,0,1,0,0.0
5,7,9,1,2,3,2,0,1,0.0
5,7,29,2,1,5,4,0,1,0.0
5,7,9,2,4,10,0,0,10,0.0
5,7,29,1,2,3,2,0,0,0.0
5,7,29,2,2,11,5,3,0,0.0
5,7,24,1,2,2,0,0,2,0.0
5,7,29,2,2,3,0,2,0,0.0
5,7,29,1,2,2,0,2,0,0.0
5,7,29,2,1,3,1,2,0,0.0
5,7,9,2,3,18,17,0,10,9.0
5,7,29,2,3,17,3,0,20,6.0
5,7,29,2,1,5,1,1,1,0.0
5,7,29,1,1,2,0,3,0,1.0
5,7,29,1,1,1,0,0,0,0.0
5,7,9,2,2,10,14,0,2,2.0
5,7,9,1,1,1,1,0,0,0.0
5,7,29,2,3,5,2,1,2,0.0
5,7,9,1,1,2,3,0,0,1.0
5,7,9,2,3,6,2,0,7,3.0
5,7,24,2,5,12,1,4,2,3.0
5,7,24,2,4,7,0,1,0,0.0
5,7,29,1,1,1,0,1,0,0.0
5,7,29,2,2,6,5,1,0,0.0
5,7,9,1,2,2,0,0,2,0.0
5,7,9,1,1,1,0,1,0,0.0
5,7,29,1,1,4,0,2,0,0.0
5,7,29,1,2,2,2,0,0,0.0
5,7,29,1,1,2,1,0,0,0.0
5,7,29,2,2,6,0,2,0,0.0
5,7,29,1,3,8,0,2,0,1.0
5,7,29,2,3,6,2,0,4,0.0
5,7,29,1,1,1,0,1,0,0.0
5,7,29,2,4,4,0,1,1,0.0
5,7,29,2,1,5,0,2,2,1.0
5,7,29,2,2,2,0,0,0,0.0
5,7,29,1,1,1,0,1,0,0.0
5,7,29,2,2,4,1,1,2,0.0
5,7,29,1,1,1,0,1,0,0.0
5,7,29,2,4,6,4,3,0,2.0
5,7,29,1,1,1,1,0,0,0.0
5,7,29,2,3,7,5,1,1,0.0
5,7,29,1,1,3,2,1,0,0.0
5,7,29,1,1,1,1,0,0,0.0
5,7,29,1,1,2,0,2,0,0.0
5,7,29,2,3,9,2,0,2,0.0
5,7,29,1,1,2,0,2,1,1.0
5,7,29,1,2,2,0,0,0,0.0
5,7,29,1,1,1,1,0,0,0.0
5,7,29,1,2,3,0,2,0,0.0
5,7,29,1,2,2,0,0,0,0.0
5,7,29,1,1,1,0,1,0,0.0
5,7,29,1,2,5,7,1,0,3.0
5,7,29,1,1,2,0,2,0,0.0
5,7,29,2,2,2,0,2,0,0.0
5,7,29,1,1,1,0,0,0,0.0
5,7,29,1,1,1,0,0,1,0.0
5,7,29,2,2,3,3,0,0,0.0
5,7,29,1,3,9,7,4,2,3.0
5,7,29,1,1,1,0,0,1,0.0
5,7,29,2,2,5,8,0,0,2.0
5,7,29,1,3,7,1,5,0,1.0
5,7,29,1,1,4,0,0,1,0.0
5,7,29,2,4,8,1,3,1,0.0
5,7,44,2,5,20,2,0,0,1.0
5,7,29,1,2,3,1,0,2,0.0
5,7,11,2,2,5,0,0,4,0.0
5,7,29,1,3,5,0,3,0,0.0
5,7,29,2,2,2,0,0,0,0.0
5,7,29,2,2,13,12,0,0,0.0
5,7,29,1,1,1,0,1,0,0.0
5,7,29,2,4,11,2,1,3,1.0
5,7,29,2,2,3,2,1,0,0.0
5,7,29,2,4,11,0,5,6,0.0
5,7,29,1,1,1,0,0,0,0.0
5,7,29,2,1,4,0,0,0,1.0
5,7,29,2,4,24,7,5,10,0.0
5,7,29,2,2,9,0,3,0,0.0
5,7,29,1,1,2,0,3,0,1.0
5,7,29,2,1,2,2,0,0,0.0
5,7,29,2,1,3,2,0,0,0.0
5,7,29,2,4,9,2,2,4,1.0
5,7,29,1,2,2,0,2,0,0.0
5,7,29,2,3,9,1,3,0,0.0
5,7,29,2,1,4,0,2,1,0.0
5,7,29,2,3,8,0,4,1,0.0
5,7,29,2,2,2,0,0,0,0.0
5,7,29,1,1,1,0,0,1,0.0
5,7,29,2,2,11,0,6,0,0.0
5,7,29,2,3,4,4,0,0,1.0
5,7,24,1,2,2,0,1,1,0.0
5,7,29,1,1,1,0,0,1,0.0
5,7,29,2,2,4,2,0,0,0.0
5,7,29,2,3,5,0,0,4,0.0
5,7,29,1,1,1,0,1,0,0.0
5,7,29,1,2,2,1,0,0,0.0
5,7,29,2,5,17,2,2,3,0.0
5,7,29,2,1,4,1,2,1,0.0
5,7,29,1,1,1,0,1,0,0.0
5,7,34,2,2,4,1,0,3,0.0
5,7,29,2,1,3,0,0,3,0.0
5,7,29,2,2,3,3,0,0,0.0
5,7,29,1,1,1,0,1,0,0.0
5,7,29,1,2,2,0,1,1,0.0
5,7,9,2,4,35,19,11,6,1.0
5,7,29,2,1,4,0,0,0,0.0
5,7,29,2,2,13,2,2,1,1.0
5,7,29,2,1,2,0,0,2,0.0
5,7,29,2,2,3,2,1,0,0.0
5,7,29,2,3,6,0,0,4,0.0
5,7,29,1,1,1,1,0,0,0.0
5,7,29,1,1,2,0,0,2,0.0
5,7,29,2,3,3,0,1,1,0.0
5,7,29,1,1,1,0,0,0,0.0
5,7,29,1,1,1,1,0,0,0.0
5,7,29,2,4,11,0,0,7,0.0
5,7,29,2,2,7,0,8,0,1.0
5,7,29,1,1,1,0,1,0,0.0
5,7,29,2,1,3,3,0,0,0.0
5,7,46,1,1,1,1,0,0,0.0
5,7,29,2,5,17,4,3,8,3.0
5,7,29,2,2,2,2,0,0,0.0
5,7,29,2,2,8,4,2,0,0.0
5,7,29,2,2,5,2,0,3,0.0
5,7,29,2,3,7,1,4,2,0.0
5,7,29,1,1,2,1,1,0,0.0
5,7,29,2,4,6,3,0,0,0.0
5,7,29,1,1,1,0,0,0,0.0
5,7,29,1,1,1,1,0,0,0.0
5,7,44,1,1,2,0,0,2,0.0
5,7,29,2,3,4,0,2,2,0.0
5,7,29,1,1,1,1,0,0,0.0
5,7,29,2,3,8,0,0,8,0.0
5,7,29,1,1,2,1,0,0,0.0
5,7,29,2,3,5,0,0,3,1.0
5,7,29,1,1,1,0,1,0,0.0
5,7,12,2,1,2,2,0,0,0.0
5,7,29,2,2,5,0,0,2,0.0
5,7,29,2,1,4,1,0,0,0.0
5,7,29,2,2,8,1,3,3,0.0
5,7,29,2,4,34,6,0,2,0.0
5,7,29,2,4,15,10,1,3,0.0
5,7,29,2,5,19,6,6,3,2.0
5,7,29,2,3,10,6,5,0,1.0
5,7,29,2,3,7,3,0,4,0.0
5,7,29,1,1,1,1,0,0,0.0
5,7,29,2,3,6,0,3,3,0.0
5,7,29,2,3,13,6,6,0,0.0
5,7,29,2,2,4,5,0,1,2.0
5,7,29,2,2,7,6,1,0,0.0
5,7,29,2,1,3,0,3,0,0.0
5,7,29,1,1,1,1,0,0,0.0
5,7,9,2,3,5,0,5,3,3.0
5,7,29,2,2,9,1,4,4,0.0
5,7,29,2,2,3,1,1,1,0.0
5,7,46,1,1,1,1,0,0,0.0
5,7,46,1,1,1,1,0,0,0.0
5,7,46,1,1,1,1,0,0,0.0
5,7,29,2,1,5,7,0,0,2.0
5,7,29,2,3,4,2,0,0,0.0
5,7,29,2,3,8,0,0,0,2.0
5,7,9,2,2,7,3,3,1,0.0
5,7,29,1,1,1,2,0,0,1.0
5,7,29,1,1,1,1,0,0,0.0
5,7,29,2,2,3,2,0,0,0.0
5,7,29,2,4,5,1,0,4,0.0
5,7,29,2,2,6,0,0,3,1.0
5,7,46,2,2,14,8,6,0,2.0
5,7,9,1,1,2,2,1,0,1.0
5,7,29,1,2,8,5,3,0,0.0
5,7,29,1,1,1,0,0,0,0.0
5,7,29,2,3,13,3,1,0,0.0
5,7,46,2,1,2,3,0,0,1.0
5,7,9,1,2,10,0,15,2,5.0
5,7,9,2,2,11,0,11,0,0.0
5,7,29,2,5,25,5,10,6,0.0
5,7,29,1,1,1,1,0,0,0.0
5,7,29,1,1,1,0,0,1,0.0
5,7,29,1,1,2,1,1,0,0.0
5,7,29,1,1,1,0,1,0,0.0
5,7,9,2,3,8,4,0,4,0.0
5,7,29,1,1,2,0,2,0,0.0
5,7,29,1,2,2,0,0,1,0.0
5,7,29,2,2,3,0,3,0,0.0
5,7,29,1,1,1,0,1,0,0.0
5,7,9,1,1,2,2,0,0,0.0
5,7,29,2,4,10,0,0,6,0.0
5,7,9,1,1,3,0,5,0,2.0
5,7,29,1,1,1,0,0,0,0.0
5,7,9,2,4,7,0,5,2,0.0
5,7,29,2,2,7,0,7,0,0.0
5,7,29,1,2,7,0,5,0,0.0
5,7,29,2,1,2,1,0,0,0.0
5,7,44,2,2,6,2,0,3,0.0
5,7,29,2,3,5,0,1,2,0.0
5,7,29,2,2,8,5,2,1,0.0
5,7,29,2,3,11,1,3,1,0.0
5,8,29,2,1,10,3,3,3,1.0
5,8,29,1,1,1,0,1,0,0.0
5,8,29,2,1,2,1,0,1,0.0
5,8,41,1,1,1,0,1,0,0.0
5,8,29,2,2,3,0,0,3,0.0
5,8,29,1,1,1,0,1,0,0.0
5,8,29,1,2,2,0,0,3,1.0
5,8,29,1,1,1,0,0,0,0.0
5,8,29,1,1,4,4,0,0,0.0
5,8,29,1,1,2,0,1,2,1.0
5,8,29,2,1,2,2,0,1,1.0
5,8,9,2,3,6,0,5,1,0.0
5,8,29,1,1,2,0,3,0,1.0
5,8,9,1,1,1,1,0,0,0.0
5,8,29,1,1,1,0,1,0,0.0
5,8,29,1,1,2,1,0,1,0.0
5,8,29,2,4,21,9,8,5,1.0
5,8,29,1,1,1,0,0,0,0.0
5,8,24,1,1,3,7,0,0,3.0
5,8,29,1,2,2,0,0,2,0.0
5,8,29,2,2,6,0,0,3,0.0
5,8,24,2,1,5,0,5,0,0.0
5,8,41,2,3,12,2,7,8,5.0
5,8,2,2,2,6,1,4,1,0.0
5,8,9,2,2,11,18,0,0,5.0
5,8,24,2,3,14,4,0,0,9.0
5,8,21,2,2,4,1,0,1,0.0
5,8,29,1,1,1,0,1,0,0.0
5,8,29,1,1,2,0,0,2,0.0
5,8,29,2,3,17,4,5,16,6.0
5,8,24,1,1,1,0,0,1,0.0
5,8,29,1,1,1,1,0,0,0.0
5,8,29,1,2,2,0,0,2,0.0
5,8,29,2,3,8,1,0,3,0.0
5,8,29,1,2,5,5,0,0,0.0
5,8,29,2,3,14,7,0,4,0.0
5,8,29,1,1,1,1,0,0,0.0
5,8,29,2,3,14,16,1,0,6.0
5,8,29,2,2,3,2,1,0,0.0
5,8,29,1,1,1,2,0,0,1.0
5,8,29,2,4,15,1,2,0,1.0
5,8,29,2,2,6,6,0,0,0.0
5,8,29,1,2,2,2,0,0,0.0
5,8,29,2,1,3,0,3,0,0.0
5,8,29,1,1,1,0,0,0,0.0
5,8,29,2,2,5,1,4,0,0.0
5,8,29,1,2,2,0,2,0,0.0
5,8,29,2,5,24,8,2,3,3.0
5,8,29,2,2,5,0,1,1,0.0
5,8,29,2,3,12,3,3,4,5.0
5,8,29,1,1,2,0,2,0,0.0
5,8,29,1,2,3,0,3,0,0.0
5,8,29,1,1,1,0,0,1,0.0
5,8,29,1,1,2,0,2,0,0.0
5,8,29,2,2,5,5,0,0,0.0
5,8,29,2,5,21,8,0,4,2.0
5,8,44,1,1,1,1,0,0,0.0
5,8,29,2,1,2,0,0,0,0.0
5,8,29,1,2,2,0,1,1,0.0
5,8,29,1,1,1,0,0,0,1.0
5,8,29,2,3,5,1,2,3,1.0
5,8,29,1,2,2,1,0,0,0.0
5,8,29,2,3,21,7,7,5,2.0
5,8,29,2,4,43,14,0,15,1.0
5,8,29,2,5,13,5,8,0,4.0
5,8,29,1,1,1,0,1,0,0.0
5,8,29,2,3,27,18,0,10,1.0
5,8,29,1,1,1,0,1,0,0.0
5,8,29,1,1,2,0,0,0,0.0
5,8,29,2,2,2,0,0,1,0.0
5,8,29,1,2,11,9,0,4,2.0
5,8,29,2,3,10,0,5,2,2.0
5,8,9,1,3,8,5,2,2,1.0
5,8,29,2,1,4,2,2,0,0.0
5,8,29,2,1,2,1,0,0,0.0
5,8,29,1,1,1,0,1,0,0.0
5,8,29,2,3,11,6,0,2,2.0
5,8,29,2,2,7,2,2,0,0.0
5,8,29,1,1,2,0,0,3,1.0
5,8,29,2,3,3,0,0,1,1.0
5,8,29,2,5,26,5,4,8,3.0
5,8,29,1,1,1,0,1,0,0.0
5,8,29,1,1,1,0,1,0,0.0
5,8,29,1,1,1,1,0,0,0.0
5,8,29,1,2,8,4,2,0,0.0
5,8,34,2,3,18,0,22,1,5.0
5,8,29,2,2,4,0,5,0,1.0
5,8,29,1,1,2,0,0,1,0.0
5,8,29,1,1,6,4,0,0,1.0
5,8,29,1,1,1,0,0,0,0.0
5,8,29,1,2,5,5,1,0,1.0
5,8,29,2,3,8,0,4,2,0.0
5,8,29,2,3,4,4,0,0,0.0
5,8,29,2,1,3,3,0,0,0.0
5,8,29,1,1,2,0,0,1,0.0
5,8,29,1,1,1,1,0,0,0.0
5,8,29,1,1,2,0,3,0,1.0
5,8,29,2,2,8,0,2,6,2.0
5,8,29,2,1,10,5,2,3,0.0
5,8,29,1,1,1,0,0,1,0.0
5,8,29,2,1,3,2,2,0,2.0
5,8,29,2,2,6,0,0,3,0.0
5,8,29,2,1,6,7,0,0,1.0
5,8,29,1,1,3,0,0,2,0.0
5,8,29,1,3,6,1,3,2,0.0
5,8,29,1,1,2,3,0,0,1.0
5,8,46,2,2,5,0,1,4,0.0
5,8,29,1,1,1,1,0,0,0.0
5,8,29,2,5,125,0,21,45,4.0
5,8,29,1,2,6,0,6,0,0.0
5,8,29,2,3,13,2,1,1,0.0
5,8,29,2,2,6,1,2,3,0.0
5,8,29,2,4,11,0,3,5,0.0
5,8,9,2,3,8,4,3,2,1.0
5,8,29,1,1,2,2,0,0,0.0
5,8,29,1,1,1,1,0,0,0.0
5,8,9,2,3,24,0,0,30,5.0
5,8,29,2,2,12,10,2,0,1.0
5,8,29,1,1,2,0,1,0,0.0
5,8,9,2,2,2,3,0,0,1.0
5,8,29,1,2,2,0,0,2,0.0
5,8,29,2,2,2,0,3,0,1.0
5,8,46,1,1,1,0,0,1,0.0
5,8,46,1,1,1,0,1,0,0.0
5,8,29,1,2,4,4,0,0,0.0
5,8,29,2,4,12,0,4,0,0.0
5,8,29,2,1,2,0,2,0,0.0
5,8,29,1,1,6,7,0,0,1.0
5,8,29,2,1,2,0,1,0,0.0
5,8,9,2,2,4,4,1,0,1.0
5,8,29,2,3,16,6,0,0,1.0
5,8,29,2,3,10,7,0,0,0.0
5,8,29,2,2,6,0,7,0,1.0
5,8,29,2,1,3,0,2,0,1.0
5,8,29,1,1,1,1,0,0,0.0
5,8,29,2,2,5,0,1,4,0.0
5,8,29,1,1,1,0,0,1,0.0
5,8,29,2,3,19,3,4,12,0.0
5,8,44,2,3,11,2,0,2,1.0
5,8,9,2,2,9,0,12,0,2.0
5,8,29,1,1,1,0,0,1,0.0
5,8,29,1,1,2,0,1,0,0.0
5,8,29,2,1,4,2,2,0,0.0
5,8,24,1,1,3,2,0,1,0.0
5,8,24,1,3,4,0,1,2,0.0
5,8,29,2,4,6,3,1,2,1.0
5,8,29,1,1,1,0,0,1,0.0
5,8,29,2,4,7,0,0,1,0.0
5,8,29,1,3,5,5,0,0,0.0
5,8,29,1,1,1,0,0,0,0.0
5,8,29,2,3,8,8,0,0,0.0
5,8,29,2,4,13,2,0,1,0.0
5,9,9,1,3,6,5,0,1,0.0
5,9,29,2,3,5,1,2,1,0.0
5,9,29,2,1,3,0,2,2,1.0
5,9,9,1,1,1,0,1,0,0.0
5,9,29,2,1,4,0,4,0,0.0
5,9,9,2,1,9,0,0,9,0.0
5,9,29,2,3,3,0,0,3,0.0
5,9,9,1,1,3,1,1,1,0.0
5,9,29,2,2,3,0,0,2,0.0
5,9,29,1,1,2,0,1,1,0.0
5,9,29,1,2,2,2,0,0,0.0
5,9,29,1,1,1,0,0,0,0.0
5,9,29,1,1,1,1,0,0,0.0
5,9,29,1,1,5,6,0,0,1.0
5,9,9,2,2,2,2,0,0,0.0
5,9,9,1,1,3,4,0,0,1.0
5,9,41,2,3,10,5,4,0,1.0
5,9,29,2,3,9,2,1,4,2.0
5,9,29,1,2,3,0,1,1,0.0
5,9,29,1,1,3,2,0,0,0.0
5,9,29,1,1,2,0,3,0,1.0
5,9,29,1,1,1,0,0,0,0.0
5,9,29,1,1,3,3,0,0,0.0
5,9,29,1,2,2,1,0,0,0.0
5,9,21,2,5,13,3,0,4,0.0
5,9,29,2,2,5,3,2,1,1.0
5,9,29,2,3,16,4,3,9,4.0
5,9,29,2,3,7,5,0,2,0.0
5,9,9,1,1,1,1,0,0,0.0
5,9,29,2,5,23,12,11,5,5.0
5,9,29,2,4,11,2,0,2,0.0
5,9,29,1,2,2,0,2,0,0.0
5,9,29,2,2,13,9,3,1,2.0
5,9,29,1,1,1,0,1,0,0.0
5,9,29,2,1,2,0,3,0,1.0
5,9,29,2,4,12,0,2,3,2.0
5,9,29,2,3,4,1,0,0,0.0
5,9,29,2,2,2,0,0,2,0.0
5,9,29,1,1,1,0,0,0,0.0
5,9,29,1,2,2,1,0,0,0.0
5,9,9,2,1,10,4,3,5,2.0
5,9,29,1,1,1,0,0,0,0.0
5,9,29,1,1,1,1,0,0,0.0
5,9,29,1,1,1,0,1,0,0.0
5,9,29,1,1,1,0,0,0,0.0
5,9,29,1,2,4,0,4,0,0.0
5,9,29,1,1,1,0,0,0,1.0
5,9,29,1,1,1,0,0,0,0.0
5,9,29,2,3,6,6,0,0,0.0
5,9,29,1,2,2,1,1,0,0.0
5,9,29,1,1,2,1,1,0,0.0
5,9,29,1,1,1,1,0,0,0.0
5,9,29,1,1,1,1,0,0,0.0
5,9,29,2,3,14,1,9,1,0.0
5,9,29,2,5,16,0,6,6,3.0
5,9,29,2,1,3,0,3,0,0.0
5,9,29,1,1,1,0,1,0,0.0
5,9,29,2,1,3,0,2,1,0.0
5,9,29,1,1,1,0,0,1,0.0
5,9,29,1,2,3,0,6,0,1.0
5,9,29,1,1,1,0,0,1,0.0
5,9,29,1,1,1,0,1,0,0.0
5,9,29,1,1,1,1,0,0,0.0
5,9,29,1,1,1,0,0,2,1.0
5,9,29,1,1,3,0,3,0,0.0
5,9,29,1,1,1,0,1,0,0.0
5,9,29,1,1,1,0,0,1,0.0
5,9,3,2,5,10,0,0,0,0.0
5,9,29,2,2,9,1,1,0,2.0
5,9,29,2,1,2,0,1,0,0.0
5,9,29,1,1,1,0,1,0,0.0
5,9,29,1,1,1,0,1,0,0.0
5,9,29,2,3,10,4,0,0,1.0
5,9,16,2,2,5,5,0,0,0.0
5,9,29,1,2,3,0,0,1,0.0
5,9,29,2,2,8,2,3,3,1.0
5,9,29,2,1,6,0,0,6,0.0
5,9,29,2,2,6,1,0,4,0.0
5,9,29,1,1,1,0,0,0,0.0
5,9,29,2,1,12,5,0,4,0.0
5,9,29,2,2,2,0,0,0,0.0
5,9,29,2,2,5,1,1,0,0.0
5,9,29,2,5,21,5,0,0,1.0
5,9,29,1,2,4,0,0,0,0.0
5,9,44,1,1,1,0,0,1,0.0
5,9,29,1,1,3,0,0,3,0.0
5,9,29,1,2,6,2,4,0,0.0
5,9,29,2,4,18,13,1,3,1.0
5,9,29,1,1,1,1,0,0,0.0
5,9,29,2,3,8,0,4,1,0.0
5,9,29,2,2,4,2,2,0,0.0
5,9,29,2,3,13,4,0,0,0.0
5,9,29,1,1,1,0,1,0,0.0
5,9,29,1,1,1,0,2,0,1.0
5,9,29,2,1,2,2,0,0,0.0
5,9,22,2,3,25,6,21,3,5.0
5,9,29,2,3,11,5,7,2,3.0
5,9,29,1,1,1,0,0,0,0.0
5,9,29,2,5,33,12,0,12,1.0
5,9,29,2,5,26,2,0,19,16.0
5,9,29,2,2,5,1,2,0,0.0
5,9,29,1,2,3,0,3,0,0.0
5,9,29,1,1,1,0,0,1,0.0
5,9,29,2,4,6,1,0,4,0.0
5,9,29,2,3,8,0,5,0,1.0
5,9,29,2,2,6,3,3,0,0.0
5,9,29,1,1,1,0,0,1,0.0
5,9,9,1,2,3,1,2,0,0.0
5,9,29,2,3,9,0,6,0,1.0
5,9,46,1,1,1,0,1,0,0.0
5,9,46,1,1,1,1,0,0,0.0
5,9,46,1,1,1,0,0,1,0.0
5,9,29,1,1,1,0,1,0,0.0
5,9,29,2,1,2,2,0,0,0.0
5,9,29,2,4,7,0,2,0,0.0
5,9,29,2,2,3,4,0,0,1.0
5,9,29,2,4,9,0,0,5,1.0
5,9,29,1,2,4,2,1,1,0.0
5,9,29,1,1,1,0,0,0,0.0
5,9,16,2,2,12,16,0,0,2.0
5,9,29,2,4,11,9,0,2,1.0
5,9,29,2,4,5,0,3,0,0.0
5,9,29,2,2,3,2,0,1,0.0
5,9,29,1,1,1,1,0,0,0.0
5,9,9,2,1,2,1,1,0,0.0
5,9,29,2,3,14,3,4,0,1.0
5,9,29,1,1,1,0,1,0,0.0
5,9,29,1,1,1,0,0,0,0.0
5,9,29,2,2,3,0,0,3,0.0
5,9,29,1,1,1,0,0,1,0.0
5,9,46,1,1,1,2,0,0,1.0
5,9,29,1,2,2,0,0,2,0.0
5,9,46,2,3,12,3,8,0,1.0
5,9,29,2,2,2,0,1,0,0.0
5,9,29,1,1,1,0,0,0,0.0
5,9,29,1,3,17,10,0,13,4.0
5,10,29,1,1,1,0,1,0,0.0
5,10,29,1,1,4,0,0,0,0.0
5,10,29,2,2,9,1,0,2,0.0
5,10,9,1,2,2,0,1,1,0.0
5,10,29,1,1,1,2,0,0,1.0
5,10,9,1,2,6,8,0,2,2.0
5,10,29,1,1,1,1,0,0,0.0
5,10,29,1,3,3,0,2,1,0.0
5,10,9,2,3,7,7,0,0,0.0
5,10,9,1,1,1,1,0,0,0.0
5,10,9,1,1,1,1,0,0,0.0
5,10,29,1,2,2,0,0,0,0.0
5,10,9,2,3,22,13,6,7,4.0
5,10,29,2,2,6,5,0,1,0.0
5,10,29,2,3,12,1,5,3,1.0
5,10,29,1,2,5,0,5,0,0.0
5,10,24,2,2,3,3,0,1,1.0
5,10,24,1,2,2,4,0,0,1.0
5,10,29,1,2,4,0,0,4,0.0
5,10,29,1,3,5,0,0,6,1.0
5,10,9,2,1,4,0,5,0,1.0
5,10,24,1,1,3,0,1,2,0.0
5,10,29,1,1,1,1,0,0,0.0
5,10,29,2,3,12,4,1,0,0.0
5,10,29,1,1,5,0,5,0,0.0
5,10,24,1,2,2,0,0,0,0.0
5,10,29,1,1,2,2,0,0,0.0
5,10,29,1,1,1,1,0,0,0.0
5,10,29,1,1,4,0,0,2,0.0
5,10,24,2,1,3,3,0,1,1.0
5,10,29,1,3,4,2,0,2,0.0
5,10,9,1,1,1,2,0,0,1.0
5,10,29,2,4,26,25,0,4,6.0
5,10,29,2,3,17,5,11,0,1.0
5,10,29,2,2,5,3,1,1,0.0
5,10,29,1,2,2,0,2,0,0.0
5,10,29,2,5,24,3,4,0,0.0
5,10,29,1,1,1,1,0,0,0.0
5,10,29,1,2,2,0,0,2,0.0
5,10,29,1,1,1,0,1,0,0.0
5,10,29,2,2,2,0,0,2,0.0
5,10,29,1,1,1,0,1,0,0.0
5,10,29,1,1,1,0,1,0,0.0
5,10,29,2,4,12,6,0,6,2.0
5,10,29,1,1,1,0,1,0,0.0
5,10,29,2,3,11,0,4,3,0.0
5,10,29,1,1,1,0,0,1,0.0
5,10,29,2,4,11,2,2,0,1.0
5,10,29,2,2,8,0,8,0,0.0
5,10,29,1,1,1,1,0,0,0.0
5,10,29,1,1,1,0,1,0,0.0
5,10,29,2,2,3,0,0,2,0.0
5,10,29,1,1,1,0,0,0,0.0
5,10,29,1,1,3,0,1,2,0.0
5,10,29,1,1,4,1,1,2,0.0
5,10,29,2,1,3,0,2,2,1.0
5,10,29,1,1,1,0,1,0,0.0
5,10,29,1,1,1,0,0,0,0.0
5,10,29,1,3,7,3,3,1,1.0
5,10,29,2,1,6,2,4,0,3.0
5,10,29,2,2,9,2,3,1,0.0
5,10,29,2,4,10,2,2,1,1.0
5,10,29,1,1,2,0,0,1,0.0
5,10,29,1,1,1,0,1,0,0.0
5,10,29,2,1,3,0,0,2,0.0
5,10,29,1,1,1,0,0,1,0.0
5,10,29,2,1,4,4,0,0,0.0
5,10,29,2,1,2,2,0,0,0.0
5,10,29,1,2,3,0,3,0,0.0
5,10,29,2,2,3,2,0,0,0.0
5,10,29,2,3,4,0,1,1,0.0
5,10,29,2,4,9,2,0,2,0.0
5,10,29,2,3,5,0,0,5,0.0
5,10,29,2,2,10,0,0,7,0.0
5,10,29,1,1,1,1,0,0,0.0
5,10,29,2,4,12,1,4,7,0.0
5,10,29,1,1,3,1,2,0,0.0
5,10,29,2,3,8,0,1,7,0.0
5,10,29,2,5,30,2,3,12,3.0
5,10,29,2,1,3,0,0,0,0.0
5,10,29,2,1,3,0,2,0,0.0
5,10,29,2,1,5,4,0,1,0.0
5,10,29,1,1,3,0,0,0,0.0
5,10,29,2,1,4,3,0,0,0.0
5,10,29,2,2,7,6,0,0,2.0
5,10,29,1,2,3,0,3,0,0.0
5,10,9,1,1,2,2,0,0,0.0
5,10,29,2,2,3,0,0,0,0.0
5,10,29,2,2,7,6,0,0,0.0
5,10,29,1,1,1,0,4,0,1.0
5,10,29,1,1,1,0,0,0,0.0
5,10,9,2,3,16,3,11,10,5.0
5,10,46,1,1,1,1,0,0,0.0
5,10,46,1,1,1,0,0,1,0.0
5,10,46,1,1,1,0,0,1,0.0
5,10,46,1,1,1,1,0,0,0.0
5,10,29,2,3,4,1,0,2,0.0
5,10,29,2,3,6,2,2,2,3.0
5,10,9,2,1,11,0,10,1,0.0
5,10,29,2,2,4,2,0,2,0.0
5,10,29,1,3,4,0,0,3,0.0
5,10,29,1,1,1,0,0,0,0.0
5,10,29,1,1,2,2,0,0,0.0
5,10,29,1,1,1,0,1,0,0.0
5,10,29,1,1,1,0,0,2,1.0
5,10,9,1,1,1,1,0,0,0.0
5,10,29,2,4,8,0,0,2,0.0
5,10,9,2,4,40,15,10,22,6.0
5,10,29,2,3,20,0,2,19,1.0
5,10,29,1,1,1,0,0,1,0.0
5,10,29,2,2,4,5,0,0,1.0
5,10,29,2,2,6,0,2,2,0.0
5,11,29,2,3,7,5,1,0,0.0
5,11,9,1,1,1,1,0,0,0.0
5,11,29,1,1,1,1,0,0,0.0
5,11,9,2,1,3,0,3,0,0.0
5,11,29,2,4,8,3,0,1,2.0
5,11,29,2,3,4,3,1,0,1.0
5,11,16,2,2,4,4,0,1,1.0
5,11,9,2,2,3,1,1,1,0.0
5,11,9,2,3,17,4,3,11,1.0
5,11,29,2,2,10,2,3,5,0.0
5,11,29,1,1,1,0,1,0,0.0
5,11,9,2,1,3,0,4,0,1.0
5,11,9,2,4,14,2,9,5,2.0
5,11,3,2,2,9,5,0,5,1.0
5,11,9,1,1,1,0,0,1,0.0
5,11,9,2,1,2,0,0,2,0.0
5,11,29,2,2,2,2,0,0,0.0
5,11,9,2,4,11,3,0,8,0.0
5,11,29,1,3,3,0,0,3,0.0
5,11,29,2,1,10,0,2,11,3.0
5,11,21,1,1,1,0,1,0,0.0
5,11,21,1,3,7,1,0,4,0.0
5,11,29,2,3,4,0,1,3,0.0
5,11,29,1,1,3,0,2,1,0.0
5,11,29,2,1,2,1,1,0,0.0
5,11,21,2,3,4,0,0,1,0.0
5,11,9,1,1,3,3,0,0,0.0
5,11,29,1,2,3,0,4,0,1.0
5,11,29,1,1,2,0,2,0,0.0
5,11,29,1,1,1,0,0,1,0.0
5,11,29,2,3,7,0,6,0,1.0
5,11,29,1,2,7,2,5,0,0.0
5,11,29,1,2,2,1,1,0,0.0
5,11,29,2,2,4,4,0,0,0.0
5,11,29,1,1,1,0,0,1,0.0
5,11,29,2,3,10,5,0,0,6.0
5,11,29,1,1,1,0,0,1,0.0
5,11,29,1,1,1,0,1,0,0.0
5,11,29,2,5,9,0,0,0,0.0
5,11,29,2,3,5,4,0,2,1.0
5,11,29,2,4,25,8,3,20,8.0
5,11,29,1,1,3,1,2,0,0.0
5,11,29,2,3,5,3,0,2,0.0
5,11,29,1,1,2,2,0,0,0.0
5,11,29,2,2,2,2,0,0,0.0
5,11,29,1,1,1,0,1,0,0.0
5,11,29,2,3,5,0,0,0,1.0
5,11,29,1,2,6,3,1,2,0.0
5,11,29,2,4,15,5,0,6,0.0
5,11,29,1,1,1,1,0,0,0.0
5,11,29,2,2,15,0,18,0,4.0
5,11,29,1,2,7,0,3,2,0.0
5,11,29,2,2,4,1,1,2,0.0
5,11,29,1,1,2,1,0,1,0.0
5,11,29,2,2,4,0,2,0,0.0
5,11,29,2,1,2,0,2,0,0.0
5,11,29,2,1,3,0,2,0,0.0
5,11,29,1,1,1,0,0,1,0.0
5,11,29,2,4,9,3,2,3,0.0
5,11,29,2,1,2,2,0,0,0.0
5,11,29,1,1,1,0,0,1,0.0
5,11,29,2,1,2,0,2,0,0.0
5,11,29,2,3,6,0,0,4,0.0
5,11,29,2,2,13,13,3,0,2.0
5,11,29,1,1,2,0,0,2,0.0
5,11,29,1,2,3,0,3,0,0.0
5,11,29,2,3,5,2,1,2,0.0
5,11,29,2,3,10,7,4,0,1.0
5,11,29,2,3,7,3,1,1,0.0
5,11,29,1,1,2,0,2,0,0.0
5,11,29,2,2,5,0,4,1,0.0
5,11,29,2,2,5,0,0,4,0.0
5,11,29,1,1,1,0,1,0,0.0
5,11,29,1,1,2,2,0,0,0.0
5,11,10,1,3,4,1,1,2,0.0
5,11,29,2,2,4,2,1,1,0.0
5,11,29,1,1,1,0,0,1,0.0
5,11,29,2,2,4,0,3,1,0.0
5,11,29,2,2,5,1,4,1,1.0
5,11,29,1,3,7,2,1,3,0.0
5,11,29,2,1,2,0,2,0,0.0
5,11,29,1,4,5,4,0,0,0.0
5,11,29,1,1,1,0,1,0,0.0
5,11,29,2,1,3,2,0,0,0.0
5,11,29,1,1,4,4,0,0,0.0
5,11,29,2,3,12,9,1,3,3.0
5,11,29,2,2,12,3,2,7,0.0
5,11,29,2,1,3,0,3,0,0.0
5,11,29,2,3,12,7,0,1,0.0
5,11,29,1,2,2,1,1,0,0.0
5,11,29,2,2,2,1,0,0,0.0
5,11,29,1,1,1,0,1,0,0.0
5,11,29,2,3,10,4,3,1,0.0
5,11,29,1,2,4,4,1,1,2.0
5,11,29,1,1,2,0,2,0,0.0
5,11,29,2,2,5,0,6,0,1.0
5,11,29,2,2,3,0,0,1,0.0
5,11,29,1,1,5,0,5,1,1.0
5,11,29,1,1,1,0,0,0,0.0
5,11,29,2,3,8,0,3,0,0.0
5,11,29,1,2,10,0,10,0,0.0
5,11,29,1,1,1,0,0,1,0.0
5,11,29,2,2,2,0,0,0,0.0
5,11,29,1,2,2,0,2,0,0.0
5,11,29,1,1,1,0,1,0,0.0
5,11,44,1,1,1,0,0,1,0.0
5,11,29,2,5,13,2,0,1,0.0
5,11,29,1,1,3,0,2,1,0.0
5,11,29,2,4,44,25,1,0,1.0
5,11,46,1,1,5,0,5,0,0.0
5,11,29,2,2,6,5,1,0,0.0
5,11,29,1,1,1,1,0,0,0.0
5,11,29,2,4,9,0,0,3,0.0
5,11,29,1,1,1,1,0,0,0.0
5,11,29,2,1,2,0,2,0,0.0
5,11,29,1,2,4,0,2,1,0.0
5,11,46,2,5,9,2,0,2,0.0
5,11,29,2,1,2,1,1,0,0.0
5,11,29,2,3,12,0,8,5,2.0
5,11,29,1,1,1,1,0,0,0.0
5,11,29,1,3,8,2,6,0,1.0
5,11,21,2,1,4,0,2,0,0.0
5,11,9,1,1,1,0,1,0,0.0
5,11,46,1,1,1,1,0,0,0.0
5,11,46,1,1,1,0,1,0,0.0
5,11,46,1,1,1,1,0,0,0.0
5,11,46,1,1,1,1,0,0,0.0
5,11,46,1,1,1,1,0,0,0.0
5,11,29,1,1,1,0,0,1,0.0
5,11,46,1,1,1,0,0,1,0.0
5,11,29,2,2,7,1,2,0,0.0
5,11,46,1,1,2,1,1,0,0.0
5,11,29,2,2,11,1,6,1,0.0
5,11,29,1,1,1,0,0,1,0.0
5,11,29,1,2,5,0,5,0,0.0
5,11,29,1,1,1,0,0,1,0.0
5,11,29,1,2,7,0,7,0,0.0
5,11,29,1,1,1,0,1,0,0.0
5,11,29,1,1,1,0,0,1,0.0
5,11,44,2,3,15,27,2,7,10.0
5,11,29,1,1,1,0,0,1,0.0
5,11,29,2,1,2,0,2,0,0.0
5,11,9,2,4,28,33,9,13,21.0
5,11,9,2,1,3,0,5,0,2.0
5,11,9,2,3,3,1,0,3,1.0
5,11,44,1,1,5,4,0,0,0.0
5,11,29,2,3,7,2,1,4,0.0
5,12,9,1,3,4,2,4,0,1.0
5,12,9,2,1,12,4,3,5,0.0
5,12,9,2,1,2,0,1,1,0.0
5,12,9,1,1,2,4,0,0,1.0
5,12,9,1,2,3,0,3,0,0.0
5,12,3,2,3,24,0,4,21,2.0
5,12,29,1,1,1,1,0,0,0.0
5,12,9,2,2,3,0,2,1,0.0
5,12,9,2,3,6,4,2,0,0.0
5,12,29,2,1,16,5,3,6,0.0
5,12,9,1,2,4,4,0,0,0.0
5,12,29,1,1,1,0,1,0,0.0
5,12,9,1,2,10,7,3,0,0.0
5,12,29,1,2,2,0,0,3,1.0
5,12,29,2,3,3,0,1,0,0.0
5,12,9,1,1,1,0,0,0,0.0
5,12,9,1,1,2,0,0,2,0.0
5,12,29,1,1,2,1,1,0,0.0
5,12,9,1,1,1,1,0,0,0.0
5,12,29,1,2,3,1,1,0,0.0
5,12,9,2,1,2,1,1,0,0.0
5,12,29,2,2,3,2,0,1,0.0
5,12,29,2,1,5,0,4,1,0.0
5,12,29,2,3,3,0,1,2,0.0
5,12,29,1,1,3,3,0,0,0.0
5,12,29,2,2,5,3,0,2,1.0
5,12,29,2,3,7,6,0,1,0.0
5,12,29,1,1,1,0,0,1,0.0
5,12,29,1,1,1,0,0,0,0.0
5,12,29,1,1,1,0,0,0,0.0
5,12,29,1,1,1,0,0,1,0.0
5,12,29,1,1,1,0,0,1,0.0
5,12,29,2,1,2,0,0,0,0.0
5,12,29,2,1,8,9,0,2,3.0
5,12,29,1,3,4,0,0,4,0.0
5,12,9,2,4,23,12,0,11,0.0
5,12,21,2,3,18,2,1,8,1.0
5,12,29,1,1,2,0,0,2,0.0
5,12,29,1,2,7,2,3,0,0.0
5,12,29,2,4,26,5,1,12,3.0
5,12,29,1,1,1,0,1,0,0.0
5,12,9,2,3,7,10,1,0,4.0
5,12,24,2,1,4,1,0,1,1.0
5,12,29,1,2,7,3,3,0,2.0
5,12,29,1,2,3,0,3,0,0.0
5,12,29,1,1,1,1,0,0,0.0
5,12,29,2,3,3,0,1,0,0.0
5,12,29,2,2,3,0,0,3,0.0
5,12,29,1,3,6,0,5,0,0.0
5,12,29,1,3,3,0,3,0,1.0
5,12,29,1,1,1,4,0,0,1.0
5,12,29,1,1,1,0,0,0,0.0
5,12,29,2,1,18,3,6,7,2.0
5,12,29,2,3,7,6,0,2,1.0
5,12,29,2,1,3,2,0,0,0.0
5,12,29,2,3,13,1,2,3,0.0
5,12,29,2,3,7,5,2,0,0.0
5,12,29,1,1,1,0,0,0,0.0
5,12,29,1,1,1,0,1,0,0.0
5,12,29,2,2,8,3,4,0,0.0
5,12,29,2,1,3,2,1,0,0.0
5,12,29,2,2,3,1,4,0,2.0
5,12,29,1,1,2,0,0,3,1.0
5,12,29,2,2,3,1,0,0,0.0
5,12,29,2,4,6,5,0,2,1.0
5,12,29,1,1,1,1,0,0,0.0
5,12,29,2,3,11,5,3,1,1.0
5,12,29,2,1,7,2,5,0,0.0
5,12,29,1,1,1,0,1,0,0.0
5,12,29,2,2,3,3,0,0,0.0
5,12,29,1,1,1,0,0,0,0.0
5,12,29,1,1,1,1,0,0,0.0
5,12,29,1,1,1,0,1,0,0.0
5,12,29,2,2,6,5,0,1,0.0
5,12,29,2,4,14,2,4,6,0.0
5,12,29,2,2,2,0,0,1,0.0
5,12,29,2,1,3,1,0,0,0.0
5,12,29,2,1,2,1,0,0,0.0
5,12,29,2,3,4,4,0,0,0.0
5,12,29,1,1,3,0,3,0,0.0
5,12,29,2,2,4,0,4,0,0.0
5,12,29,1,1,3,1,0,0,0.0
5,12,46,1,1,1,1,0,0,0.0
5,12,29,2,1,8,2,2,0,0.0
5,12,29,2,1,2,0,0,0,0.0
5,12,29,2,3,5,2,1,2,0.0
5,12,29,2,2,2,0,0,0,0.0
5,12,29,1,1,1,0,0,1,0.0
5,12,29,2,3,5,3,0,0,0.0
5,12,29,1,1,1,0,0,1,0.0
5,12,29,1,1,1,1,0,0,0.0
5,12,29,2,3,13,1,10,2,0.0
5,12,9,2,1,4,1,4,0,1.0
5,12,29,2,3,9,1,2,6,0.0
5,12,29,1,1,1,0,0,1,0.0
5,12,29,2,4,54,39,6,27,18.0
5,12,29,2,3,3,0,0,3,0.0
5,12,29,1,1,2,0,2,0,0.0
5,12,29,2,1,2,0,2,0,0.0
5,12,29,2,1,12,6,0,6,0.0
5,12,29,2,2,5,5,3,0,2.0
5,12,29,1,1,2,2,0,0,0.0
5,12,29,1,1,1,0,1,0,0.0
5,12,29,1,1,1,0,0,1,0.0
5,12,29,1,1,1,0,1,0,0.0
5,12,29,1,1,1,1,0,0,0.0
5,12,29,2,3,4,0,0,0,1.0
5,12,29,2,3,7,3,1,0,1.0
5,12,29,2,3,20,12,0,3,1.0
5,12,29,1,1,1,0,0,1,0.0
5,12,29,2,2,4,0,0,0,1.0
5,12,29,2,3,12,15,0,2,4.0
5,12,29,2,2,14,11,0,1,0.0
5,12,29,1,1,1,0,0,1,0.0
5,12,29,2,1,3,1,2,0,0.0
5,12,29,2,2,10,2,4,3,0.0
5,12,29,2,5,52,0,6,47,19.0
5,12,29,2,2,3,2,1,0,0.0
5,12,29,1,1,1,1,0,0,0.0
5,12,29,2,2,3,0,3,0,0.0
5,12,29,1,1,1,0,0,1,0.0
5,12,29,1,1,1,0,1,0,0.0
5,12,29,2,2,9,3,4,2,0.0
5,12,29,2,2,2,0,2,0,0.0
5,12,29,1,1,2,0,2,0,0.0
5,12,22,2,2,4,2,0,2,0.0
5,12,29,2,2,2,0,0,2,0.0
5,12,29,1,1,1,0,0,0,0.0
5,12,29,2,4,6,0,1,2,0.0
5,12,29,1,1,1,0,1,0,0.0
5,12,9,1,1,1,0,1,0,0.0
5,12,29,1,1,1,1,0,0,0.0
5,12,29,1,1,4,0,4,0,0.0
5,12,29,2,2,4,2,2,0,0.0
5,12,29,1,2,2,0,0,2,0.0
5,12,29,2,4,7,1,0,0,0.0
5,12,29,2,1,4,0,4,0,0.0
5,12,29,2,1,2,0,2,0,0.0
5,12,29,2,2,13,3,4,4,1.0
5,12,29,2,3,7,2,0,5,0.0
5,12,29,2,2,8,4,0,4,0.0
5,12,29,2,1,2,0,2,0,0.0
5,12,29,1,3,9,1,5,2,0.0
5,12,29,2,2,6,0,6,0,0.0
5,12,29,2,3,4,1,0,0,0.0
5,12,29,1,1,1,0,0,0,0.0
5,12,29,2,2,3,0,2,0,0.0
5,12,29,2,4,8,0,0,0,1.0
5,12,29,1,1,2,3,0,0,1.0
5,12,9,1,1,1,1,0,0,0.0
5,12,9,2,3,7,3,1,3,0.0
5,12,29,1,2,8,0,7,5,3.0
5,12,29,2,2,4,0,1,2,0.0
5,12,9,1,1,1,0,0,1,0.0
5,12,9,2,2,3,0,2,1,0.0
5,12,29,1,1,2,2,0,0,0.0
5,12,29,1,1,1,0,1,0,0.0
5,12,46,1,1,1,0,0,1,0.0
5,12,46,1,1,1,0,1,0,0.0
5,12,46,1,1,1,0,1,0,0.0
5,12,29,2,2,12,7,5,0,0.0
5,12,46,1,1,2,1,2,0,1.0
5,12,9,1,1,2,2,0,0,0.0
5,12,9,2,1,3,1,2,0,0.0
5,12,29,1,2,4,4,0,0,0.0
5,12,29,2,3,3,0,1,0,0.0
5,12,9,1,1,1,1,0,0,0.0
5,12,29,2,1,5,2,0,0,0.0
5,12,29,2,1,4,0,3,0,0.0
5,12,9,2,3,6,5,0,1,0.0
5,12,46,1,2,4,2,2,0,0.0
5,12,29,2,2,9,6,3,0,0.0
5,12,9,1,3,9,1,5,4,1.0
5,12,29,1,1,4,1,0,0,0.0
5,12,29,2,3,7,0,2,3,0.0
5,12,29,1,1,1,1,0,0,0.0
5,12,29,2,4,13,1,2,6,0.0
5,12,29,1,1,1,0,1,0,0.0
5,12,9,2,2,3,2,1,0,0.0
5,12,29,1,1,1,0,0,0,1.0
5,12,29,2,1,6,1,3,1,0.0
5,12,29,1,2,2,0,1,1,0.0
5,12,9,2,3,14,0,10,10,6.0
5,12,29,1,1,1,0,1,0,0.0
5,12,29,1,1,1,0,1,0,0.0
5,12,29,2,2,6,0,0,3,0.0
5,12,29,2,3,6,0,0,6,0.0
5,12,29,1,4,6,2,0,0,0.0
5,12,29,2,2,4,0,2,0,0.0
5,12,29,1,1,1,0,1,0,0.0
5,12,29,1,1,1,0,0,0,0.0
5,13,29,1,1,1,0,1,0,0.0
5,13,29,1,1,1,0,1,0,0.0
5,13,29,2,3,3,3,0,0,0.0
5,13,9,2,3,24,19,4,1,0.0
5,13,9,1,1,3,2,0,1,0.0
5,13,16,2,2,13,0,17,0,4.0
5,13,9,1,3,4,1,3,2,2.0
5,13,9,2,2,8,3,4,1,0.0
5,13,3,2,3,9,4,0,4,0.0
5,13,9,1,1,4,1,1,2,0.0
5,13,9,1,1,1,0,1,0,0.0
5,13,29,1,1,2,2,0,0,0.0
5,13,9,2,2,4,3,1,0,0.0
5,13,29,1,1,1,0,0,1,0.0
5,13,29,2,2,6,2,0,0,1.0
5,13,29,1,1,2,0,2,0,0.0
5,13,29,1,1,1,0,1,0,0.0
5,13,29,1,2,3,0,0,3,0.0
5,13,9,1,1,1,0,0,2,1.0
5,13,29,1,1,1,0,0,0,0.0
5,13,29,1,1,4,4,0,0,0.0
5,13,29,1,1,1,0,1,0,0.0
5,13,29,2,3,10,1,3,6,0.0
5,13,9,1,1,2,0,2,0,0.0
5,13,29,1,1,1,0,1,0,0.0
5,13,9,2,3,22,16,2,9,5.0
5,13,9,1,1,1,0,0,1,0.0
5,13,29,1,1,1,0,0,0,0.0
5,13,29,1,1,2,0,0,1,0.0
5,13,29,2,3,14,1,2,14,3.0
5,13,9,2,3,5,0,0,6,1.0
5,13,29,1,1,1,0,1,0,0.0
5,13,29,1,1,1,0,1,0,0.0
5,13,29,1,1,1,0,0,1,0.0
5,13,29,2,2,5,1,0,4,0.0
5,13,29,1,1,1,0,1,0,0.0
5,13,24,2,2,2,0,0,1,0.0
5,13,41,2,2,2,1,0,1,0.0
5,13,29,1,1,1,1,0,0,0.0
5,13,29,1,3,3,1,1,1,0.0
5,13,29,1,1,1,2,0,0,1.0
5,13,29,2,2,7,1,6,0,0.0
5,13,29,2,1,2,0,7,0,1.0
5,13,29,2,1,2,0,0,2,0.0
5,13,29,2,4,22,4,4,6,0.0
5,13,29,2,3,18,4,2,0,0.0
5,13,29,2,1,6,4,0,0,1.0
5,13,9,2,3,8,1,5,3,1.0
5,13,29,2,3,11,4,2,5,0.0
5,13,29,1,1,1,2,0,0,1.0
5,13,29,1,1,1,1,0,0,0.0
5,13,29,2,3,8,5,3,0,0.0
5,13,29,1,1,1,1,0,0,0.0
5,13,29,1,1,4,0,4,0,0.0
5,13,29,2,4,15,6,7,2,0.0
5,13,29,2,3,5,0,0,5,0.0
5,13,29,1,1,2,0,0,2,0.0
5,13,29,2,2,3,0,3,0,0.0
5,13,29,1,1,1,0,0,1,0.0
5,13,29,1,1,2,0,2,0,0.0
5,13,29,1,1,2,4,0,0,2.0
5,13,29,2,3,4,2,0,0,0.0
5,13,9,1,1,1,0,1,0,0.0
5,13,29,2,1,2,2,0,0,0.0
5,13,29,2,2,8,6,0,5,2.0
5,13,29,1,1,2,0,1,1,0.0
5,13,29,1,1,1,0,0,1,0.0
5,13,29,2,3,3,1,1,1,0.0
5,13,29,1,1,1,1,0,0,0.0
5,13,29,2,3,5,0,1,4,1.0
5,13,29,1,2,3,3,0,0,0.0
5,13,29,2,1,2,0,2,0,0.0
5,13,29,1,1,4,6,0,0,1.0
5,13,29,2,3,3,0,0,3,0.0
5,13,29,1,1,2,0,2,0,0.0
5,13,29,2,4,5,0,1,1,0.0
5,13,29,1,1,2,2,0,0,0.0
5,13,29,1,1,1,1,0,0,0.0
5,13,29,2,2,7,8,0,0,1.0
5,13,29,1,1,4,3,0,1,0.0
5,13,29,2,3,4,3,0,0,0.0
5,13,29,2,2,4,3,0,1,0.0
5,13,29,2,1,2,0,2,0,0.0
5,13,29,1,1,1,3,0,0,1.0
5,13,29,1,1,1,0,1,0,0.0
5,13,29,2,4,11,9,0,1,1.0
5,13,29,2,3,13,8,0,0,2.0
5,13,29,2,1,2,2,0,0,0.0
5,13,29,1,1,1,0,1,0,0.0
5,13,29,1,1,1,0,1,0,0.0
5,13,29,1,2,2,2,0,0,0.0
5,13,29,1,1,1,1,0,0,0.0
5,13,29,1,2,3,3,0,0,0.0
5,13,29,2,3,6,2,1,3,0.0
5,13,29,1,1,5,5,0,0,0.0
5,13,29,2,3,3,2,0,0,0.0
5,13,29,1,1,2,0,2,0,0.0
5,13,29,1,1,1,0,1,0,0.0
5,13,29,1,1,1,0,2,0,1.0
5,13,29,2,2,6,4,0,0,0.0
5,13,29,2,2,7,0,3,14,5.0
5,13,29,1,1,6,1,3,2,0.0
5,13,29,1,2,3,1,0,2,0.0
5,13,29,1,1,1,0,1,0,0.0
5,13,29,2,2,3,0,0,7,3.0
5,13,29,1,2,2,0,1,1,0.0
5,13,29,2,1,10,7,0,3,0.0
5,13,29,1,1,1,0,0,1,0.0
5,13,29,1,1,3,0,3,0,0.0
5,13,29,2,1,7,0,3,0,0.0
5,13,29,1,1,1,0,1,0,0.0
5,13,29,2,2,5,1,0,2,0.0
5,13,29,2,2,6,0,0,8,1.0
5,13,29,2,1,3,0,3,0,0.0
5,13,29,2,2,7,9,0,1,1.0
5,13,29,1,2,3,0,1,3,1.0
5,13,29,1,1,1,0,0,2,1.0
5,13,29,2,2,3,1,2,0,0.0
5,13,29,1,1,1,0,1,0,0.0
5,13,29,1,2,3,0,3,0,0.0
5,13,29,2,1,4,0,4,0,0.0
5,13,29,1,1,1,0,2,0,1.0
5,13,29,1,1,2,0,0,2,0.0
5,13,29,2,4,11,2,0,6,0.0
5,13,9,1,2,3,0,1,2,0.0
5,13,46,1,2,3,3,0,0,0.0
5,13,24,1,1,1,0,1,0,0.0
5,13,29,1,1,1,0,0,0,0.0
5,13,29,1,1,1,0,0,0,0.0
5,13,29,2,2,2,1,0,1,0.0
5,13,29,1,1,1,1,0,0,0.0
5,13,9,1,1,2,2,0,0,0.0
5,13,29,2,2,11,3,5,0,0.0
5,13,34,1,2,2,1,0,1,0.0
5,13,29,1,1,1,0,0,0,0.0
5,13,29,1,2,3,0,3,0,1.0
5,13,9,1,1,1,0,1,0,0.0
5,13,29,1,3,5,3,0,0,1.0
5,13,29,1,1,1,1,0,0,0.0
5,13,9,2,4,13,0,1,12,0.0
5,13,29,2,4,9,0,0,6,0.0
5,13,29,2,2,8,3,1,4,0.0
5,13,9,1,1,1,0,0,1,0.0
5,13,9,2,2,5,0,4,2,1.0
5,13,29,2,2,9,1,0,9,1.0
5,13,9,2,3,12,5,2,5,0.0
5,13,46,1,1,1,0,1,0,0.0
5,13,46,1,1,1,1,0,0,0.0
5,13,46,1,1,1,0,0,1,0.0
5,13,46,1,1,1,1,0,0,0.0
5,13,46,1,1,1,0,0,1,0.0
5,13,29,2,4,10,0,1,0,0.0
5,13,29,1,1,1,0,0,0,0.0
5,13,29,2,3,5,3,0,2,0.0
5,13,29,1,2,5,4,0,1,0.0
5,13,29,2,3,10,0,0,5,0.0
5,13,46,1,4,7,5,2,3,3.0
5,13,29,2,4,8,0,2,3,0.0
5,13,29,2,2,3,0,0,0,0.0
5,13,29,2,2,3,2,0,0,1.0
5,13,9,1,1,1,1,0,0,0.0
5,13,9,2,3,5,2,0,3,0.0
5,13,29,2,2,5,7,2,0,3.0
5,13,9,1,2,2,0,2,0,0.0
5,13,29,2,2,3,0,1,2,0.0
5,13,29,2,1,2,2,0,0,2.0
5,13,29,1,1,1,1,0,0,0.0
5,13,9,1,1,3,2,0,1,0.0
5,13,9,2,2,17,9,8,0,0.0
5,13,29,2,3,7,0,4,3,0.0
5,13,29,2,4,9,1,0,4,0.0
5,13,29,1,1,1,0,0,1,0.0
5,14,29,2,2,12,2,2,4,0.0
5,14,29,1,3,4,0,0,3,0.0
5,14,9,1,1,1,0,0,1,0.0
5,14,9,2,4,12,7,0,5,0.0
5,14,29,2,3,5,0,2,0,0.0
5,14,29,1,2,2,1,1,0,0.0
5,14,3,2,3,8,6,0,1,0.0
5,14,9,2,4,9,1,2,6,0.0
5,14,9,2,3,19,17,5,0,3.0
5,14,9,2,3,16,13,1,4,2.0
5,14,29,1,2,6,3,0,3,0.0
5,14,2,1,1,1,1,0,0,0.0
5,14,29,1,2,11,5,1,3,0.0
5,14,9,2,2,2,0,0,3,1.0
5,14,38,2,3,5,0,0,5,0.0
5,14,14,1,1,1,0,1,0,0.0
5,14,9,2,2,7,9,2,1,3.0
5,14,29,2,2,4,0,0,2,0.0
5,14,32,1,1,2,0,0,1,0.0
5,14,29,2,2,6,4,1,1,0.0
5,14,29,2,3,20,4,9,5,1.0
5,14,29,1,1,1,1,0,0,0.0
5,14,29,2,3,16,8,4,2,0.0
5,14,29,2,2,5,0,0,0,0.0
5,14,9,1,1,2,0,0,2,0.0
5,14,29,2,4,8,0,0,5,1.0
5,14,34,2,1,2,2,0,0,0.0
5,14,29,1,1,1,1,0,0,0.0
5,14,29,1,3,7,0,1,4,1.0
5,14,29,2,1,2,3,0,0,1.0
5,14,41,2,4,7,0,3,2,0.0
5,14,29,2,1,7,4,1,1,0.0
5,14,24,1,1,1,0,1,0,0.0
5,14,29,1,1,1,0,1,0,0.0
5,14,29,1,1,1,0,0,1,0.0
5,14,29,2,1,2,0,1,1,0.0
5,14,29,1,1,1,1,0,0,0.0
5,14,29,1,1,3,2,0,0,0.0
5,14,29,2,3,9,7,0,2,0.0
5,14,24,1,2,2,2,0,0,0.0
5,14,29,2,1,2,0,0,2,0.0
5,14,29,1,1,2,1,0,1,0.0
5,14,29,1,1,1,0,1,0,0.0
5,14,29,1,1,3,1,2,0,0.0
5,14,24,2,2,4,0,1,3,0.0
5,14,29,1,1,3,0,3,0,0.0
5,14,29,2,2,3,2,0,1,0.0
5,14,29,2,1,5,0,0,1,0.0
5,14,29,2,2,5,4,0,0,0.0
5,14,29,1,1,1,0,0,0,0.0
5,14,29,1,1,1,0,0,0,1.0
5,14,21,2,2,4,0,0,3,0.0
5,14,21,1,1,1,0,0,1,0.0
5,14,29,1,1,6,5,0,1,0.0
5,14,29,2,1,2,1,0,1,0.0
5,14,29,1,1,1,0,1,0,0.0
5,14,29,2,1,3,2,0,1,0.0
5,14,9,1,2,3,0,0,5,2.0
5,14,29,1,1,1,1,0,0,0.0
5,14,9,2,2,5,3,1,2,1.0
5,14,22,2,1,13,11,1,1,0.0
5,14,9,1,1,2,1,1,0,0.0
5,14,29,1,1,1,1,0,0,0.0
5,14,29,1,1,1,1,0,0,0.0
5,14,29,1,1,1,0,0,0,0.0
5,14,29,2,3,6,3,0,2,0.0
5,14,29,2,1,2,0,2,0,0.0
5,14,29,1,1,1,0,1,0,0.0
5,14,29,2,3,8,0,6,1,0.0
5,14,29,1,1,1,0,1,0,0.0
5,14,29,1,2,3,2,1,0,0.0
5,14,29,2,2,2,2,0,0,0.0
5,14,29,2,1,2,0,0,2,0.0
5,14,29,2,1,8,4,1,3,0.0
5,14,29,1,2,2,0,0,0,0.0
5,14,29,2,2,5,3,0,0,0.0
5,14,29,2,1,5,0,1,1,3.0
5,14,29,1,1,2,0,0,0,0.0
5,14,29,1,1,1,0,1,0,0.0
5,14,29,2,1,6,3,3,0,1.0
5,14,29,2,1,7,3,7,0,3.0
5,14,29,1,1,2,0,2,0,0.0
5,14,29,2,2,5,1,0,2,0.0
5,14,29,1,2,3,2,1,0,0.0
5,14,29,1,1,1,1,0,0,0.0
5,14,29,1,1,9,9,0,0,1.0
5,14,29,1,1,1,0,1,0,0.0
5,14,29,2,2,4,1,0,3,0.0
5,14,29,2,3,5,4,1,0,0.0
5,14,29,1,1,1,1,0,0,0.0
5,14,29,2,2,9,10,0,1,1.0
5,14,29,1,1,1,0,0,0,0.0
5,14,29,1,2,2,0,1,1,0.0
5,14,29,2,3,13,2,6,5,0.0
5,14,29,2,2,5,1,1,3,0.0
5,14,29,2,4,25,3,1,0,5.0
5,14,29,1,3,10,8,0,2,0.0
5,14,29,1,1,1,1,0,0,0.0
5,14,29,2,1,2,2,0,1,1.0
5,14,29,2,1,10,3,4,0,0.0
5,14,29,2,4,7,0,0,5,0.0
5,14,29,2,3,7,0,3,4,0.0
5,14,29,2,2,7,0,5,2,0.0
5,14,29,1,2,2,0,0,0,0.0
5,14,29,2,1,3,0,4,0,1.0
5,14,29,2,4,22,1,7,11,0.0
5,14,29,1,2,2,0,1,0,0.0
5,14,29,2,3,7,4,0,0,1.0
5,14,29,2,2,5,1,4,0,0.0
5,14,29,2,1,3,0,3,0,0.0
5,14,29,1,2,2,1,0,0,0.0
5,14,29,2,3,5,0,0,3,3.0
5,14,29,1,1,1,0,0,1,0.0
5,14,29,2,4,13,6,2,4,0.0
5,14,24,1,1,1,0,0,1,0.0
5,14,29,2,1,6,3,2,0,0.0
5,14,29,1,1,3,0,0,3,0.0
5,14,29,2,4,14,1,2,2,0.0
5,14,44,1,1,2,0,1,0,0.0
5,14,29,2,4,12,5,0,0,0.0
5,14,29,1,1,1,0,0,1,0.0
5,14,29,1,1,1,0,0,1,0.0
5,14,9,2,3,9,8,0,2,1.0
5,14,29,2,4,15,1,4,3,0.0
5,14,29,1,2,2,0,1,1,0.0
5,14,29,2,2,6,1,1,3,0.0
5,14,29,1,1,1,0,0,0,0.0
5,14,29,1,2,4,0,4,0,0.0
5,14,29,1,1,1,0,1,0,0.0
5,14,29,1,1,1,0,0,0,0.0
5,14,29,1,1,1,1,0,0,0.0
5,14,29,2,4,8,4,0,2,0.0
5,14,29,2,5,16,6,0,6,1.0
5,14,29,1,1,1,0,0,0,0.0
5,14,29,1,2,7,6,0,1,0.0
5,14,29,2,1,12,12,0,0,0.0
5,14,29,2,2,2,0,0,0,0.0
5,14,29,2,3,10,0,10,1,1.0
5,14,29,2,2,5,0,0,5,0.0
5,14,29,1,1,3,0,3,0,0.0
5,14,29,2,1,6,1,5,0,0.0
5,14,29,2,3,10,4,3,3,0.0
5,14,29,1,2,3,0,3,0,0.0
5,14,29,2,2,5,0,0,2,0.0
5,14,29,2,1,11,2,3,6,0.0
5,14,29,2,1,2,0,3,0,1.0
5,14,29,1,3,12,1,9,2,1.0
5,14,29,2,1,7,0,7,0,0.0
5,14,29,2,1,2,0,0,0,0.0
5,14,29,2,4,9,0,0,3,0.0
5,14,9,2,4,21,2,6,17,4.0
5,14,29,1,2,3,1,0,2,0.0
5,14,46,1,1,1,0,0,1,0.0
5,14,29,1,1,3,0,1,2,0.0
5,14,9,1,1,1,0,0,1,0.0
5,14,29,2,5,23,3,5,9,0.0
5,14,29,2,2,8,2,2,3,0.0
5,14,29,1,1,1,0,1,0,0.0
5,14,29,2,2,6,0,0,2,0.0
5,14,29,1,1,2,2,0,1,1.0
5,14,29,2,3,11,9,2,0,0.0
5,14,9,2,4,13,1,9,3,0.0
5,14,29,2,3,6,3,0,0,0.0
5,14,29,2,1,6,0,4,2,1.0
5,14,29,1,1,2,4,0,0,1.0
5,14,29,1,1,1,0,2,0,1.0
5,14,29,1,2,3,0,2,1,0.0
5,14,29,2,2,2,0,0,2,0.0
5,14,29,1,1,3,3,0,0,0.0
5,14,29,2,4,8,0,0,2,0.0
5,14,29,2,3,34,7,13,13,0.0
5,14,29,1,2,3,0,0,2,0.0
5,14,24,1,1,1,1,0,0,0.0
5,14,34,1,1,9,14,0,0,3.0
5,14,29,1,3,5,0,3,2,0.0
5,14,29,2,2,3,0,0,1,0.0
5,14,29,2,3,8,0,0,0,2.0
5,14,29,2,5,13,1,5,3,0.0
5,14,29,2,1,6,0,4,2,0.0
5,14,29,2,4,18,3,0,6,3.0
5,14,29,2,5,16,7,5,0,0.0
5,14,9,1,1,2,0,0,2,0.0
5,14,9,2,3,12,7,2,3,0.0
5,14,29,1,1,2,1,0,1,0.0
5,14,9,2,2,3,3,0,0,0.0
5,14,29,2,2,8,5,1,0,0.0
5,14,29,2,3,6,2,0,0,0.0
5,14,44,1,1,1,0,0,0,0.0
5,14,29,2,3,5,0,4,1,1.0
5,14,46,1,1,1,0,0,1,0.0
5,14,46,1,1,1,0,0,1,0.0
5,14,29,2,2,2,2,0,0,0.0
5,14,9,2,3,3,3,0,0,0.0
5,14,9,2,3,10,3,4,4,1.0
5,14,29,2,4,6,0,1,3,0.0
5,14,29,2,3,11,3,2,7,1.0
5,14,47,1,2,2,0,0,2,0.0
5,14,29,2,3,8,3,3,2,0.0
5,14,29,2,2,3,0,2,0,0.0
5,14,24,1,1,1,0,1,0,0.0
5,14,29,2,4,17,0,5,11,1.0
5,14,44,2,1,3,0,3,0,0.0
5,14,29,2,5,21,8,0,0,3.0
5,14,29,1,1,1,0,0,0,0.0
5,14,29,1,1,1,0,0,0,0.0
5,14,29,1,1,1,0,1,0,0.0
5,14,9,2,1,9,2,9,0,2.0
5,14,9,2,1,3,1,2,0,0.0
5,14,9,2,3,7,4,2,1,0.0
5,14,9,1,2,3,1,0,2,0.0
5,14,9,2,2,3,1,0,2,0.0
5,14,29,2,3,14,0,0,14,0.0
5,14,9,1,2,2,0,1,1,0.0
5,14,24,2,3,3,0,0,3,0.0
5,14,29,2,5,30,0,5,0,1.0
5,14,29,1,1,1,0,0,1,0.0
5,14,29,1,1,1,0,0,1,0.0
5,15,29,1,1,1,0,0,1,0.0
5,15,29,1,1,3,3,0,0,0.0
5,15,9,1,1,1,0,0,1,0.0
5,15,9,1,2,4,0,4,1,1.0
5,15,9,2,2,5,1,1,3,0.0
5,15,9,2,2,4,4,0,1,1.0
5,15,9,2,2,8,0,7,1,0.0
5,15,29,2,3,8,3,2,2,0.0
5,15,29,1,1,2,1,1,0,0.0
5,15,9,2,2,10,10,0,1,1.0
5,15,41,1,2,2,0,0,0,0.0
5,15,9,2,1,7,5,1,1,0.0
5,15,29,2,4,10,3,0,0,0.0
5,15,9,1,2,2,1,0,1,0.0
5,15,29,1,1,1,0,1,0,0.0
5,15,29,1,1,1,0,1,0,0.0
5,15,29,2,3,9,5,0,3,1.0
5,15,29,2,2,2,2,0,0,0.0
5,15,29,1,1,1,0,0,0,0.0
5,15,9,2,1,3,1,2,2,2.0
5,15,24,1,1,1,1,0,0,0.0
5,15,29,2,3,4,1,0,0,1.0
5,15,29,1,1,1,2,0,0,1.0
5,15,9,2,4,17,6,3,8,0.0
5,15,29,2,2,5,4,0,1,0.0
5,15,9,1,1,1,0,0,1,0.0
5,15,29,1,2,3,0,0,0,0.0
5,15,29,1,1,1,0,1,0,0.0
5,15,9,1,2,3,0,2,1,0.0
5,15,24,2,2,3,0,0,3,0.0
5,15,9,1,1,1,1,0,0,0.0
5,15,29,2,2,2,0,0,2,0.0
5,15,29,2,2,8,2,2,2,0.0
5,15,29,2,1,2,0,0,2,0.0
5,15,29,1,1,1,0,1,0,0.0
5,15,29,2,4,55,31,16,38,30.0
5,15,29,1,1,2,0,0,0,0.0
5,15,29,2,2,7,1,0,8,2.0
5,15,29,1,1,4,0,3,0,0.0
5,15,29,2,1,6,4,0,0,0.0
5,15,29,2,2,16,14,0,1,0.0
5,15,29,1,1,1,0,1,0,0.0
5,15,29,2,2,3,2,0,0,0.0
5,15,29,2,3,8,0,0,8,0.0
5,15,29,1,1,3,0,2,0,0.0
5,15,29,2,3,9,4,0,1,1.0
5,15,29,2,3,8,0,3,7,2.0
5,15,29,1,1,1,0,1,0,0.0
5,15,29,2,3,16,5,0,10,0.0
5,15,29,2,3,3,0,0,3,0.0
5,15,29,1,2,4,2,0,0,0.0
5,15,29,1,1,1,1,0,0,0.0
5,15,29,2,1,2,2,0,1,1.0
5,15,29,2,1,4,1,3,0,0.0
5,15,29,1,1,1,0,0,1,0.0
5,15,29,2,1,2,3,0,0,1.0
5,15,29,2,5,9,0,3,3,0.0
5,15,29,2,2,11,2,5,4,0.0
5,15,29,1,1,3,0,3,0,0.0
5,15,29,2,3,5,1,1,1,0.0
5,15,29,1,1,1,0,1,0,0.0
5,15,29,2,2,13,3,7,2,0.0
5,15,29,2,3,11,0,7,1,1.0
5,15,29,1,1,1,0,1,0,0.0
5,15,24,2,2,11,2,10,0,1.0
5,15,24,2,1,2,0,2,0,0.0
5,15,29,2,3,5,0,0,0,0.0
5,15,24,2,4,26,7,10,1,4.0
5,15,29,2,4,19,0,10,17,8.0
5,15,29,2,1,6,0,0,6,0.0
5,15,29,2,1,3,1,2,0,0.0
5,15,29,2,2,4,0,4,0,0.0
5,15,29,1,1,1,0,1,0,0.0
5,15,29,2,3,7,2,0,3,0.0
5,15,29,1,1,3,0,2,0,1.0
5,15,29,2,4,11,0,0,7,2.0
5,15,29,1,1,1,0,0,0,0.0
5,15,29,1,1,1,0,0,1,0.0
5,15,29,2,4,7,2,0,3,0.0
5,15,29,2,4,8,6,1,0,6.0
5,15,29,1,1,1,0,3,0,1.0
5,15,29,1,1,1,0,0,1,0.0
5,15,29,2,1,3,3,0,0,0.0
5,15,9,1,2,2,1,1,0,0.0
5,15,29,2,3,11,0,10,0,0.0
5,15,29,1,1,2,1,2,0,1.0
5,15,29,1,1,2,0,2,0,0.0
5,15,29,1,1,4,0,4,0,0.0
5,15,29,2,1,7,3,0,4,0.0
5,15,9,2,3,4,0,0,4,0.0
5,15,29,1,1,2,1,1,0,0.0
5,15,29,2,2,3,0,0,3,0.0
5,15,29,2,3,14,2,4,0,0.0
5,15,29,2,2,4,0,0,0,0.0
5,15,29,2,1,3,0,0,3,0.0
5,15,29,2,2,5,0,0,5,0.0
5,15,29,2,5,38,5,8,0,10.0
5,15,29,2,4,13,0,0,3,1.0
5,15,29,2,3,5,6,1,0,2.0
5,15,29,1,1,1,0,0,1,0.0
5,15,9,1,1,1,0,1,0,0.0
5,15,29,2,4,13,0,0,0,0.0
5,15,44,1,2,2,0,0,0,0.0
5,15,29,1,1,2,0,2,0,0.0
5,15,29,1,1,1,0,0,1,0.0
5,15,9,1,1,6,6,0,0,0.0
5,15,29,2,2,9,0,9,0,0.0
5,15,29,2,1,2,0,2,0,0.0
5,15,29,2,4,7,2,0,4,0.0
5,15,9,1,1,1,1,0,0,0.0
5,15,29,1,1,2,0,3,0,1.0
5,15,9,2,3,8,5,0,4,1.0
5,15,29,1,2,5,5,0,0,0.0
5,15,29,2,1,6,0,5,1,0.0
5,15,9,2,2,6,0,12,0,4.0
5,15,29,1,1,3,0,3,0,0.0
5,15,29,1,2,2,0,0,2,0.0
5,15,44,2,1,4,2,2,0,0.0
5,15,46,2,2,6,1,4,0,0.0
5,15,46,1,1,1,0,1,0,0.0
5,15,46,1,1,1,1,0,0,0.0
5,15,46,1,1,1,1,0,0,0.0
5,15,46,1,1,1,1,0,0,0.0
5,15,46,1,1,1,1,0,0,0.0
5,15,29,2,1,2,0,2,0,0.0
5,15,29,2,2,5,1,1,0,0.0
5,15,29,2,2,3,0,0,2,0.0
5,15,29,1,1,1,1,0,0,0.0
5,15,9,1,1,1,1,0,0,0.0
5,15,29,2,3,5,2,1,0,0.0
5,15,46,1,3,3,3,0,0,0.0
5,15,46,1,1,1,1,0,0,0.0
5,15,9,1,1,5,0,7,0,2.0
5,15,29,2,3,18,6,4,4,3.0
5,15,9,1,2,5,0,6,0,1.0
5,15,9,1,1,1,1,0,0,0.0
5,15,9,1,2,4,0,2,2,0.0
5,15,29,2,5,7,0,0,2,0.0
5,15,29,2,2,10,0,10,0,1.0
5,15,28,1,1,1,0,1,0,0.0
5,15,29,1,1,1,0,0,1,0.0
5,15,29,2,2,8,2,5,0,0.0
5,15,29,1,1,1,0,7,0,1.0
5,15,29,1,2,2,0,2,0,0.0
5,15,29,1,1,1,1,0,0,0.0
5,15,29,2,3,8,0,3,3,0.0
5,16,29,1,1,1,0,1,0,0.0
5,16,29,1,1,2,2,0,0,0.0
5,16,29,1,2,5,0,5,1,1.0
5,16,29,2,3,7,3,1,0,0.0
5,16,29,1,1,1,0,0,0,0.0
5,16,29,1,1,3,0,3,0,0.0
5,16,29,1,2,2,0,1,1,0.0
5,16,29,2,1,6,0,0,7,1.0
5,16,29,2,2,10,3,4,2,0.0
5,16,29,2,1,2,2,0,0,0.0
5,16,9,1,1,1,0,1,0,0.0
5,16,29,2,1,2,2,0,0,0.0
5,16,29,1,2,2,2,0,0,0.0
5,16,9,1,2,3,1,2,0,0.0
5,16,29,1,1,1,0,1,0,0.0
5,16,29,2,3,12,0,1,11,0.0
5,16,38,2,3,5,1,2,1,0.0
5,16,9,2,3,12,3,7,3,1.0
5,16,29,1,1,1,2,0,0,1.0
5,16,29,2,3,6,3,1,0,0.0
5,16,29,1,1,1,1,0,0,0.0
5,16,9,2,1,7,0,3,4,0.0
5,16,9,1,1,6,5,1,1,1.0
5,16,29,2,3,10,9,0,4,2.0
5,16,29,1,1,1,0,0,1,0.0
5,16,24,1,1,2,2,0,0,0.0
5,16,24,1,1,1,2,0,0,1.0
5,16,9,1,1,1,0,1,0,0.0
5,16,29,2,2,9,0,0,15,3.0
5,16,41,2,5,33,7,12,6,0.0
5,16,29,2,3,5,1,0,3,0.0
5,16,29,2,3,7,4,1,2,0.0
5,16,29,1,2,3,0,3,0,0.0
5,16,29,1,1,3,1,2,0,0.0
5,16,29,1,1,3,3,0,0,0.0
5,16,29,1,2,2,0,1,1,0.0
5,16,29,2,4,8,0,0,5,0.0
5,16,37,2,5,13,3,2,4,0.0
5,16,29,2,2,5,1,1,3,0.0
5,16,29,1,1,1,0,0,0,0.0
5,16,29,2,3,7,0,3,2,1.0
5,16,29,1,1,1,1,0,0,0.0
5,16,29,1,1,1,0,0,0,0.0
5,16,29,2,3,4,4,0,0,0.0
5,16,29,1,1,1,0,1,0,0.0
5,16,24,2,3,7,3,3,1,0.0
5,16,24,2,3,8,0,4,0,0.0
5,16,9,2,4,18,0,16,8,6.0
5,16,9,1,1,2,2,0,0,0.0
5,16,29,1,2,3,0,0,3,0.0
5,16,9,2,3,4,1,2,1,0.0
5,16,29,1,2,3,0,3,0,0.0
5,16,29,1,1,3,1,1,1,0.0
5,16,29,1,1,4,3,1,0,0.0
5,16,29,2,4,5,1,0,3,0.0
5,16,29,2,2,11,9,0,0,0.0
5,16,29,2,2,6,4,2,0,0.0
5,16,29,2,2,8,0,8,0,0.0
5,16,29,2,3,4,1,1,2,0.0
5,16,29,2,2,5,2,2,1,0.0
5,16,29,1,1,3,0,3,0,0.0
5,16,29,2,2,10,0,2,3,0.0
5,16,29,2,2,8,4,2,0,0.0
5,16,29,2,3,9,3,0,4,0.0
5,16,29,2,2,5,0,4,1,0.0
5,16,29,1,1,1,0,0,0,0.0
5,16,29,1,1,1,1,0,0,0.0
5,16,29,2,2,7,5,0,0,1.0
5,16,29,2,4,15,4,5,5,0.0
5,16,29,1,1,2,0,0,0,0.0
5,16,29,1,1,1,0,0,1,0.0
5,16,29,1,1,6,6,0,0,0.0
5,16,29,2,3,7,3,0,0,1.0
5,16,29,2,1,2,0,2,0,0.0
5,16,29,1,1,1,0,1,0,0.0
5,16,29,1,1,1,1,0,0,0.0
5,16,29,1,1,1,1,0,0,0.0
5,16,29,2,1,2,0,0,1,0.0
5,16,29,2,1,4,3,1,0,0.0
5,16,29,1,1,1,0,0,0,0.0
5,16,29,2,1,2,0,2,0,0.0
5,16,29,1,1,1,1,0,0,0.0
5,16,29,2,2,8,6,0,2,0.0
5,16,29,2,3,8,2,0,1,0.0
5,16,29,2,4,8,0,0,3,0.0
5,16,29,2,1,9,10,0,0,1.0
5,16,29,2,5,29,20,0,5,4.0
5,16,29,1,2,4,5,0,0,1.0
5,16,29,1,1,1,0,1,0,0.0
5,16,29,2,3,15,17,0,9,1.0
5,16,29,2,3,9,5,2,2,2.0
5,16,29,1,2,3,0,2,1,0.0
5,16,29,1,1,2,0,0,2,0.0
5,16,29,2,3,3,1,0,2,0.0
5,16,9,1,1,1,0,0,1,0.0
5,16,29,2,1,2,1,1,0,0.0
5,16,29,2,1,4,2,0,2,0.0
5,16,29,2,1,7,2,1,2,0.0
5,16,29,2,2,15,1,11,4,1.0
5,16,29,1,1,2,0,0,0,0.0
5,16,9,2,2,11,5,2,5,1.0
5,16,29,2,2,4,3,1,0,0.0
5,16,29,1,1,2,2,0,0,0.0
5,16,29,1,1,3,0,3,0,0.0
5,16,29,2,1,5,0,5,0,0.0
5,16,29,1,1,1,0,0,1,0.0
5,16,34,1,2,13,19,0,0,5.0
5,16,29,1,1,1,0,1,0,0.0
5,16,29,2,1,3,3,0,0,0.0
5,16,29,1,1,4,0,2,1,0.0
5,16,29,1,1,1,0,0,0,0.0
5,16,29,1,1,1,0,0,0,0.0
5,16,9,1,1,1,0,1,0,0.0
5,16,46,1,2,2,2,0,0,0.0
5,16,29,2,5,12,1,1,4,0.0
5,16,29,1,2,3,3,0,0,0.0
5,16,29,2,5,12,0,1,5,0.0
5,16,29,2,4,12,0,4,6,0.0
5,16,29,2,1,2,0,2,0,0.0
5,16,29,2,3,7,0,0,0,0.0
5,16,29,1,2,5,0,4,1,0.0
5,16,29,2,2,3,0,3,0,0.0
5,16,29,1,2,3,0,3,0,0.0
5,16,29,1,1,2,1,1,0,0.0
5,16,29,1,1,3,0,3,0,0.0
5,16,29,2,1,2,1,0,0,0.0
5,16,29,2,2,4,0,0,0,0.0
5,16,29,1,1,1,0,1,0,0.0
5,16,29,2,1,4,0,4,0,0.0
5,16,29,1,2,10,0,0,6,1.0
5,16,29,2,3,8,4,3,0,0.0
5,16,46,1,1,5,0,3,2,0.0
5,16,29,2,2,3,0,1,0,0.0
5,16,29,1,2,7,1,7,0,1.0
5,16,29,2,2,6,5,0,0,0.0
5,16,29,2,3,11,0,2,2,0.0
5,16,29,1,1,10,7,2,0,2.0
5,16,29,1,2,2,2,0,0,0.0
5,16,9,1,3,4,3,0,1,0.0
5,16,29,1,1,1,0,1,0,0.0
5,16,29,2,5,22,3,1,7,0.0
5,16,29,1,1,1,0,1,0,0.0
5,16,29,1,3,3,0,0,3,0.0
5,16,29,1,3,4,0,1,4,1.0
5,16,29,1,1,1,0,0,1,0.0
5,16,29,2,3,15,22,0,0,7.0
5,16,29,2,1,2,0,0,0,0.0
5,16,29,2,1,4,4,0,0,0.0
5,16,29,2,2,7,5,1,0,0.0
5,16,29,1,1,1,1,0,0,0.0
5,16,29,2,1,2,0,0,0,0.0
5,16,29,1,1,2,0,2,0,0.0
5,16,29,1,1,1,0,1,0,0.0
5,16,34,2,2,4,2,0,2,0.0
5,16,29,1,1,1,0,0,1,0.0
5,16,29,2,1,4,4,0,0,0.0
5,16,29,1,1,1,0,0,0,0.0
5,16,29,2,4,42,0,0,0,15.0
5,16,24,2,3,9,3,1,3,1.0
5,16,29,2,2,13,0,1,5,1.0
5,16,29,2,2,7,12,0,0,3.0
5,16,29,1,1,1,1,0,0,0.0
5,16,29,2,1,17,8,2,5,1.0
5,16,29,2,2,10,3,3,4,0.0
5,16,9,1,1,2,1,0,1,0.0
5,16,29,2,1,7,0,0,3,0.0
5,16,9,1,1,1,0,1,0,0.0
5,16,9,2,1,3,0,3,0,0.0
5,16,9,1,2,9,10,0,0,1.0
5,16,9,2,3,27,20,10,18,16.0
5,16,29,1,1,1,1,0,0,0.0
5,16,46,1,1,1,0,1,0,0.0
5,16,46,1,1,1,0,1,0,0.0
5,16,46,1,1,1,1,0,0,0.0
5,16,46,1,1,1,0,1,0,0.0
5,16,46,2,1,2,0,0,0,0.0
5,16,29,2,3,8,5,0,5,2.0
5,16,29,2,3,11,8,3,0,0.0
5,16,29,1,1,1,0,1,0,0.0
5,16,29,2,1,3,1,2,0,0.0
5,16,29,2,3,19,4,7,6,0.0
5,16,9,2,4,30,4,9,18,1.0
5,16,29,2,2,3,0,0,0,1.0
5,16,9,1,2,3,0,3,0,0.0
5,16,29,2,3,8,5,0,0,0.0
5,16,44,1,1,3,2,0,0,0.0
5,16,29,1,1,1,0,0,0,0.0
5,16,29,1,1,1,1,0,0,0.0
5,16,29,2,4,13,8,0,0,0.0
5,16,29,2,1,4,1,3,1,1.0
5,16,9,2,2,4,0,6,0,2.0
5,16,44,1,1,2,0,0,0,0.0
5,16,29,1,1,1,0,1,0,0.0
5,16,29,1,1,1,1,0,0,0.0
5,16,29,1,1,3,0,2,0,0.0
5,17,29,2,2,8,7,0,0,0.0
5,17,29,1,2,3,0,2,0,0.0
5,17,9,1,1,3,1,4,0,2.0
5,17,9,1,1,1,0,0,1,0.0
5,17,9,1,1,8,7,0,1,0.0
5,17,29,1,1,1,0,0,0,0.0
5,17,29,1,3,7,5,0,0,0.0
5,17,29,2,3,10,6,1,9,2.0
5,17,29,2,2,10,0,17,0,7.0
5,17,9,2,3,9,0,6,7,3.0
5,17,29,1,1,1,0,0,0,1.0
5,17,29,2,2,5,0,3,1,0.0
5,17,29,1,1,1,1,0,0,0.0
5,17,24,2,1,3,4,0,0,1.0
5,17,29,2,3,11,7,2,2,0.0
5,17,24,2,1,3,3,0,0,0.0
5,17,29,1,1,1,0,0,1,0.0
5,17,29,2,3,5,0,3,1,0.0
5,17,9,1,1,1,0,0,1,0.0
5,17,24,2,2,11,5,0,4,0.0
5,17,29,1,1,4,5,0,0,1.0
5,17,24,2,3,7,6,0,0,1.0
5,17,29,2,1,2,0,2,0,0.0
5,17,29,2,2,7,0,3,0,0.0
5,17,29,2,3,11,6,0,5,0.0
5,17,29,1,2,4,0,2,2,0.0
5,17,29,2,4,15,1,7,3,1.0
5,17,29,2,3,28,0,0,7,0.0
5,17,29,1,2,4,0,3,0,3.0
5,17,29,2,4,9,3,0,8,1.0
5,17,29,1,1,1,1,0,0,0.0
5,17,29,2,1,4,0,0,4,0.0
5,17,29,1,2,2,0,2,0,0.0
5,17,29,1,2,3,0,0,3,0.0
5,17,29,2,3,10,4,1,5,0.0
5,17,29,1,2,4,1,0,0,0.0
5,17,29,2,3,4,0,0,0,0.0
5,17,29,1,1,4,6,0,0,1.0
5,17,29,1,1,2,2,0,0,0.0
5,17,29,1,1,1,1,0,0,0.0
5,17,29,1,2,7,0,5,1,0.0
5,17,29,2,1,4,5,0,0,1.0
5,17,29,2,3,5,0,1,3,0.0
5,17,29,1,1,2,0,2,0,0.0
5,17,29,1,1,1,1,0,0,0.0
5,17,29,1,1,1,1,0,0,0.0
5,17,29,1,1,1,1,0,0,0.0
5,17,29,2,1,3,1,0,1,0.0
5,17,29,1,1,1,1,0,0,0.0
5,17,29,2,3,9,2,4,1,0.0
5,17,29,2,3,13,9,0,0,0.0
5,17,29,1,1,1,0,1,0,0.0
5,17,29,2,4,4,1,0,1,0.0
5,17,29,1,1,2,0,2,0,0.0
5,17,9,1,1,2,1,0,1,0.0
5,17,29,2,2,5,0,1,0,0.0
5,17,29,1,1,1,0,0,0,0.0
5,17,29,2,3,5,1,0,4,0.0
5,17,29,2,4,6,0,4,1,1.0
5,17,29,1,2,8,0,8,0,0.0
5,17,29,2,2,4,1,0,2,0.0
5,17,29,1,1,1,0,0,0,0.0
5,17,29,1,1,2,2,0,0,0.0
5,17,29,1,1,1,1,0,0,0.0
5,17,29,1,1,1,0,1,0,0.0
5,17,29,1,1,1,0,2,0,1.0
5,17,29,1,1,2,0,2,0,0.0
5,17,29,2,3,6,3,0,3,0.0
5,17,29,1,2,2,0,1,0,0.0
5,17,29,2,2,4,1,0,3,0.0
5,17,29,2,2,2,0,0,1,0.0
5,17,29,2,4,8,0,2,4,0.0
5,17,29,1,1,1,1,0,0,0.0
5,17,29,2,2,2,1,0,0,0.0
5,17,29,1,2,4,0,0,4,0.0
5,17,29,1,1,1,0,1,0,0.0
5,17,29,1,2,8,0,8,0,0.0
5,17,29,1,1,1,0,0,1,0.0
5,17,29,1,2,3,1,2,0,0.0
5,17,29,2,3,10,5,0,0,2.0
5,17,29,1,3,4,0,1,3,0.0
5,17,9,2,1,2,1,1,0,0.0
5,17,29,2,4,11,2,2,2,4.0
5,17,29,2,3,8,3,1,4,0.0
5,17,29,2,2,5,4,1,0,0.0
5,17,29,2,4,17,1,7,3,0.0
5,17,29,2,2,5,2,2,1,0.0
5,17,9,1,3,8,6,1,5,4.0
5,17,46,1,1,1,1,0,0,0.0
5,17,46,1,1,1,1,0,0,0.0
5,17,46,1,1,1,0,0,1,0.0
5,17,46,1,1,1,0,1,0,0.0
5,17,29,2,1,11,4,0,1,0.0
5,17,29,1,1,1,0,0,0,0.0
5,17,9,2,2,7,7,0,1,1.0
5,17,29,2,4,5,1,0,0,0.0
5,17,29,2,3,51,36,0,2,9.0
5,17,29,2,2,3,0,0,8,3.0
5,17,29,2,4,10,3,2,3,1.0
5,17,29,1,1,1,1,0,0,0.0
5,17,29,1,1,1,1,0,0,0.0
5,17,9,1,1,5,0,5,0,0.0
5,17,29,2,1,3,1,2,0,0.0
5,17,29,1,1,3,0,0,3,0.0
5,17,44,1,1,1,0,0,1,0.0
5,17,29,2,3,13,6,2,0,0.0
5,17,29,1,1,2,0,0,0,0.0
5,18,29,2,2,9,2,8,0,1.0
5,18,29,2,2,11,3,0,0,0.0
5,18,29,2,4,16,2,13,3,2.0
5,18,29,2,3,4,3,0,0,0.0
5,18,44,2,2,4,2,1,1,0.0
5,18,9,1,1,1,0,0,1,0.0
5,18,29,1,2,2,0,1,0,0.0
5,18,9,1,1,1,0,1,0,0.0
5,18,9,2,3,4,0,0,4,0.0
5,18,27,2,2,5,0,0,3,0.0
5,18,29,2,3,14,12,1,2,2.0
5,18,29,1,1,1,0,0,1,0.0
5,18,29,2,3,15,4,7,6,2.0
5,18,29,1,2,2,1,0,1,0.0
5,18,21,2,2,8,0,4,3,0.0
5,18,29,1,1,1,1,0,0,0.0
5,18,29,2,2,15,1,2,0,1.0
5,18,29,2,3,3,4,0,0,1.0
5,18,29,1,1,1,0,0,1,0.0
5,18,29,1,1,1,0,0,1,0.0
5,18,29,2,2,5,1,1,3,0.0
5,18,29,2,4,15,0,1,9,0.0
5,18,29,1,2,2,0,0,0,0.0
5,18,29,2,3,3,0,0,3,0.0
5,18,29,1,2,2,0,0,2,0.0
5,18,29,2,3,6,1,0,2,0.0
5,18,29,1,2,2,2,0,0,0.0
5,18,29,1,2,4,3,0,0,0.0
5,18,29,2,3,9,4,0,11,4.0
5,18,29,1,1,1,0,0,1,0.0
5,18,29,1,1,1,0,1,0,0.0
5,18,29,1,1,1,0,2,0,1.0
5,18,29,1,1,1,0,0,0,0.0
5,18,29,1,1,1,0,1,0,0.0
5,18,29,1,1,1,0,0,1,0.0
5,18,29,2,1,4,0,4,0,0.0
5,18,29,2,2,4,1,3,2,2.0
5,18,46,1,1,1,0,1,0,0.0
5,18,29,1,1,2,2,0,0,0.0
5,18,29,1,1,1,1,0,0,0.0
5,18,29,2,2,5,0,2,1,0.0
5,18,29,1,1,1,0,0,1,0.0
5,18,29,1,1,1,0,1,0,0.0
5,18,29,1,1,1,0,0,2,1.0
5,18,29,1,1,3,0,3,0,0.0
5,18,29,2,3,5,1,0,8,4.0
5,18,29,2,2,3,1,0,1,0.0
5,18,29,1,1,1,0,1,0,0.0
5,18,29,1,2,2,1,0,0,0.0
5,18,29,1,2,3,1,0,2,0.0
5,18,29,1,1,2,0,1,1,0.0
5,18,29,2,5,23,4,0,12,1.0
5,18,29,2,2,3,0,3,0,0.0
5,18,29,1,2,3,0,2,1,0.0
5,18,29,2,2,4,0,1,3,0.0
5,18,29,1,1,1,0,1,0,0.0
5,18,29,1,1,12,25,0,0,5.0
5,18,29,1,1,3,2,0,1,0.0
5,18,29,2,2,3,1,2,0,0.0
5,18,44,1,1,1,1,0,0,0.0
5,18,29,2,2,5,1,4,0,0.0
5,18,29,2,2,6,1,1,3,0.0
5,18,29,2,2,11,1,7,3,0.0
5,18,29,1,1,1,1,0,0,0.0
5,18,29,2,1,3,0,0,8,1.0
5,18,29,2,2,3,3,0,0,0.0
5,18,29,1,1,1,0,1,0,0.0
5,18,29,1,2,2,0,0,4,2.0
5,18,29,1,1,2,0,0,0,0.0
5,18,29,2,3,6,3,0,3,0.0
5,18,29,1,1,2,2,0,0,0.0
5,18,29,1,1,3,0,0,2,0.0
5,18,29,2,1,2,0,2,0,0.0
5,18,29,2,5,32,6,0,9,0.0
5,18,29,1,1,1,0,0,1,0.0
5,18,29,2,2,3,0,1,1,0.0
5,18,29,2,1,4,1,0,2,0.0
5,18,29,1,1,1,0,1,0,0.0
5,18,29,1,2,4,0,4,0,0.0
5,18,29,1,1,4,1,0,3,0.0
5,18,29,2,1,4,0,0,4,0.0
5,18,29,2,3,6,1,0,2,0.0
5,18,29,2,3,4,2,0,3,1.0
5,18,29,1,1,1,0,0,1,0.0
5,18,29,2,2,2,1,0,1,0.0
5,18,29,1,1,1,0,1,0,0.0
5,18,29,1,2,2,0,0,1,0.0
5,18,29,1,1,1,0,1,0,0.0
5,18,29,1,1,3,0,2,0,0.0
5,18,9,1,1,2,2,0,0,0.0
5,18,9,1,1,1,0,1,0,0.0
5,18,29,2,1,3,2,0,0,0.0
5,18,29,2,1,3,0,3,0,0.0
5,18,9,2,1,3,1,2,0,0.0
5,18,29,1,2,2,2,0,0,0.0
5,18,29,1,3,4,0,1,3,0.0
5,18,29,2,3,6,3,0,4,1.0
5,18,29,1,1,1,1,0,0,0.0
5,18,29,1,1,1,0,0,1,0.0
5,18,29,2,3,10,3,5,1,1.0
5,18,29,2,5,24,9,4,7,1.0
5,18,29,2,2,15,0,15,0,0.0
5,18,29,2,1,14,0,0,0,1.0
5,18,29,1,1,2,2,0,0,0.0
5,18,29,2,2,2,0,0,0,1.0
5,18,29,1,3,7,0,4,1,0.0
5,18,29,2,1,5,4,0,1,0.0
5,18,29,1,1,2,0,2,0,0.0
5,18,29,2,3,4,1,1,2,0.0
5,18,46,1,1,1,1,0,0,0.0
5,18,29,1,1,1,0,1,0,0.0
5,18,29,2,2,4,0,4,0,0.0
5,18,46,1,1,1,0,1,0,0.0
5,18,46,1,1,1,0,0,1,0.0
5,18,46,1,1,1,0,0,1,0.0
5,18,9,2,2,2,1,1,0,0.0
5,18,29,1,2,3,0,2,0,0.0
5,18,29,1,1,5,0,6,0,1.0
5,18,9,2,3,11,3,7,1,0.0
5,18,9,1,1,1,1,0,0,0.0
5,18,29,1,1,1,0,1,0,0.0
5,18,29,2,1,13,2,6,3,0.0
5,18,29,2,2,16,8,1,0,4.0
5,18,29,1,3,6,6,0,0,0.0
5,18,34,2,3,4,3,1,1,1.0
5,18,9,2,4,36,23,7,19,11.0
5,18,29,2,1,3,0,1,0,0.0
5,18,9,1,2,5,0,5,0,0.0
5,18,9,1,1,1,1,0,0,0.0
5,19,29,2,3,5,0,1,2,0.0
5,19,29,2,3,19,1,11,6,0.0
5,19,29,2,1,2,0,0,2,0.0
5,19,29,1,1,1,0,0,1,0.0
5,19,29,2,2,3,1,0,0,0.0
5,19,9,2,2,12,20,0,0,7.0
5,19,29,2,2,5,0,5,0,0.0
5,19,9,1,2,10,4,3,4,1.0
5,19,9,2,2,9,9,0,0,0.0
5,19,24,2,1,5,2,0,0,0.0
5,19,9,1,1,2,0,1,1,0.0
5,19,29,2,3,11,0,0,0,3.0
5,19,9,1,1,2,2,0,0,0.0
5,19,29,1,1,1,0,1,0,0.0
5,19,9,1,1,1,0,0,0,1.0
5,19,29,1,2,4,0,1,3,0.0
5,19,9,2,1,2,1,0,1,0.0
5,19,9,2,1,5,0,5,0,0.0
5,19,9,2,1,3,3,0,2,2.0
5,19,29,1,1,3,0,2,0,0.0
5,19,9,1,2,4,3,0,1,0.0
5,19,24,1,1,1,0,0,1,0.0
5,19,9,1,1,2,2,0,0,0.0
5,19,29,1,1,1,1,0,0,0.0
5,19,29,2,1,9,5,4,0,0.0
5,19,24,2,4,10,6,0,4,1.0
5,19,29,2,2,9,12,1,0,2.0
5,19,9,2,3,17,16,3,7,6.0
5,19,9,2,2,11,5,6,0,0.0
5,19,29,2,1,2,2,0,0,0.0
5,19,29,2,3,12,7,1,3,1.0
5,19,29,1,1,1,1,0,0,0.0
5,19,29,1,1,2,0,2,0,0.0
5,19,29,2,2,7,6,0,2,1.0
5,19,28,2,2,16,11,8,0,3.0
5,19,29,2,3,28,3,15,5,2.0
5,19,29,2,3,7,5,0,1,0.0
5,19,29,1,1,1,0,2,0,1.0
5,19,29,1,1,1,0,0,1,0.0
5,19,29,1,2,2,0,1,1,0.0
5,19,29,1,1,1,1,0,0,0.0
5,19,29,2,2,3,0,3,0,0.0
5,19,24,2,1,2,0,3,0,1.0
5,19,29,2,3,14,0,4,7,0.0
5,19,29,1,1,1,1,0,0,0.0
5,19,29,2,4,18,5,6,3,0.0
5,19,29,2,5,13,0,3,0,0.0
5,19,29,2,2,13,13,0,0,0.0
5,19,9,2,4,15,3,5,7,0.0
5,19,29,2,1,4,4,0,0,0.0
5,19,29,1,1,1,1,0,0,0.0
5,19,29,2,3,5,1,1,0,0.0
5,19,29,2,3,10,3,0,6,0.0
5,19,29,1,1,1,0,0,0,0.0
5,19,29,1,1,2,0,0,0,0.0
5,19,29,2,3,6,1,0,0,0.0
5,19,29,1,2,2,0,0,0,0.0
5,19,29,2,3,6,0,0,2,0.0
5,19,29,2,2,4,5,0,0,1.0
5,19,29,1,2,6,3,1,0,0.0
5,19,29,1,1,1,0,0,0,0.0
5,19,29,1,2,2,2,0,0,0.0
5,19,29,1,1,2,0,2,0,0.0
5,19,29,1,2,4,2,2,0,0.0
5,19,29,1,1,1,0,0,1,0.0
5,19,29,1,1,3,2,0,0,0.0
5,19,29,1,1,1,0,1,0,0.0
5,19,29,1,1,1,0,0,1,0.0
5,19,29,1,1,1,0,1,0,0.0
5,19,29,2,2,4,0,4,2,2.0
5,19,29,1,1,6,2,1,1,0.0
5,19,29,1,2,6,0,7,0,1.0
5,19,9,1,1,4,3,0,1,0.0
5,19,9,2,2,5,4,0,2,1.0
5,19,29,1,1,1,0,1,0,0.0
5,19,29,2,1,3,0,1,2,0.0
5,19,29,2,2,3,0,3,0,1.0
5,19,29,1,1,1,0,0,0,0.0
5,19,29,2,4,5,0,0,1,0.0
5,19,29,2,2,6,4,0,2,0.0
5,19,29,1,1,2,2,0,0,0.0
5,19,9,2,2,8,8,0,0,0.0
5,19,29,2,2,2,1,0,1,0.0
5,19,29,2,2,3,2,0,0,0.0
5,19,29,1,1,1,0,0,0,0.0
5,19,29,1,1,2,3,0,0,1.0
5,19,29,2,4,13,1,5,6,1.0
5,19,29,1,1,1,0,0,1,0.0
5,19,29,2,3,7,1,3,1,0.0
5,19,29,2,3,15,3,8,4,0.0
5,19,29,1,2,3,0,0,1,0.0
5,19,29,2,1,5,0,2,1,0.0
5,19,29,1,2,2,0,3,0,1.0
5,19,29,1,2,3,0,3,0,0.0
5,19,29,1,1,1,0,1,0,0.0
5,19,29,2,3,7,1,1,1,1.0
5,19,29,2,1,5,0,5,0,0.0
5,19,29,2,4,19,5,8,3,2.0
5,19,29,1,1,1,0,0,0,0.0
5,19,29,1,1,1,1,0,0,0.0
5,19,29,1,2,7,2,3,2,0.0
5,19,29,2,3,8,0,0,2,0.0
5,19,29,2,5,27,2,0,8,6.0
5,19,29,2,3,5,1,1,3,0.0
5,19,29,1,1,1,0,1,0,0.0
5,19,29,1,1,3,0,3,0,0.0
5,19,29,2,2,3,0,1,0,0.0
5,19,29,1,1,1,0,1,0,0.0
5,19,29,2,1,3,0,3,0,0.0
5,19,29,2,3,7,1,1,3,0.0
5,19,29,2,3,10,1,0,8,0.0
5,19,9,1,1,1,0,1,0,0.0
5,19,29,1,1,4,0,4,0,0.0
5,19,29,1,1,2,0,0,3,1.0
5,19,29,1,1,2,2,0,0,0.0
5,19,29,1,1,1,1,0,0,0.0
5,19,29,2,2,2,0,0,2,0.0
5,19,29,2,4,7,0,3,1,0.0
5,19,29,2,4,13,3,1,5,0.0
5,19,29,2,2,3,3,0,0,0.0
5,19,29,1,1,1,0,0,1,0.0
5,19,29,2,2,9,2,6,0,1.0
5,19,29,1,2,3,0,2,1,0.0
5,19,29,2,1,4,4,0,0,0.0
5,19,29,2,2,2,1,0,0,0.0
5,19,29,2,1,6,3,1,3,1.0
5,19,29,2,3,7,5,2,0,2.0
5,19,29,2,4,11,0,1,4,0.0
5,19,46,2,1,4,2,2,0,0.0
5,19,29,2,3,6,1,0,1,0.0
5,19,29,2,1,6,0,6,0,0.0
5,19,29,1,2,4,2,7,0,1.0
5,19,29,2,2,4,3,0,1,0.0
5,19,9,1,3,5,5,0,1,1.0
5,19,29,2,1,8,0,3,3,0.0
5,19,9,2,2,9,0,9,0,0.0
5,19,29,2,2,5,3,0,2,0.0
5,19,29,2,2,5,2,3,0,0.0
5,19,29,2,1,3,3,0,0,0.0
5,19,29,2,4,7,1,2,1,2.0
5,19,46,1,3,4,0,0,0,0.0
5,19,29,2,4,8,2,2,3,0.0
5,19,29,2,4,7,2,4,1,0.0
5,19,46,1,2,9,3,3,3,0.0
5,19,46,1,1,4,0,4,0,0.0
5,19,29,2,3,8,3,2,0,0.0
5,19,22,1,1,1,1,0,0,0.0
5,19,29,2,4,7,0,1,1,0.0
5,19,29,2,4,13,0,9,0,1.0
5,19,29,2,1,3,2,0,1,0.0
5,19,16,2,1,13,4,2,5,0.0
5,19,29,2,1,5,1,0,1,0.0
5,19,34,2,3,12,8,1,5,1.0
5,19,29,2,3,5,0,3,2,0.0
5,19,29,2,3,13,4,3,6,0.0
5,19,29,2,4,6,0,0,5,1.0
5,19,29,1,1,2,1,0,0,0.0
5,19,29,1,1,1,0,1,0,0.0
5,19,29,1,1,1,0,0,0,0.0
5,19,9,1,2,4,2,0,2,0.0
5,19,9,2,2,5,5,0,0,0.0
5,19,44,2,2,8,3,2,3,0.0
5,19,46,1,1,1,1,0,0,0.0
5,19,46,1,1,1,1,0,0,0.0
5,19,29,2,4,38,13,8,11,2.0
5,19,29,2,2,3,0,3,2,2.0
5,19,29,2,4,8,0,2,3,0.0
5,19,29,1,1,1,0,0,1,0.0
5,19,29,1,1,1,0,0,1,0.0
5,19,29,1,1,1,1,0,0,0.0
5,19,29,2,2,7,2,3,2,1.0
5,19,9,2,1,2,0,2,1,1.0
5,19,29,2,1,4,1,2,1,0.0
5,19,29,1,2,2,0,2,0,0.0
5,19,9,2,3,33,4,5,28,4.0
5,19,9,2,3,4,1,1,2,0.0
5,19,9,1,1,1,1,0,0,0.0
5,19,9,2,2,16,22,1,0,4.0
5,19,29,1,1,3,1,1,0,0.0
5,19,29,1,1,3,3,0,0,0.0
5,19,9,2,4,17,0,1,17,1.0
5,19,9,2,1,4,0,3,1,0.0
5,19,29,2,1,2,2,0,0,0.0
5,19,29,1,1,1,2,0,0,1.0
5,19,29,2,2,2,0,0,3,1.0
5,19,41,2,2,3,0,2,1,0.0
5,19,9,2,1,2,2,0,0,0.0
5,19,29,1,1,1,1,0,0,0.0
5,19,44,1,1,1,1,0,0,0.0
5,19,29,1,1,1,0,0,0,0.0
5,19,9,1,1,3,3,0,0,0.0
5,20,29,1,1,1,1,0,0,0.0
5,20,9,1,1,2,2,0,0,0.0
5,20,9,2,2,3,4,0,0,1.0
5,20,9,1,1,2,0,0,2,0.0
5,20,29,1,2,2,0,0,2,0.0
5,20,9,2,1,2,2,0,0,0.0
5,20,29,1,1,1,2,0,0,1.0
5,20,9,1,1,3,4,0,0,1.0
5,20,29,2,4,11,3,2,6,0.0
5,20,9,2,4,26,9,8,8,3.0
5,20,29,1,1,1,1,0,0,0.0
5,20,29,2,1,6,1,1,2,0.0
5,20,29,1,1,2,0,2,0,0.0
5,20,9,2,2,2,1,0,1,0.0
5,20,29,2,3,9,1,0,9,1.0
5,20,9,2,3,24,19,4,9,8.0
5,20,29,1,1,1,0,1,0,0.0
5,20,9,1,1,1,0,1,0,0.0
5,20,29,2,1,3,5,0,0,2.0
5,20,29,2,2,9,3,2,5,1.0
5,20,29,2,1,4,0,4,0,0.0
5,20,29,1,1,2,0,2,0,0.0
5,20,29,2,2,7,3,1,2,0.0
5,20,9,2,4,4,0,1,3,0.0
5,20,29,2,2,9,6,0,1,0.0
5,20,29,2,2,7,2,1,2,0.0
5,20,29,1,2,2,0,0,0,0.0
5,20,29,1,2,2,2,0,0,1.0
5,20,29,1,1,1,0,0,1,0.0
5,20,29,1,1,2,0,0,2,0.0
5,20,29,2,3,5,3,0,0,0.0
5,20,24,1,1,1,0,0,1,0.0
5,20,29,1,1,2,2,0,0,0.0
5,20,24,2,2,2,2,0,0,0.0
5,20,29,1,1,2,0,0,1,0.0
5,20,29,2,3,8,0,4,4,0.0
5,20,29,2,3,13,0,8,5,0.0
5,20,29,1,1,6,2,1,6,1.0
5,20,9,2,2,4,4,0,0,0.0
5,20,9,1,1,1,1,0,0,0.0
5,20,29,1,1,3,2,0,1,0.0
5,20,29,1,1,3,3,0,0,0.0
5,20,29,2,4,16,10,0,0,1.0
5,20,29,1,1,3,3,0,0,0.0
5,20,29,2,3,4,1,1,2,0.0
5,20,29,2,3,13,11,0,3,2.0
5,20,29,2,1,4,0,4,0,0.0
5,20,29,2,2,4,0,4,0,0.0
5,20,29,1,1,2,0,1,0,0.0
5,20,29,1,1,1,0,0,1,0.0
5,20,29,2,2,5,0,0,1,0.0
5,20,29,2,3,14,3,5,7,1.0
5,20,29,1,2,2,3,0,0,1.0
5,20,29,1,2,9,0,9,0,0.0
5,20,29,1,1,1,0,0,1,0.0
5,20,29,2,3,7,0,4,0,0.0
5,20,29,2,1,11,1,5,2,0.0
5,20,29,1,3,3,0,2,0,0.0
5,20,29,2,1,4,0,2,0,0.0
5,20,29,2,1,3,1,0,1,0.0
5,20,29,2,3,6,0,2,3,0.0
5,20,29,2,2,5,0,5,0,0.0
5,20,29,1,1,1,0,1,0,0.0
5,20,29,2,1,7,1,3,0,0.0
5,20,29,2,1,3,0,3,0,0.0
5,20,29,2,3,8,0,0,8,0.0
5,20,29,2,2,3,2,0,0,3.0
5,20,29,1,1,1,1,0,0,0.0
5,20,29,2,2,2,0,1,0,0.0
5,20,29,2,5,19,6,4,6,0.0
5,20,29,1,2,2,1,1,0,0.0
5,20,29,2,2,5,1,3,1,1.0
5,20,29,2,3,13,3,1,9,0.0
5,20,29,2,3,5,3,1,1,1.0
5,20,29,1,1,4,0,0,3,0.0
5,20,29,1,1,1,1,0,0,0.0
5,20,29,1,1,2,0,0,1,0.0
5,20,29,1,2,4,0,2,1,0.0
5,20,29,1,1,2,2,0,0,0.0
5,20,29,1,1,1,3,0,0,1.0
5,20,29,1,2,3,3,0,0,0.0
5,20,29,1,1,2,0,2,0,0.0
5,20,29,2,1,5,5,0,0,0.0
5,20,29,2,1,3,2,0,0,0.0
5,20,29,2,1,3,0,3,0,0.0
5,20,29,1,1,2,2,0,0,0.0
5,20,29,2,4,17,5,3,7,3.0
5,20,29,1,1,1,0,0,1,0.0
5,20,34,2,1,3,0,1,2,0.0
5,20,29,2,3,6,5,0,0,0.0
5,20,29,1,2,8,0,8,0,0.0
5,20,29,1,1,1,0,0,1,0.0
5,20,29,2,4,6,0,0,6,0.0
5,20,24,1,1,1,1,0,0,0.0
5,20,29,2,4,14,7,2,2,1.0
5,20,29,1,1,4,3,0,0,0.0
5,20,29,1,2,2,0,0,0,0.0
5,20,29,2,1,3,1,1,0,0.0
5,20,29,2,3,9,4,2,4,1.0
5,20,9,1,1,2,1,0,1,0.0
5,20,29,1,1,1,0,1,0,0.0
5,20,29,1,2,2,2,0,0,0.0
5,20,29,1,1,3,3,0,0,0.0
5,20,29,2,4,18,8,0,16,5.0
5,20,29,1,1,1,0,1,0,0.0
5,20,29,1,1,2,1,1,0,0.0
5,20,9,2,2,2,1,0,2,1.0
5,20,29,2,5,11,4,0,4,0.0
5,20,29,2,4,12,1,0,2,0.0
5,20,29,1,2,3,0,3,0,0.0
5,20,29,1,1,1,1,0,0,0.0
5,20,29,1,3,5,2,1,0,0.0
5,20,29,1,1,1,0,1,0,0.0
5,20,29,2,3,5,0,2,1,0.0
5,20,29,1,2,4,1,0,2,0.0
5,20,29,2,1,5,3,2,0,0.0
5,20,9,2,4,25,6,5,14,0.0
5,20,29,2,2,8,4,1,1,0.0
5,20,29,1,2,2,0,0,3,1.0
5,20,29,2,3,6,2,0,2,0.0
5,20,29,2,4,11,4,0,4,0.0
5,20,29,2,5,25,21,0,0,4.0
5,20,46,2,2,3,0,2,0,0.0
5,20,46,1,1,3,0,0,0,0.0
5,20,29,1,1,1,0,0,1,0.0
5,20,29,2,2,10,4,0,6,0.0
5,20,44,2,2,3,1,1,1,0.0
5,20,29,2,4,9,1,1,3,0.0
5,20,9,2,3,8,5,3,2,2.0
5,20,29,2,1,6,0,0,3,0.0
5,20,29,1,1,1,0,0,1,0.0
5,20,29,2,3,9,1,4,4,0.0
5,20,29,2,1,3,0,3,0,0.0
5,20,9,2,2,4,3,1,2,2.0
5,20,29,2,2,4,2,0,2,0.0
5,20,29,1,2,3,0,2,0,0.0
5,20,29,1,1,1,2,0,0,1.0
5,20,29,2,3,14,6,4,4,1.0
5,20,9,2,2,2,0,2,0,0.0
5,20,29,1,1,3,3,0,0,0.0
5,20,29,2,1,2,0,0,2,0.0
5,20,29,1,1,1,0,0,1,0.0
5,20,29,1,1,1,0,0,1,0.0
5,20,29,1,1,1,0,1,0,0.0
5,20,29,2,4,11,2,4,1,1.0
5,20,29,1,2,4,0,4,0,0.0
5,20,29,2,4,9,0,4,0,0.0
5,20,29,2,2,3,0,0,0,0.0
5,20,29,2,3,7,1,1,4,0.0
5,20,29,2,4,38,17,0,0,6.0
5,20,29,2,3,6,0,3,2,0.0
5,20,29,1,1,2,2,0,0,0.0
5,20,29,2,1,2,1,0,0,0.0
5,20,29,1,2,3,0,3,0,0.0
5,20,16,1,1,1,1,0,0,0.0
5,20,29,1,2,4,0,4,0,0.0
5,20,12,2,2,3,4,0,0,1.0
5,20,29,1,1,3,2,0,0,0.0
5,20,9,1,1,2,1,1,0,0.0
5,20,9,1,1,2,2,0,0,0.0
5,20,9,1,2,10,7,3,0,0.0
5,20,9,1,1,5,5,0,0,0.0
5,20,29,2,3,9,0,4,4,0.0
5,20,29,1,1,1,0,0,0,0.0
5,20,46,1,1,1,0,1,0,0.0
5,20,46,1,1,1,0,1,0,0.0
5,20,46,1,1,1,1,0,0,0.0
5,20,46,1,1,1,1,0,0,0.0
5,20,29,2,4,16,0,0,9,0.0
5,20,29,1,1,1,0,1,0,0.0
5,20,29,2,4,12,1,2,7,0.0
5,20,29,2,1,8,3,5,0,0.0
5,20,29,1,2,3,0,0,3,0.0
5,20,29,2,1,3,2,0,0,0.0
5,20,29,2,1,2,3,0,0,1.0
5,20,9,1,1,1,1,0,0,0.0
5,20,9,1,1,1,1,0,0,0.0
5,20,9,1,1,9,8,0,1,0.0
5,20,29,1,1,1,0,1,0,0.0
5,20,29,1,1,1,1,0,0,0.0
5,20,29,1,1,1,1,0,0,0.0
5,20,29,1,1,1,0,0,0,0.0
5,20,44,2,2,3,3,2,0,2.0
5,20,29,2,1,5,1,3,1,0.0
5,20,29,1,1,1,0,1,0,0.0
5,20,29,2,3,5,2,0,0,0.0
5,20,29,1,1,2,3,0,0,1.0
5,20,46,1,1,2,1,1,0,0.0
5,20,29,1,1,2,2,0,0,0.0
5,20,29,2,4,24,2,9,4,0.0
5,20,29,1,2,3,0,0,0,0.0
5,20,29,2,4,11,3,3,0,0.0
5,20,9,2,1,5,3,1,1,0.0
5,20,9,1,2,6,3,3,0,0.0
5,20,9,1,1,2,2,0,0,0.0
5,20,29,2,3,8,4,0,1,0.0
5,21,29,2,3,4,1,0,3,0.0
5,21,29,1,1,1,0,0,1,0.0
5,21,29,2,2,4,3,0,1,0.0
5,21,46,2,1,5,3,0,2,0.0
5,21,9,2,1,6,1,3,2,0.0
5,21,9,1,2,4,0,3,1,0.0
5,21,9,2,2,15,6,10,0,1.0
5,21,29,2,3,5,3,1,1,0.0
5,21,9,2,2,11,21,0,0,7.0
5,21,9,2,4,9,1,3,5,0.0
5,21,46,1,1,1,0,0,1,0.0
5,21,9,2,4,27,12,3,13,1.0
5,21,29,1,1,1,0,1,0,0.0
5,21,29,2,2,8,2,7,0,1.0
5,21,29,1,1,1,1,0,0,0.0
5,21,29,1,1,2,0,1,0,0.0
5,21,9,2,3,5,3,2,0,0.0
5,21,29,2,2,4,0,0,0,1.0
5,21,9,1,1,2,0,0,2,0.0
5,21,9,1,1,2,0,2,0,0.0
5,21,9,2,2,2,0,0,2,0.0
5,21,29,1,1,2,0,0,0,0.0
5,21,29,2,1,2,0,3,0,1.0
5,21,24,2,2,7,1,3,0,0.0
5,21,29,1,1,2,0,2,0,0.0
5,21,29,1,1,4,4,0,0,0.0
5,21,29,2,3,5,3,0,2,0.0
5,21,29,2,2,5,5,0,0,0.0
5,21,29,1,1,9,5,4,0,0.0
5,21,29,2,4,11,2,2,4,0.0
5,21,29,2,3,6,4,2,0,0.0
5,21,29,2,4,6,0,2,2,1.0
5,21,41,2,2,3,1,0,1,0.0
5,21,29,2,5,15,5,2,1,0.0
5,21,37,1,3,4,1,0,1,0.0
5,21,24,2,3,7,0,4,0,1.0
5,21,29,2,1,2,1,0,1,0.0
5,21,29,2,1,13,14,0,0,1.0
5,21,29,2,4,7,0,4,1,0.0
5,21,29,1,1,1,1,0,0,0.0
5,21,29,2,3,7,5,0,1,0.0
5,21,29,1,2,3,3,0,0,0.0
5,21,29,1,1,1,1,0,0,0.0
5,21,29,1,1,2,0,1,0,0.0
5,21,9,1,2,3,3,0,0,0.0
5,21,29,1,1,8,7,0,2,1.0
5,21,9,1,1,11,7,0,4,0.0
5,21,29,1,3,4,0,0,0,0.0
5,21,29,1,1,2,2,0,0,0.0
5,21,9,1,1,1,0,0,1,0.0
5,21,29,1,1,1,1,0,0,0.0
5,21,29,1,2,2,0,2,0,0.0
5,21,29,2,1,17,9,3,3,0.0
5,21,29,2,3,4,3,0,0,0.0
5,21,29,2,2,2,2,0,0,0.0
5,21,29,1,1,1,0,0,1,0.0
5,21,29,1,1,1,1,0,0,0.0
5,21,29,1,1,1,0,0,0,1.0
5,21,29,2,1,5,0,4,0,0.0
5,21,29,1,1,1,0,0,1,0.0
5,21,29,1,1,3,2,0,0,0.0
5,21,29,2,5,9,0,1,0,0.0
5,21,29,2,2,3,0,3,0,0.0
5,21,29,1,2,2,0,0,2,0.0
5,21,29,2,2,21,0,21,0,0.0
5,21,29,2,3,18,5,5,7,1.0
5,21,29,1,1,1,0,1,0,0.0
5,21,29,1,1,2,1,0,1,0.0
5,21,29,2,2,5,0,0,2,0.0
5,21,29,1,1,1,0,0,0,0.0
5,21,29,2,3,10,0,0,1,0.0
5,21,29,1,1,2,0,0,2,0.0
5,21,29,1,1,4,1,0,3,0.0
5,21,29,2,4,10,0,0,10,0.0
5,21,29,2,2,2,0,1,1,0.0
5,21,29,2,2,5,4,4,0,1.0
5,21,29,2,3,9,5,1,3,0.0
5,21,29,1,1,1,1,0,0,0.0
5,21,29,1,1,1,0,0,0,0.0
5,21,29,1,1,1,1,0,0,0.0
5,21,29,2,3,8,0,5,3,0.0
5,21,29,2,4,10,0,1,6,0.0
5,21,29,1,1,2,1,1,0,0.0
5,21,29,2,3,10,1,6,0,1.0
5,21,29,1,1,1,0,0,0,0.0
5,21,29,1,2,2,0,0,0,0.0
5,21,29,1,2,5,1,0,5,1.0
5,21,29,2,4,18,9,0,3,0.0
5,21,29,2,1,2,0,2,0,0.0
5,21,29,1,1,1,1,0,0,0.0
5,21,29,1,1,2,0,2,0,0.0
5,21,29,2,2,5,0,5,0,0.0
5,21,29,1,2,3,3,0,0,0.0
5,21,29,2,3,6,3,0,6,3.0
5,21,29,2,3,18,3,8,4,1.0
5,21,29,2,1,7,4,0,3,0.0
5,21,29,1,1,1,0,0,1,0.0
5,21,29,2,3,11,5,0,6,1.0
5,21,29,1,1,1,0,1,0,0.0
5,21,29,2,2,16,31,0,0,7.0
5,21,29,2,2,13,2,5,6,0.0
5,21,29,1,3,3,0,0,3,0.0
5,21,29,2,4,17,5,4,0,1.0
5,21,29,2,3,5,0,1,2,0.0
5,21,29,1,1,1,0,1,0,0.0
5,21,29,1,2,5,2,2,0,0.0
5,21,29,2,3,7,0,1,2,2.0
5,21,29,2,1,4,0,2,0,0.0
5,21,29,1,1,2,0,2,0,0.0
5,21,29,2,1,3,0,3,0,2.0
5,21,29,1,2,4,0,4,0,1.0
5,21,29,2,4,19,14,0,6,3.0
5,21,29,1,3,8,0,3,0,0.0
5,21,29,2,2,10,5,3,7,5.0
5,21,29,1,2,2,0,2,0,0.0
5,21,46,1,1,2,0,0,0,1.0
5,21,46,1,1,1,1,0,0,0.0
5,21,29,2,2,4,0,0,0,1.0
5,21,29,1,1,1,0,0,1,0.0
5,21,9,1,1,4,2,1,1,0.0
5,21,29,2,1,9,0,3,6,0.0
5,21,29,2,2,3,2,0,0,0.0
5,21,29,2,4,14,3,3,0,4.0
5,21,29,1,1,2,1,1,0,0.0
5,21,29,1,1,1,0,0,0,0.0
5,21,29,1,1,2,1,1,0,0.0
5,21,29,1,1,2,0,2,0,0.0
5,21,29,2,1,3,2,0,0,0.0
5,21,29,2,4,9,2,1,0,0.0
5,21,29,2,1,6,2,1,0,0.0
5,21,29,1,2,3,0,2,3,2.0
5,21,29,1,2,2,0,2,0,0.0
5,21,29,1,2,3,0,4,0,1.0
5,21,29,1,1,1,1,0,0,0.0
5,21,46,1,1,1,0,1,0,0.0
5,21,29,2,5,22,5,14,0,4.0
5,21,29,2,3,6,1,2,2,0.0
5,21,29,2,4,8,2,0,2,1.0
5,21,29,2,3,5,2,1,1,0.0
5,21,29,1,1,2,0,2,0,0.0
5,21,29,2,4,5,0,0,4,0.0
5,21,44,2,2,5,0,2,2,0.0
5,21,29,2,3,11,4,0,1,1.0
5,21,29,2,3,5,1,0,0,1.0
5,21,29,1,1,3,0,3,0,0.0
5,21,29,2,2,2,1,0,1,0.0
5,21,29,2,5,13,1,0,1,0.0
5,21,29,2,1,3,0,2,1,0.0
5,21,46,1,1,1,0,1,0,0.0
5,21,29,1,1,1,0,1,0,0.0
5,21,9,1,1,1,0,1,0,0.0
5,21,29,2,2,9,3,2,1,0.0
5,21,29,2,3,8,7,0,2,1.0
5,21,9,1,2,4,0,1,3,0.0
5,21,29,2,2,4,1,3,0,0.0
5,21,46,1,1,1,1,0,0,0.0
5,21,46,1,1,1,1,0,0,0.0
5,21,46,1,1,1,0,0,1,0.0
5,21,46,1,1,1,1,0,0,0.0
5,21,46,1,1,1,0,1,0,0.0
5,21,46,1,1,1,0,0,1,0.0
5,21,46,1,1,1,0,0,1,0.0
5,21,46,1,1,1,0,0,1,0.0
5,21,29,2,3,9,9,0,0,0.0
5,21,24,2,1,5,0,6,0,1.0
5,21,46,1,1,7,7,0,0,0.0
5,21,9,2,3,9,4,1,4,0.0
5,21,29,1,2,6,0,5,1,0.0
5,21,29,1,1,2,2,0,0,0.0
5,21,29,2,3,5,2,0,3,0.0
5,21,29,2,4,8,1,3,4,0.0
5,21,29,2,4,10,1,0,4,0.0
5,21,29,1,1,1,1,0,0,0.0
5,21,29,1,1,1,0,1,0,0.0
5,21,29,2,5,24,9,2,0,0.0
5,21,29,2,2,4,3,1,0,1.0
5,21,29,2,2,8,0,8,0,0.0
5,21,29,1,1,4,2,1,1,0.0
5,21,29,2,3,11,0,7,3,0.0
5,21,9,2,4,16,1,4,18,5.0
5,21,29,1,1,1,0,1,0,0.0
5,21,29,1,1,2,2,0,0,0.0
5,21,29,1,1,1,0,0,0,0.0
5,21,46,1,1,1,0,1,0,0.0
5,21,29,1,1,1,1,0,0,0.0
5,21,29,2,4,22,3,0,4,0.0
5,21,9,2,3,10,5,1,8,2.0
5,21,44,1,1,3,0,0,3,0.0
5,22,29,1,1,2,0,0,2,0.0
5,22,29,2,2,7,2,1,2,0.0
5,22,29,2,4,11,0,0,10,0.0
5,22,29,2,1,12,6,7,0,2.0
5,22,9,1,1,1,0,1,0,0.0
5,22,14,2,2,8,0,10,0,1.0
5,22,29,1,1,1,0,1,0,0.0
5,22,9,1,1,1,1,0,0,0.0
5,22,29,2,2,8,0,7,0,0.0
5,22,9,2,2,8,7,2,0,1.0
5,22,29,1,1,1,0,0,1,0.0
5,22,29,1,1,1,0,1,0,0.0
5,22,29,1,3,15,6,4,5,0.0
5,22,29,2,4,6,0,2,1,0.0
5,22,41,1,1,1,0,1,0,0.0
5,22,29,1,2,3,1,1,1,0.0
5,22,9,1,1,1,1,0,0,0.0
5,22,9,2,3,11,3,11,0,3.0
5,22,9,1,2,4,0,1,5,2.0
5,22,22,2,1,6,1,3,2,0.0
5,22,24,1,1,1,0,2,0,1.0
5,22,9,1,1,1,1,0,0,0.0
5,22,29,2,2,3,2,1,0,0.0
5,22,29,1,2,3,0,3,0,0.0
5,22,29,2,1,5,4,1,0,0.0
5,22,29,1,1,1,0,1,0,0.0
5,22,28,1,1,1,0,1,0,0.0
5,22,29,2,4,10,3,0,4,0.0
5,22,9,2,1,3,2,0,1,0.0
5,22,29,2,2,8,3,2,2,0.0
5,22,29,1,1,1,1,0,0,0.0
5,22,29,2,1,2,2,1,0,1.0
5,22,29,1,1,3,3,0,0,0.0
5,22,29,2,1,3,0,3,0,2.0
5,22,29,2,1,2,0,0,0,1.0
5,22,9,1,3,4,3,0,2,1.0
5,22,29,1,1,1,0,1,0,0.0
5,22,29,1,2,2,0,0,0,0.0
5,22,29,1,1,1,0,0,1,0.0
5,22,9,1,1,6,7,0,0,1.0
5,22,29,1,3,7,0,3,4,0.0
5,22,29,1,2,5,4,0,1,0.0
5,22,29,1,1,1,0,0,1,0.0
5,22,29,2,4,14,5,2,5,0.0
5,22,29,1,1,1,0,1,0,0.0
5,22,29,2,1,5,0,5,0,0.0
5,22,29,2,4,14,7,5,2,0.0
5,22,29,2,2,3,2,1,0,0.0
5,22,29,2,2,3,1,0,0,0.0
5,22,29,1,1,1,0,0,1,0.0
5,22,29,1,2,4,3,0,0,0.0
5,22,29,1,1,1,0,1,0,0.0
5,22,29,2,1,2,0,2,0,0.0
5,22,29,1,1,1,0,1,0,0.0
5,22,29,2,1,2,2,0,0,0.0
5,22,29,2,4,12,3,4,5,0.0
5,22,29,1,1,1,0,1,0,0.0
5,22,29,1,1,3,0,3,0,0.0
5,22,29,1,1,1,1,0,0,0.0
5,22,29,2,2,3,3,0,0,0.0
5,22,29,1,1,1,0,0,1,0.0
5,22,29,1,2,2,1,0,1,0.0
5,22,29,2,5,18,4,5,4,1.0
5,22,29,2,3,3,1,0,1,0.0
5,22,29,1,3,4,1,0,3,0.0
5,22,29,2,1,4,0,0,4,0.0
5,22,29,1,1,1,0,1,0,0.0
5,22,29,2,2,4,4,0,0,0.0
5,22,29,1,1,2,2,0,0,0.0
5,22,29,1,1,3,3,0,0,0.0
5,22,29,1,1,3,0,3,0,0.0
5,22,29,2,3,4,4,0,0,0.0
5,22,29,2,5,18,3,6,4,1.0
5,22,29,1,1,1,1,0,0,0.0
5,22,29,2,3,9,3,0,6,0.0
5,22,29,1,2,3,0,0,2,0.0
5,22,29,1,1,6,5,1,0,0.0
5,22,29,2,3,18,9,0,4,1.0
5,22,29,2,2,3,3,0,0,0.0
5,22,29,1,1,1,0,0,1,0.0
5,22,29,2,2,2,2,0,0,0.0
5,22,29,2,2,4,0,0,4,0.0
5,22,29,2,3,11,4,10,3,2.0
5,22,29,2,1,10,4,1,5,0.0
5,22,29,1,1,1,0,0,0,1.0
5,22,29,1,1,1,0,1,0,0.0
5,22,29,2,4,5,1,2,0,0.0
5,22,29,1,1,1,0,1,0,0.0
5,22,29,2,3,24,6,4,11,1.0
5,22,29,1,2,3,3,0,0,0.0
5,22,29,2,5,32,8,3,19,4.0
5,22,29,2,2,2,0,0,1,0.0
5,22,29,1,1,1,0,0,1,0.0
5,22,29,2,4,18,2,3,7,0.0
5,22,29,1,1,1,1,0,0,0.0
5,22,29,1,2,2,0,2,0,0.0
5,22,29,2,1,4,0,4,0,0.0
5,22,29,1,1,1,0,1,0,0.0
5,22,29,1,1,1,0,1,0,0.0
5,22,29,2,2,4,3,0,0,0.0
5,22,29,1,1,1,0,0,0,0.0
5,22,29,1,1,2,2,0,1,1.0
5,22,29,1,1,1,1,0,0,0.0
5,22,9,1,2,3,3,0,0,0.0
5,22,29,2,4,12,2,3,6,0.0
5,22,29,1,1,4,4,0,0,0.0
5,22,29,2,3,4,0,2,2,0.0
5,22,29,1,2,4,0,2,1,0.0
5,22,29,1,1,2,2,0,0,0.0
5,22,29,1,1,1,1,0,0,0.0
5,22,29,1,1,1,0,1,0,0.0
5,22,29,1,1,1,0,1,0,0.0
5,22,29,2,2,5,1,0,2,0.0
5,22,29,1,1,1,0,0,0,0.0
5,22,29,2,1,8,0,4,3,0.0
5,22,29,1,1,1,0,0,1,0.0
5,22,29,1,1,1,0,1,0,0.0
5,22,9,1,2,3,3,0,0,0.0
5,22,46,1,1,1,0,1,0,0.0
5,22,46,1,1,1,0,0,1,0.0
5,22,46,1,1,1,0,0,1,0.0
5,22,9,2,4,18,5,6,8,1.0
5,22,29,2,1,9,0,1,4,0.0
5,22,29,2,4,14,3,1,7,0.0
5,22,29,2,3,18,6,4,5,0.0
5,22,9,1,1,1,0,0,1,0.0
5,22,29,2,3,4,1,1,1,0.0
5,22,29,2,2,2,2,0,0,0.0
5,22,29,1,1,4,2,0,2,0.0
5,22,29,2,5,14,6,1,5,2.0
5,22,29,2,2,6,0,4,0,0.0
5,22,9,2,1,4,4,1,0,1.0
5,22,29,2,3,9,7,2,0,0.0
5,22,29,2,1,2,1,0,0,0.0
5,22,29,2,2,3,0,3,0,0.0
5,22,9,2,1,2,1,1,0,0.0
5,22,29,2,1,2,1,0,0,1.0
5,22,29,1,2,2,1,0,0,0.0
5,22,29,1,1,1,0,1,0,0.0
5,22,9,2,3,6,0,4,2,0.0
5,22,29,1,1,1,0,0,1,0.0
5,22,29,1,1,3,2,0,1,0.0
5,22,29,2,4,5,0,0,5,0.0
5,22,29,2,2,5,0,0,0,0.0
5,22,29,1,1,1,0,1,0,0.0
5,22,29,1,2,4,3,0,1,0.0
5,22,29,1,1,1,0,0,0,0.0
5,22,9,2,3,10,9,1,3,3.0
5,22,29,2,4,20,11,0,0,0.0
5,22,29,1,1,1,0,0,1,0.0
5,22,29,2,4,8,3,0,3,1.0
5,23,29,1,1,2,2,0,0,0.0
5,23,29,2,1,2,0,0,0,0.0
5,23,29,2,3,10,3,0,2,0.0
5,23,29,2,2,8,5,0,1,0.0
5,23,29,1,1,1,1,0,0,0.0
5,23,9,2,2,6,5,0,1,0.0
5,23,9,1,1,1,0,1,0,0.0
5,23,29,1,2,2,2,0,0,0.0
5,23,29,1,2,2,0,0,2,0.0
5,23,29,2,1,2,0,2,0,0.0
5,23,14,1,2,3,0,3,0,0.0
5,23,29,1,1,1,0,1,0,0.0
5,23,29,1,1,1,0,1,0,0.0
5,23,29,2,1,4,1,2,0,1.0
5,23,29,2,3,6,6,0,1,2.0
5,23,29,2,2,3,0,4,0,1.0
5,23,29,1,1,1,1,0,0,0.0
5,23,9,2,4,49,3,18,30,1.0
5,23,29,1,1,2,0,1,0,0.0
5,23,29,1,1,2,0,1,0,0.0
5,23,29,2,1,4,0,5,0,1.0
5,23,29,1,1,1,0,1,0,0.0
5,23,29,1,1,2,0,1,1,0.0
5,23,9,1,1,3,0,3,0,0.0
5,23,9,2,3,8,0,0,9,1.0
5,23,9,1,3,11,10,3,1,3.0
5,23,29,2,4,11,0,4,4,0.0
5,23,29,2,3,10,10,0,0,0.0
5,23,29,2,3,13,1,1,9,0.0
5,23,29,1,1,1,1,0,0,0.0
5,23,29,2,2,8,0,6,0,0.0
5,23,29,1,1,1,0,0,0,0.0
5,23,29,1,2,4,0,4,0,0.0
5,23,29,1,1,1,0,0,1,0.0
5,23,29,2,3,10,4,1,3,0.0
5,23,29,2,3,4,0,1,2,0.0
5,23,29,1,1,1,1,0,0,0.0
5,23,29,1,2,4,4,0,0,0.0
5,23,9,1,1,1,0,1,0,0.0
5,23,29,1,1,2,0,0,2,0.0
5,23,29,2,3,9,1,7,0,0.0
5,23,29,1,1,4,0,0,4,0.0
5,23,29,2,2,2,0,1,0,0.0
5,23,29,2,3,18,9,8,1,1.0
5,23,29,1,1,1,0,1,0,0.0
5,23,9,2,4,13,3,4,6,0.0
5,23,29,2,4,19,0,9,5,1.0
5,23,29,2,3,8,0,0,6,0.0
5,23,21,1,1,1,1,0,0,0.0
5,23,9,1,1,1,0,0,1,0.0
5,23,29,2,2,2,1,1,0,0.0
5,23,29,1,1,1,0,0,1,0.0
5,23,9,1,1,1,0,1,0,0.0
5,23,29,1,1,1,1,0,0,0.0
5,23,29,1,1,1,0,0,1,0.0
5,23,29,2,1,2,0,2,0,0.0
5,23,29,2,2,3,3,0,0,0.0
5,23,29,2,3,14,1,3,1,1.0
5,23,29,2,3,6,0,2,1,0.0
5,23,29,1,1,1,0,1,0,0.0
5,23,29,2,2,6,1,4,0,0.0
5,23,29,2,1,5,1,4,0,0.0
5,23,29,2,3,10,2,3,5,0.0
5,23,34,2,2,3,3,0,0,0.0
5,23,29,2,3,6,0,2,0,1.0
5,23,29,1,1,2,2,0,0,0.0
5,23,29,2,2,2,0,0,2,0.0
5,23,29,2,3,3,0,0,0,1.0
5,23,29,2,1,2,2,0,0,0.0
5,23,29,1,2,5,4,0,0,0.0
5,23,29,1,1,1,1,0,0,0.0
5,23,29,1,1,1,1,0,0,0.0
5,23,29,2,4,25,25,0,5,9.0
5,23,29,1,2,3,0,3,0,0.0
5,23,29,2,3,3,2,0,0,0.0
5,23,29,1,2,5,1,2,2,0.0
5,23,29,1,1,2,0,0,0,0.0
5,23,29,2,2,5,0,0,2,0.0
5,23,29,1,1,3,0,3,0,0.0
5,23,29,2,1,4,3,0,1,0.0
5,23,29,2,4,11,0,2,0,2.0
5,23,29,1,1,2,0,0,0,0.0
5,23,29,1,2,4,0,4,0,0.0
5,23,29,1,1,1,0,0,0,0.0
5,23,24,2,1,2,0,1,1,0.0
5,23,29,1,1,1,0,0,0,0.0
5,23,29,1,1,1,0,1,0,0.0
5,23,29,1,2,3,0,4,0,1.0
5,23,29,2,4,18,3,1,5,2.0
5,23,29,1,1,1,0,1,0,0.0
5,23,29,1,2,2,0,2,0,0.0
5,23,29,1,2,2,0,3,0,1.0
5,23,29,1,1,1,0,0,1,0.0
5,23,29,1,2,3,0,0,3,0.0
5,23,29,2,3,4,4,0,0,1.0
5,23,29,2,1,4,2,2,0,0.0
5,23,29,2,1,4,0,2,0,0.0
5,23,29,2,4,22,2,11,6,3.0
5,23,29,1,1,1,0,1,0,0.0
5,23,29,2,1,2,0,2,0,0.0
5,23,29,1,2,7,1,5,1,0.0
5,23,6,1,2,2,0,2,1,1.0
5,23,29,2,3,9,2,7,0,0.0
5,23,29,2,4,12,0,6,0,0.0
5,23,29,1,1,1,0,1,0,0.0
5,23,29,1,1,2,1,0,1,0.0
5,23,29,1,2,4,3,1,0,0.0
5,23,29,2,3,4,1,1,0,0.0
5,23,29,1,2,2,1,0,0,0.0
5,23,29,1,1,1,0,0,0,0.0
5,23,29,2,3,8,8,1,0,1.0
5,23,29,2,1,2,0,0,2,0.0
5,23,29,2,4,15,2,2,7,0.0
5,23,29,1,1,1,0,0,0,0.0
5,23,29,1,1,1,0,1,0,0.0
5,23,29,1,1,1,0,0,1,0.0
5,23,29,1,1,1,0,0,0,1.0
5,23,29,1,2,2,1,0,1,0.0
5,23,9,2,3,11,14,0,0,3.0
5,23,9,2,4,19,2,8,11,2.0
5,23,29,2,4,13,3,4,5,1.0
5,23,29,2,3,4,0,0,0,0.0
5,23,29,1,1,2,1,0,1,0.0
5,23,9,1,1,4,0,2,2,0.0
5,23,29,2,2,5,5,0,0,0.0
5,23,29,2,4,27,8,0,3,0.0
5,23,29,2,4,22,8,6,4,4.0
5,23,29,2,3,6,0,0,5,0.0
5,23,29,2,1,7,2,1,2,0.0
5,23,29,2,1,5,1,3,1,0.0
5,23,29,2,3,7,0,0,5,0.0
5,23,9,2,4,14,6,0,8,0.0
5,23,29,1,2,6,1,4,1,0.0
5,23,29,1,1,1,1,0,0,0.0
5,23,29,2,5,7,0,0,2,0.0
5,23,29,2,3,10,2,1,7,0.0
5,23,29,1,1,1,0,0,1,0.0
5,23,29,1,1,2,1,0,0,1.0
5,23,29,2,2,5,1,0,4,0.0
5,23,29,2,4,12,1,2,8,0.0
5,23,29,1,2,2,0,0,0,0.0
5,23,29,1,1,4,0,4,0,0.0
5,23,29,2,2,3,0,2,0,0.0
5,23,29,1,1,1,0,0,1,0.0
5,23,29,2,2,5,0,5,0,0.0
5,23,9,1,1,1,0,0,1,0.0
5,23,29,2,3,9,1,3,0,1.0
5,23,29,2,2,4,1,4,0,1.0
5,23,29,1,1,1,0,1,0,0.0
5,23,46,1,1,1,1,0,0,0.0
5,23,46,2,1,2,0,1,1,0.0
5,23,29,1,1,1,0,1,0,0.0
5,23,9,1,1,2,2,0,0,0.0
5,23,29,2,3,7,1,0,1,0.0
5,23,29,1,1,1,0,1,0,0.0
5,23,29,1,1,1,0,0,1,0.0
5,23,9,2,1,4,7,0,0,2.0
5,23,9,2,3,9,0,3,6,0.0
5,23,29,2,1,5,4,2,0,1.0
5,23,9,1,1,2,2,0,0,0.0
5,23,29,2,1,4,0,2,2,0.0
5,23,29,2,4,12,3,0,1,1.0
5,23,29,2,1,2,0,0,2,0.0
5,23,29,2,3,3,1,0,2,0.0
5,23,29,2,2,7,0,3,4,0.0
5,23,29,2,4,4,1,0,0,0.0
5,23,29,2,1,2,1,0,0,0.0
5,23,29,1,1,3,4,0,0,1.0
5,23,29,1,1,6,4,3,0,1.0
5,24,29,2,3,7,2,1,4,0.0
5,24,9,2,3,4,2,0,2,0.0
5,24,29,2,3,26,44,1,0,10.0
5,24,9,1,2,4,0,4,0,0.0
5,24,29,2,1,3,1,1,0,0.0
5,24,29,2,4,17,0,2,7,2.0
5,24,9,2,2,4,2,0,2,0.0
5,24,29,2,2,4,0,0,3,0.0
5,24,29,2,3,14,3,4,2,0.0
5,24,29,1,1,1,0,1,0,0.0
5,24,9,2,2,5,1,3,2,1.0
5,24,29,2,3,6,2,3,0,0.0
5,24,9,1,3,8,0,5,6,3.0
5,24,9,2,1,2,1,1,0,0.0
5,24,29,1,1,3,0,10,0,3.0
5,24,29,1,2,3,0,3,0,0.0
5,24,29,2,4,12,3,0,7,0.0
5,24,9,1,1,1,1,0,0,0.0
5,24,29,2,3,7,8,0,1,2.0
5,24,29,2,3,4,0,1,1,0.0
5,24,29,2,1,2,0,0,2,0.0
5,24,21,2,3,4,0,0,0,0.0
5,24,29,1,1,1,0,1,0,0.0
5,24,29,1,1,1,0,1,0,0.0
5,24,29,1,2,5,1,4,0,0.0
5,24,29,2,2,4,0,2,0,0.0
5,24,29,1,1,1,0,0,1,0.0
5,24,29,2,1,4,4,0,0,0.0
5,24,24,2,3,6,2,1,2,0.0
5,24,29,2,3,8,7,0,1,0.0
5,24,29,2,3,4,1,1,2,0.0
5,24,29,1,1,3,3,0,0,0.0
5,24,29,2,2,3,2,0,0,0.0
5,24,29,2,1,6,5,2,1,3.0
5,24,29,2,3,4,1,0,3,0.0
5,24,29,2,2,2,0,0,1,0.0
5,24,29,2,3,8,8,0,0,0.0
5,24,29,2,4,31,9,3,12,1.0
5,24,29,1,1,1,0,0,0,0.0
5,24,29,2,4,9,0,2,1,1.0
5,24,29,1,1,2,0,1,0,0.0
5,24,29,2,3,4,1,0,3,0.0
5,24,29,1,1,2,1,0,1,0.0
5,24,29,2,3,13,6,5,2,0.0
5,24,29,1,1,1,0,1,0,0.0
5,24,29,2,1,3,0,1,2,0.0
5,24,29,1,1,5,3,0,2,0.0
5,24,29,1,1,1,0,0,0,0.0
5,24,9,1,1,1,0,1,0,0.0
5,24,29,2,3,11,0,4,0,1.0
5,24,29,1,1,1,0,0,1,0.0
5,24,29,1,1,1,0,1,0,0.0
5,24,29,1,3,3,0,0,2,0.0
5,24,29,2,3,13,0,0,14,4.0
5,24,29,2,3,7,6,0,1,0.0
5,24,29,2,3,5,0,0,5,0.0
5,24,29,1,1,1,1,0,0,0.0
5,24,29,1,1,2,2,0,0,0.0
5,24,29,1,2,6,1,5,1,1.0
5,24,29,1,2,3,0,0,3,0.0
5,24,29,2,1,2,1,1,0,0.0
5,24,29,1,2,4,2,0,2,0.0
5,24,29,1,1,2,0,2,0,0.0
5,24,29,1,1,1,0,0,1,0.0
5,24,29,1,1,1,1,0,0,0.0
5,24,29,1,1,1,1,0,0,0.0
5,24,29,2,2,10,1,0,0,1.0
5,24,29,2,2,5,1,3,1,0.0
5,24,29,2,2,6,4,2,0,0.0
5,24,29,2,1,7,1,3,2,1.0
5,24,29,1,1,1,1,0,0,0.0
5,24,9,2,2,2,2,0,0,0.0
5,24,29,2,2,6,1,5,0,0.0
5,24,29,1,1,3,3,0,0,0.0
5,24,29,1,2,3,0,0,3,0.0
5,24,29,1,1,1,0,0,0,0.0
5,24,29,2,2,6,0,6,0,0.0
5,24,29,1,1,1,0,0,1,0.0
5,24,29,1,2,2,0,2,1,1.0
5,24,10,1,1,1,0,2,0,1.0
5,24,29,2,3,3,3,0,0,0.0
5,24,29,1,1,1,0,1,0,0.0
5,24,29,1,2,5,0,1,3,0.0
5,24,29,2,2,3,0,0,2,0.0
5,24,29,1,1,1,0,1,0,0.0
5,24,29,1,1,1,0,0,4,1.0
5,24,29,2,4,25,9,4,5,3.0
5,24,29,1,1,3,0,3,0,0.0
5,24,29,1,2,3,0,0,4,1.0
5,24,29,2,2,4,0,1,3,0.0
5,24,29,2,5,14,6,0,3,1.0
5,24,29,1,1,1,0,0,0,0.0
5,24,29,2,2,3,0,4,0,1.0
5,24,29,1,1,1,1,0,0,0.0
5,24,29,2,3,6,0,0,3,0.0
5,24,29,1,1,2,2,0,0,0.0
5,24,46,2,4,4,1,0,3,0.0
5,24,29,2,1,7,0,7,0,0.0
5,24,29,2,4,7,4,0,1,0.0
5,24,29,2,2,2,0,2,0,0.0
5,24,29,1,2,4,4,0,0,0.0
5,24,29,1,1,1,1,0,0,0.0
5,24,29,1,2,5,0,5,0,0.0
5,24,29,1,3,7,5,1,0,0.0
5,24,29,2,1,13,9,1,6,3.0
5,24,29,2,3,4,0,1,0,1.0
5,24,29,2,4,20,1,0,7,0.0
5,24,29,2,5,21,3,8,9,2.0
5,24,29,2,3,8,0,5,4,1.0
5,24,29,1,1,1,0,0,1,0.0
5,24,29,2,1,5,1,0,1,0.0
5,24,29,2,1,3,2,1,0,0.0
5,24,29,2,4,20,3,1,0,0.0
5,24,29,1,1,1,0,1,0,0.0
5,24,29,2,1,2,0,2,0,0.0
5,24,29,2,1,6,0,0,0,1.0
5,24,29,1,2,7,1,5,1,0.0
5,24,29,1,1,1,0,1,0,0.0
5,24,29,2,3,3,2,0,1,0.0
5,24,29,2,3,7,5,0,2,0.0
5,24,12,2,1,3,1,0,1,0.0
5,24,9,1,1,1,0,0,1,0.0
5,24,29,2,1,11,3,3,5,0.0
5,24,29,1,2,5,0,5,0,0.0
5,24,29,2,1,5,5,0,0,0.0
5,24,9,2,4,13,4,1,8,0.0
5,24,29,1,1,1,1,0,0,0.0
5,24,9,1,1,1,1,0,0,0.0
5,24,29,1,1,3,3,0,0,0.0
5,24,46,1,1,2,2,0,0,0.0
5,24,46,1,1,1,0,0,1,0.0
5,24,29,2,3,9,0,8,0,0.0
5,24,29,2,2,3,3,0,0,0.0
5,24,29,2,1,2,0,0,0,0.0
5,24,9,1,1,1,1,0,0,0.0
5,24,29,2,3,15,2,1,13,1.0
5,24,29,2,2,7,3,6,1,2.0
5,24,29,2,2,7,5,0,3,1.0
5,24,29,1,2,2,2,0,1,1.0
5,24,29,1,1,1,0,0,0,0.0
5,24,29,1,1,2,2,0,0,0.0
5,24,44,1,1,1,1,0,0,0.0
5,24,29,2,1,3,2,0,0,0.0
5,24,29,2,2,4,0,4,0,0.0
5,24,46,2,3,15,2,15,4,3.0
5,24,29,1,1,1,0,1,0,0.0
5,25,29,1,1,1,0,0,1,0.0
5,25,29,2,1,4,2,2,0,0.0
5,25,29,1,2,7,2,4,0,1.0
5,25,9,1,1,1,1,0,0,0.0
5,25,29,2,2,2,2,0,1,1.0
5,25,29,2,2,4,2,1,0,0.0
5,25,29,1,1,1,1,0,0,0.0
5,25,21,2,5,14,3,1,3,0.0
5,25,29,1,1,1,0,1,0,0.0
5,25,29,2,3,7,5,2,0,0.0
5,25,29,2,5,13,2,2,2,0.0
5,25,29,2,1,6,6,0,0,1.0
5,25,29,1,1,2,1,1,0,0.0
5,25,9,1,1,1,0,1,0,0.0
5,25,9,2,3,6,1,2,3,0.0
5,25,29,2,1,7,5,1,0,0.0
5,25,29,2,1,15,2,0,0,3.0
5,25,29,1,1,2,1,0,0,0.0
5,25,12,2,3,17,7,5,3,1.0
5,25,29,1,1,2,1,1,0,0.0
5,25,29,2,3,50,27,19,3,12.0
5,25,29,2,2,13,0,17,0,3.0
5,25,29,2,4,15,0,2,9,2.0
5,25,9,2,2,7,3,2,2,0.0
5,25,29,1,1,2,1,1,0,0.0
5,25,29,2,1,2,2,0,0,0.0
5,25,29,1,2,2,0,0,2,0.0
5,25,29,1,1,1,0,1,0,0.0
5,25,29,2,1,2,2,0,0,0.0
5,25,29,2,1,3,3,0,0,0.0
5,25,29,1,2,4,0,4,0,0.0
5,25,29,2,3,3,1,2,0,0.0
5,25,29,2,1,2,1,1,0,0.0
5,25,29,1,3,5,4,0,1,0.0
5,25,29,1,2,5,1,0,3,0.0
5,25,29,2,2,2,2,1,0,1.0
5,25,29,2,3,10,4,0,5,0.0
5,25,29,2,4,15,1,3,6,0.0
5,25,29,2,3,19,3,12,5,1.0
5,25,29,2,4,24,7,0,12,4.0
5,25,29,2,4,22,5,0,13,2.0
5,25,29,2,3,13,0,0,14,1.0
5,25,29,2,5,7,0,1,3,0.0
5,25,29,2,4,15,4,0,6,2.0
5,25,29,1,2,3,0,3,1,1.0
5,25,29,1,1,1,1,0,0,0.0
5,25,29,1,2,4,2,4,0,2.0
5,25,29,1,1,1,0,0,1,0.0
5,25,29,1,1,1,0,0,1,0.0
5,25,29,1,1,4,4,0,0,0.0
5,25,29,1,1,1,1,0,0,0.0
5,25,29,1,2,4,0,4,0,0.0
5,25,29,1,1,1,0,0,1,0.0
5,25,29,1,2,4,2,2,0,0.0
5,25,29,2,2,5,3,2,0,0.0
5,25,29,2,3,5,0,3,3,1.0
5,25,29,1,1,2,0,2,0,0.0
5,25,29,2,3,10,1,5,4,1.0
5,25,29,2,2,4,2,0,0,0.0
5,25,29,2,1,4,4,0,0,0.0
5,25,29,1,3,3,0,0,4,1.0
5,25,29,2,5,25,0,14,2,1.0
5,25,29,2,2,22,2,19,2,3.0
5,25,29,2,4,8,0,0,4,0.0
5,25,29,1,1,1,0,1,0,0.0
5,25,29,2,3,12,5,3,3,0.0
5,25,29,1,2,2,1,0,1,0.0
5,25,29,2,1,8,5,0,4,1.0
5,25,29,2,3,8,6,0,2,0.0
5,25,29,1,1,1,0,0,1,0.0
5,25,29,2,4,16,0,1,9,1.0
5,25,29,2,1,3,0,3,0,0.0
5,25,29,1,1,2,2,0,0,0.0
5,25,29,2,1,24,3,17,0,7.0
5,25,29,1,1,4,0,4,0,0.0
5,25,29,1,1,1,1,0,0,0.0
5,25,29,2,1,4,5,0,0,1.0
5,25,29,1,1,2,0,2,0,0.0
5,25,29,1,1,1,0,0,1,0.0
5,25,29,2,2,9,7,0,0,2.0
5,25,29,2,2,7,5,1,0,0.0
5,25,29,2,3,8,3,5,0,0.0
5,25,29,2,2,4,4,0,0,0.0
5,25,44,1,2,3,0,0,1,0.0
5,25,29,1,1,2,0,2,0,0.0
5,25,29,2,2,5,0,3,1,0.0
5,25,29,2,4,11,1,0,3,1.0
5,25,29,1,1,4,5,0,0,1.0
5,25,29,1,1,1,0,0,1,0.0
5,25,29,2,1,2,1,0,0,0.0
5,25,29,2,1,5,1,0,2,1.0
5,25,29,1,1,1,0,1,0,0.0
5,25,29,2,2,4,3,0,1,0.0
5,25,29,1,1,1,0,0,1,0.0
5,25,29,2,2,3,0,3,0,0.0
5,25,29,2,1,3,0,0,3,0.0
5,25,29,1,1,1,1,0,0,0.0
5,25,29,2,4,12,0,3,3,0.0
5,25,29,2,3,3,0,0,3,0.0
5,25,29,1,2,2,2,0,0,0.0
5,25,29,2,1,3,1,1,0,0.0
5,25,29,1,1,3,1,1,2,1.0
5,25,29,2,3,5,3,0,1,0.0
5,25,29,1,1,1,0,0,1,0.0
5,25,29,2,3,15,2,8,1,0.0
5,25,29,2,3,8,3,0,2,0.0
5,25,29,1,1,1,0,2,0,1.0
5,25,29,1,1,2,0,0,2,0.0
5,25,29,1,1,2,2,0,0,0.0
5,25,29,1,1,1,0,0,0,0.0
5,25,29,1,2,5,2,3,0,0.0
5,25,29,2,1,2,0,0,0,0.0
5,25,29,1,2,4,0,4,0,1.0
5,25,9,1,1,1,0,1,0,0.0
5,25,9,2,3,6,1,1,5,1.0
5,25,34,2,2,19,13,10,2,6.0
5,25,29,1,2,12,6,3,3,2.0
5,25,29,1,1,1,1,0,0,0.0
5,25,29,1,1,1,0,1,0,0.0
5,25,46,2,2,9,0,8,0,0.0
5,25,46,1,1,1,0,0,1,0.0
5,25,29,1,1,1,0,0,1,0.0
5,25,29,2,3,6,5,0,0,0.0
5,25,29,1,1,1,0,1,0,0.0
5,25,29,2,1,3,0,3,0,0.0
5,25,29,2,5,44,3,10,15,2.0
5,25,29,1,1,1,0,0,0,0.0
5,25,29,1,1,1,0,1,0,0.0
5,25,29,1,2,2,0,2,0,0.0
5,25,29,2,3,7,2,0,0,2.0
5,25,9,1,1,1,0,1,0,0.0
5,25,29,2,3,11,1,8,1,0.0
5,25,9,1,2,7,4,1,2,0.0
5,25,29,2,2,4,1,0,2,0.0
5,25,9,1,2,8,5,2,2,1.0
5,25,46,1,1,1,0,0,1,0.0
5,25,46,1,1,1,1,0,0,0.0
5,25,46,1,1,5,3,1,1,0.0
5,25,46,1,1,1,0,0,1,0.0
5,25,9,1,1,1,0,1,0,0.0
5,25,29,1,2,3,2,1,0,0.0
5,25,29,2,1,4,1,0,3,0.0
5,25,29,1,1,1,0,1,0,0.0
5,25,9,2,2,3,5,0,1,1.0
5,25,29,1,1,1,0,1,0,0.0
5,25,29,2,2,7,1,6,0,0.0
5,25,46,1,2,2,0,2,0,0.0
5,25,9,1,1,1,0,0,1,0.0
5,25,9,2,1,3,2,1,0,0.0
5,25,29,2,2,7,0,6,1,2.0
5,25,29,1,3,7,2,3,2,0.0
5,25,29,2,3,12,2,0,7,0.0
5,25,29,2,4,14,0,0,0,1.0
5,25,29,1,1,3,2,0,0,0.0
5,25,29,2,4,6,4,0,0,0.0
5,25,29,2,3,24,9,7,7,3.0
5,25,9,1,1,1,1,0,0,0.0
5,25,9,1,1,6,7,0,0,1.0
5,25,29,1,1,1,0,0,0,0.0
5,25,29,1,1,1,1,0,0,0.0
5,25,29,2,2,3,3,0,0,0.0
5,25,29,2,1,3,1,0,0,0.0
5,25,29,2,5,13,0,0,3,0.0
5,25,29,2,4,35,6,2,13,2.0
5,25,29,2,2,2,1,0,0,0.0
5,25,29,1,1,1,0,1,0,0.0
5,25,29,1,2,4,1,0,3,0.0
5,25,46,2,2,6,1,7,0,2.0
5,25,29,1,2,4,0,0,4,0.0
5,25,29,1,1,1,1,0,0,0.0
5,26,29,1,1,1,0,0,0,0.0
5,26,29,1,1,4,3,0,0,0.0
5,26,29,2,3,5,0,0,5,0.0
5,26,9,1,1,1,0,0,1,0.0
5,26,38,1,2,5,6,0,1,2.0
5,26,9,1,1,1,0,0,1,0.0
5,26,29,1,2,2,0,0,2,1.0
5,26,42,2,4,20,11,8,6,5.0
5,26,9,1,1,1,0,1,0,0.0
5,26,9,2,3,5,3,2,0,0.0
5,26,29,2,5,14,3,0,3,0.0
5,26,29,2,1,3,0,4,0,1.0
5,26,29,2,2,9,4,4,1,0.0
5,26,29,2,1,8,2,0,0,0.0
5,26,29,1,1,3,3,0,0,0.0
5,26,29,1,1,1,0,2,0,1.0
5,26,9,1,1,5,5,0,0,0.0
5,26,42,2,2,5,3,0,2,0.0
5,26,29,1,1,1,0,1,0,0.0
5,26,29,2,3,15,7,6,7,4.0
5,26,29,1,2,3,0,1,2,0.0
5,26,29,2,2,8,1,6,0,0.0
5,26,29,1,1,1,1,0,0,0.0
5,26,29,1,2,2,0,2,0,0.0
5,26,29,2,2,3,1,0,0,0.0
5,26,29,1,1,1,0,1,0,0.0
5,26,29,1,2,2,0,2,0,0.0
5,26,29,2,2,3,0,0,1,1.0
5,26,24,2,1,2,0,2,0,0.0
5,26,29,1,1,1,0,1,0,0.0
5,26,29,1,1,3,3,0,0,1.0
5,26,29,2,4,10,2,0,1,0.0
5,26,9,2,1,4,0,3,2,1.0
5,26,29,1,1,2,0,2,0,0.0
5,26,29,2,1,2,0,1,0,0.0
5,26,29,1,1,1,0,0,1,0.0
5,26,9,2,1,4,2,1,1,0.0
5,26,9,2,3,12,5,5,3,1.0
5,26,29,1,1,1,0,1,0,0.0
5,26,29,1,2,2,0,0,0,0.0
5,26,29,2,4,15,3,2,5,0.0
5,26,29,2,3,5,0,1,2,1.0
5,26,29,1,1,4,0,1,4,1.0
5,26,29,1,1,1,0,0,1,0.0
5,26,29,1,2,2,0,2,0,0.0
5,26,29,2,4,13,1,3,9,0.0
5,26,29,2,3,3,0,0,1,0.0
5,26,29,1,1,2,2,0,0,0.0
5,26,29,2,3,10,1,1,0,0.0
5,26,29,2,1,2,0,1,1,0.0
5,26,29,2,2,3,3,1,0,1.0
5,26,29,1,1,1,1,0,0,0.0
5,26,29,2,5,14,4,2,3,0.0
5,26,29,1,1,1,1,0,0,0.0
5,26,29,2,3,5,6,0,0,3.0
5,26,29,2,2,10,0,14,0,2.0
5,26,29,1,1,1,0,0,1,0.0
5,26,29,1,2,3,2,1,0,0.0
5,26,29,1,3,3,2,0,0,0.0
5,26,29,1,2,2,0,0,0,0.0
5,26,29,1,1,1,0,1,0,0.0
5,26,29,1,1,1,1,0,0,0.0
5,26,29,1,2,2,0,1,0,0.0
5,26,29,1,1,1,1,0,0,0.0
5,26,29,1,2,6,0,6,0,0.0
5,26,29,2,3,3,0,0,3,0.0
5,26,29,2,4,18,1,0,17,1.0
5,26,29,1,1,1,0,1,0,0.0
5,26,29,1,1,1,0,0,1,0.0
5,26,29,2,1,2,2,0,0,0.0
5,26,29,2,3,10,1,1,4,0.0
5,26,29,1,1,1,0,1,0,0.0
5,26,29,2,1,2,0,2,0,0.0
5,26,29,2,2,6,3,1,0,0.0
5,26,29,2,3,5,0,0,0,0.0
5,26,29,1,1,2,0,0,0,1.0
5,26,29,2,2,3,0,3,0,0.0
5,26,29,1,1,1,1,0,0,0.0
5,26,29,2,2,16,0,17,0,1.0
5,26,29,1,2,9,0,10,0,1.0
5,26,29,1,1,1,1,0,0,0.0
5,26,29,2,1,9,0,6,2,1.0
5,26,29,2,3,3,2,0,0,0.0
5,26,29,2,2,4,1,1,8,1.0
5,26,29,2,4,15,2,2,7,0.0
5,26,29,1,1,1,1,0,0,0.0
5,26,29,2,4,7,3,0,2,0.0
5,26,29,2,3,5,0,0,6,1.0
5,26,29,2,3,5,3,0,2,0.0
5,26,29,2,2,2,0,0,0,0.0
5,26,29,2,1,2,0,0,0,0.0
5,26,29,1,2,2,0,2,0,0.0
5,26,29,1,1,1,0,1,0,0.0
5,26,29,1,1,3,0,4,0,1.0
5,26,29,1,1,6,6,0,0,0.0
5,26,29,2,3,5,1,0,4,0.0
5,26,29,1,2,2,0,3,0,1.0
5,26,29,2,2,3,0,0,1,0.0
5,26,29,2,1,2,3,0,0,1.0
5,26,29,1,1,4,4,0,0,0.0
5,26,29,2,2,5,0,5,0,0.0
5,26,29,2,2,5,1,1,3,0.0
5,26,29,2,3,8,2,1,2,0.0
5,26,29,1,1,1,0,0,1,0.0
5,26,29,2,1,2,0,0,2,0.0
5,26,29,2,1,2,1,0,0,0.0
5,26,29,1,1,1,0,1,0,0.0
5,26,29,1,1,1,0,4,0,1.0
5,26,29,2,2,11,2,0,9,0.0
5,26,46,2,1,7,0,4,3,1.0
5,26,29,1,1,4,0,1,2,1.0
5,26,29,1,1,2,3,0,0,1.0
5,26,29,1,1,1,1,0,0,0.0
5,26,29,1,1,1,0,1,0,0.0
5,26,29,1,1,5,0,5,0,0.0
5,26,29,2,1,4,0,4,0,0.0
5,26,29,2,4,15,4,0,0,0.0
5,26,29,2,4,14,4,0,3,0.0
5,26,29,1,1,1,1,0,0,0.0
5,26,29,1,1,5,5,0,0,0.0
5,26,29,2,1,8,4,0,2,0.0
5,26,29,1,2,4,0,0,3,0.0
5,26,29,1,1,1,0,1,0,0.0
5,26,29,2,3,4,0,1,2,0.0
5,26,29,1,2,2,1,0,0,0.0
5,26,29,1,1,1,0,0,1,0.0
5,26,29,1,2,5,0,5,0,0.0
5,26,29,2,1,3,0,1,2,0.0
5,26,29,2,1,3,1,2,0,0.0
5,26,29,1,1,2,0,0,1,0.0
5,26,29,1,1,3,1,0,2,0.0
5,26,29,2,2,2,1,0,0,0.0
5,26,29,2,2,7,1,1,0,0.0
5,26,29,2,2,2,0,0,0,0.0
5,26,44,1,3,3,3,0,0,0.0
5,26,29,1,1,1,0,0,0,0.0
5,26,29,1,2,3,0,3,0,0.0
5,26,29,1,2,5,1,0,2,0.0
5,26,29,2,2,11,0,11,1,1.0
5,26,29,1,1,1,0,0,1,0.0
5,26,29,2,2,4,0,0,1,0.0
5,26,25,2,1,3,0,3,0,0.0
5,26,9,1,1,2,0,2,0,0.0
5,26,29,1,2,3,2,0,1,0.0
5,26,46,1,1,1,0,0,1,0.0
5,26,46,1,1,1,0,0,1,0.0
5,26,46,1,1,1,1,0,0,0.0
5,26,46,1,1,1,0,0,1,0.0
5,26,46,1,1,1,1,0,0,0.0
5,26,9,1,1,1,0,0,1,0.0
5,26,29,2,3,7,3,3,1,0.0
5,26,19,2,3,6,0,0,3,0.0
5,26,29,1,1,1,0,0,0,0.0
5,26,29,2,3,4,1,0,2,1.0
5,26,29,1,1,1,0,0,0,0.0
5,26,29,1,1,1,1,0,0,0.0
5,26,9,2,2,2,0,0,3,1.0
5,26,29,2,2,3,0,3,0,0.0
5,26,9,1,1,1,1,0,0,0.0
5,26,9,2,4,30,12,11,8,1.0
5,26,9,1,2,11,11,0,0,0.0
5,26,29,1,1,1,0,1,0,0.0
5,26,29,1,1,1,0,0,0,0.0
5,26,46,1,1,2,2,0,0,0.0
5,26,29,2,1,2,2,0,1,1.0
5,26,29,2,4,9,2,3,0,0.0
5,26,29,1,3,6,0,0,3,0.0
5,26,29,2,4,27,6,18,6,4.0
5,26,29,1,1,1,0,0,0,0.0
5,26,29,1,2,2,0,2,0,0.0
5,26,29,1,1,1,1,0,0,0.0
5,26,44,1,1,1,2,0,0,1.0
5,26,9,1,1,2,1,0,2,1.0
5,26,9,1,2,2,0,2,1,1.0
5,26,9,2,2,5,6,0,0,1.0
5,26,9,2,4,10,9,0,1,0.0
5,26,9,1,1,1,0,0,1,0.0
5,26,29,2,2,8,2,1,4,0.0
5,26,9,1,1,1,0,0,1,0.0
5,26,29,2,3,7,1,0,6,1.0
5,26,29,2,1,2,2,0,0,0.0
5,27,29,1,1,1,0,1,0,0.0
5,27,29,2,3,3,0,1,2,0.0
5,27,29,1,2,5,0,0,4,0.0
5,27,29,1,2,3,3,0,0,0.0
5,27,29,2,4,14,6,0,3,0.0
5,27,29,1,1,1,0,0,1,0.0
5,27,9,1,1,1,0,0,1,0.0
5,27,29,2,3,12,0,7,0,0.0
5,27,29,2,4,4,0,2,1,1.0
5,27,29,2,2,5,2,4,0,1.0
5,27,29,2,1,3,0,2,0,0.0
5,27,9,1,2,3,0,2,1,0.0
5,27,9,2,3,40,16,10,15,1.0
5,27,29,2,1,3,3,1,0,1.0
5,27,9,1,1,1,0,1,0,0.0
5,27,29,2,2,5,1,2,1,0.0
5,27,9,1,1,2,2,0,0,0.0
5,27,9,1,1,1,0,0,1,0.0
5,27,29,1,1,1,1,0,0,0.0
5,27,29,2,3,4,2,0,2,0.0
5,27,9,1,2,2,2,0,0,0.0
5,27,9,2,2,3,0,1,2,0.0
5,27,9,2,3,8,0,6,2,0.0
5,27,29,1,2,3,1,1,1,0.0
5,27,42,2,2,6,4,0,2,0.0
5,27,29,2,2,2,1,1,0,0.0
5,27,24,2,2,4,3,0,0,0.0
5,27,29,1,2,2,0,0,2,0.0
5,27,29,1,1,3,0,0,0,0.0
5,27,29,2,2,2,0,0,3,1.0
5,27,29,2,2,5,1,2,1,1.0
5,27,29,1,1,1,0,1,0,0.0
5,27,29,1,1,3,0,3,0,0.0
5,27,29,1,1,2,0,2,0,0.0
5,27,29,2,5,15,6,0,5,0.0
5,27,29,2,3,17,5,6,5,0.0
5,27,29,2,2,5,0,4,1,0.0
5,27,29,2,2,7,4,2,2,1.0
5,27,29,2,3,27,13,7,8,2.0
5,27,24,1,1,1,0,0,1,0.0
5,27,29,1,1,2,0,2,0,0.0
5,27,29,2,3,9,0,6,0,0.0
5,27,29,2,3,21,17,4,0,0.0
5,27,24,1,1,4,2,2,0,0.0
5,27,29,2,3,5,0,1,2,0.0
5,27,29,1,1,2,0,2,0,0.0
5,27,29,1,1,1,1,0,0,0.0
5,27,29,1,1,1,0,0,1,0.0
5,27,29,2,3,4,4,0,0,0.0
5,27,29,1,4,4,0,0,3,0.0
5,27,29,2,3,9,3,1,4,0.0
5,27,29,2,1,4,4,0,0,0.0
5,27,29,2,2,3,2,0,0,0.0
5,27,29,2,1,2,0,2,0,0.0
5,27,29,1,2,7,7,0,0,0.0
5,27,29,2,2,5,0,4,0,0.0
5,27,29,2,2,2,0,0,0,1.0
5,27,9,2,2,7,6,0,1,0.0
5,27,29,1,1,1,0,1,0,0.0
5,27,29,2,4,10,4,0,3,0.0
5,27,29,2,3,6,3,0,3,0.0
5,27,29,1,3,9,4,0,5,0.0
5,27,29,2,3,13,5,1,0,0.0
5,27,29,1,1,2,0,2,0,0.0
5,27,29,2,3,13,0,1,4,0.0
5,27,29,1,2,3,0,3,0,0.0
5,27,29,2,4,15,0,0,4,3.0
5,27,29,1,1,1,0,0,0,0.0
5,27,29,1,1,5,5,0,0,0.0
5,27,29,1,2,2,0,0,0,0.0
5,27,29,2,4,8,0,0,3,0.0
5,27,24,2,1,6,4,0,1,0.0
5,27,29,2,2,4,3,0,0,1.0
5,27,29,1,1,1,0,1,0,0.0
5,27,29,2,2,2,0,1,0,0.0
5,27,29,1,1,1,1,0,0,0.0
5,27,29,1,5,11,2,0,6,1.0
5,27,29,2,4,7,0,0,7,3.0
5,27,29,2,2,3,0,2,0,0.0
5,27,29,1,1,5,4,0,1,0.0
5,27,29,1,3,3,1,1,1,0.0
5,27,29,1,1,4,0,0,3,0.0
5,27,29,2,2,6,6,0,0,0.0
5,27,29,2,3,6,2,3,0,2.0
5,27,29,2,4,13,2,0,5,0.0
5,27,29,1,1,1,1,0,0,0.0
5,27,29,2,3,6,1,0,4,0.0
5,27,29,1,1,1,0,1,0,0.0
5,27,29,2,2,10,0,11,0,1.0
5,27,29,2,1,3,4,0,0,1.0
5,27,29,2,3,5,0,4,0,0.0
5,27,29,2,1,11,7,1,0,0.0
5,27,29,1,2,2,0,1,1,0.0
5,27,29,1,2,2,0,0,2,0.0
5,27,29,2,1,7,0,0,0,0.0
5,27,29,1,1,1,1,0,0,0.0
5,27,29,2,2,4,0,0,4,0.0
5,27,29,2,3,9,3,2,2,0.0
5,27,29,1,1,1,0,0,1,0.0
5,27,29,1,1,1,0,0,0,0.0
5,27,29,2,2,2,1,0,0,0.0
5,27,29,1,2,2,2,0,0,0.0
5,27,29,2,2,4,3,0,1,0.0
5,27,29,1,1,1,0,1,0,0.0
5,27,29,2,3,7,2,0,5,0.0
5,27,29,1,2,4,0,0,4,0.0
5,27,29,1,1,3,3,0,0,0.0
5,27,29,1,1,1,0,0,1,0.0
5,27,29,1,1,1,0,1,0,0.0
5,27,29,1,1,1,0,1,0,0.0
5,27,29,1,2,6,0,4,1,0.0
5,27,29,1,1,1,0,1,0,0.0
5,27,29,1,2,3,0,3,0,0.0
5,27,29,2,2,3,1,2,0,0.0
5,27,29,1,1,1,1,0,0,0.0
5,27,29,1,1,1,0,0,1,0.0
5,27,29,1,1,1,0,0,0,0.0
5,27,29,2,2,6,3,1,1,1.0
5,27,29,1,1,1,0,1,0,0.0
5,27,29,2,1,3,3,0,0,0.0
5,27,29,2,4,10,1,4,4,1.0
5,27,29,2,1,2,0,1,1,0.0
5,27,28,1,1,1,0,0,1,0.0
5,27,29,2,3,4,1,0,1,0.0
5,27,29,2,4,10,0,3,2,1.0
5,27,29,2,2,2,0,0,1,0.0
5,27,29,2,2,2,0,0,2,0.0
5,27,29,2,2,2,0,0,1,0.0
5,27,29,1,1,1,1,0,0,0.0
5,27,29,2,3,12,0,8,4,0.0
5,27,29,2,3,9,0,0,0,1.0
5,27,29,1,1,1,0,0,1,0.0
5,27,29,1,3,4,4,0,0,1.0
5,27,29,2,1,4,4,0,0,0.0
5,27,29,1,2,8,0,7,0,0.0
5,27,29,1,2,3,2,0,0,0.0
5,27,29,1,1,2,0,0,2,0.0
5,27,46,2,2,11,0,10,0,1.0
5,27,29,1,1,2,0,0,1,0.0
5,27,29,1,1,1,0,0,0,0.0
5,27,34,1,1,1,0,1,0,0.0
5,27,29,2,3,4,4,0,0,0.0
5,27,29,2,3,14,1,3,5,2.0
5,27,29,1,1,3,2,0,0,0.0
5,27,29,1,1,1,1,0,0,0.0
5,27,29,2,2,5,1,4,0,1.0
5,27,29,2,2,4,0,0,2,1.0
5,27,9,2,4,13,5,3,5,0.0
5,27,29,1,1,1,0,1,0,0.0
5,27,29,1,2,3,0,1,0,0.0
5,27,29,2,3,9,5,1,2,1.0
5,27,29,2,3,16,0,2,9,0.0
5,27,29,2,5,54,17,6,0,4.0
5,27,29,2,2,3,0,0,1,1.0
5,27,29,1,1,3,2,1,0,0.0
5,27,29,1,2,2,0,2,0,0.0
5,27,29,2,4,13,1,0,9,3.0
5,27,29,1,1,1,0,1,0,0.0
5,27,9,2,1,4,2,0,2,0.0
5,27,29,2,3,8,3,2,0,2.0
5,27,29,1,1,1,0,1,0,0.0
5,27,9,2,1,2,2,0,0,0.0
5,27,9,1,2,4,2,2,0,0.0
5,27,29,1,1,1,0,0,0,0.0
5,27,9,1,1,3,3,1,0,1.0
5,27,29,2,5,16,0,0,0,2.0
5,27,29,1,1,1,0,1,0,0.0
5,27,46,1,2,6,0,0,2,0.0
5,27,29,1,1,1,0,0,1,0.0
5,27,9,2,3,8,6,1,1,0.0
5,27,29,1,1,2,0,1,1,0.0
5,27,29,1,3,3,1,0,1,0.0
5,27,29,2,4,29,14,1,8,2.0
5,27,29,2,1,3,0,3,0,0.0
5,27,29,2,2,4,1,3,0,0.0
5,27,9,1,1,1,0,0,1,0.0
5,28,29,2,3,5,3,0,0,0.0
5,28,29,2,1,11,2,6,3,0.0
5,28,9,1,1,1,0,0,1,0.0
5,28,9,1,1,1,1,0,0,0.0
5,28,29,1,2,2,0,0,1,0.0
5,28,29,2,2,4,4,0,0,0.0
5,28,29,2,3,14,5,4,1,1.0
5,28,29,1,1,1,1,0,0,0.0
5,28,9,1,1,2,2,0,0,0.0
5,28,9,1,1,1,0,0,1,0.0
5,28,29,2,3,4,6,2,0,2.0
5,28,29,1,1,1,1,0,0,0.0
5,28,29,1,2,4,0,5,0,1.0
5,28,29,1,1,1,1,0,0,0.0
5,28,24,2,3,9,2,0,7,1.0
5,28,29,2,4,10,0,3,2,1.0
5,28,29,1,1,1,0,0,1,0.0
5,28,29,1,2,2,1,0,0,0.0
5,28,29,2,4,12,0,0,6,5.0
5,28,29,2,2,5,1,3,0,0.0
5,28,29,2,2,5,0,4,2,1.0
5,28,9,1,3,5,3,0,4,2.0
5,28,9,1,1,2,0,1,2,1.0
5,28,29,1,2,3,0,4,0,1.0
5,28,9,2,2,13,14,0,3,4.0
5,28,29,1,1,1,0,0,0,0.0
5,28,29,2,3,9,0,5,0,0.0
5,28,29,1,1,3,2,0,0,0.0
5,28,29,2,3,12,6,0,3,1.0
5,28,29,1,2,5,0,3,2,0.0
5,28,29,1,1,1,0,0,1,0.0
5,28,29,1,1,1,1,0,0,0.0
5,28,29,2,1,6,2,4,0,0.0
5,28,29,2,3,4,0,0,1,0.0
5,28,9,2,3,6,5,0,1,0.0
5,28,29,2,3,5,1,3,1,0.0
5,28,29,2,2,3,0,2,0,0.0
5,28,29,2,2,7,0,0,0,0.0
5,28,29,2,4,8,1,4,3,0.0
5,28,29,2,3,7,0,3,5,1.0
5,28,29,1,2,10,0,12,0,2.0
5,28,29,1,2,2,0,2,0,0.0
5,28,29,1,1,3,4,0,0,1.0
5,28,29,2,3,9,4,5,0,0.0
5,28,29,1,2,4,3,1,0,0.0
5,28,29,2,2,16,0,16,0,0.0
5,28,29,2,3,11,5,5,1,0.0
5,28,29,2,1,3,0,1,3,1.0
5,28,29,1,2,2,0,0,2,0.0
5,28,29,1,1,1,0,1,0,0.0
5,28,29,2,3,19,2,3,9,0.0
5,28,29,1,1,5,0,5,0,0.0
5,28,29,2,5,36,11,1,16,7.0
5,28,29,2,2,4,0,0,5,1.0
5,28,29,2,2,6,2,0,4,0.0
5,28,29,1,1,1,0,0,0,0.0
5,28,29,2,2,11,1,18,0,8.0
5,28,29,2,3,10,5,3,1,0.0
5,28,29,1,1,1,0,0,1,0.0
5,28,29,2,2,2,1,0,0,0.0
5,28,29,1,1,3,0,3,0,0.0
5,28,29,1,1,1,0,0,1,0.0
5,28,29,1,1,5,0,1,4,0.0
5,28,29,2,2,3,2,0,0,0.0
5,28,29,1,2,2,1,1,0,0.0
5,28,29,1,1,1,0,1,0,0.0
5,28,29,2,4,13,0,0,8,1.0
5,28,9,2,2,5,2,2,1,0.0
5,28,29,1,3,8,1,0,6,0.0
5,28,29,2,3,9,0,0,0,1.0
5,28,29,2,3,39,11,5,27,3.0
5,28,29,1,1,1,0,0,0,0.0
5,28,29,2,2,5,2,3,0,0.0
5,28,29,2,4,8,0,2,6,0.0
5,28,29,1,1,1,1,0,0,0.0
5,28,29,2,5,16,2,1,6,0.0
5,28,29,2,2,6,9,0,0,1.0
5,28,29,2,5,14,0,0,0,0.0
5,28,29,2,2,9,7,0,0,0.0
5,28,29,1,1,1,1,0,0,0.0
5,28,29,2,1,4,0,0,3,0.0
5,28,29,2,3,7,3,2,0,0.0
5,28,29,1,1,2,0,0,2,0.0
5,28,29,1,1,2,0,2,0,0.0
5,28,29,1,1,1,0,1,0,0.0
5,28,29,2,3,6,1,2,0,0.0
5,28,29,1,4,8,0,0,9,1.0
5,28,29,2,2,5,2,2,0,0.0
5,28,29,2,5,22,9,6,7,9.0
5,28,29,2,2,5,1,2,1,0.0
5,28,29,2,2,3,0,0,0,0.0
5,28,29,2,3,9,4,1,2,0.0
5,28,29,1,1,1,0,0,0,1.0
5,28,29,1,1,2,0,0,1,0.0
5,28,29,2,1,3,0,3,0,0.0
5,28,29,2,2,13,4,4,5,0.0
5,28,29,1,1,5,5,0,0,0.0
5,28,29,1,1,3,0,0,3,0.0
5,28,29,2,1,2,0,0,2,0.0
5,28,29,2,4,8,1,3,0,0.0
5,28,29,2,2,6,5,1,0,1.0
5,28,29,2,2,5,0,5,0,0.0
5,28,29,2,2,6,0,6,0,0.0
5,28,29,1,1,3,3,0,0,0.0
5,28,29,1,3,4,2,1,1,0.0
5,28,29,1,1,1,1,0,0,0.0
5,28,29,2,3,3,1,1,1,0.0
5,28,29,1,1,1,0,0,1,0.0
5,28,29,2,2,2,2,0,0,1.0
5,28,29,2,4,8,0,3,0,2.0
5,28,29,1,2,3,0,3,0,0.0
5,28,29,2,1,3,1,0,1,0.0
5,28,24,2,3,14,2,1,10,0.0
5,28,29,1,1,1,0,1,0,0.0
5,28,29,1,1,2,0,2,0,0.0
5,28,29,1,2,2,0,2,0,0.0
5,28,29,2,3,10,4,0,0,1.0
5,28,29,1,1,1,1,0,0,0.0
5,28,29,2,3,19,9,1,2,3.0
5,28,29,1,1,1,0,0,0,0.0
5,28,29,2,4,15,3,2,4,1.0
5,28,29,1,1,2,0,2,0,0.0
5,28,29,2,2,12,3,8,0,0.0
5,28,29,2,2,6,0,0,5,0.0
5,28,9,1,2,3,3,0,0,0.0
5,28,29,1,1,1,0,1,0,0.0
5,28,29,1,1,1,1,0,0,0.0
5,28,29,1,1,1,1,0,0,0.0
5,28,29,1,1,1,0,1,0,0.0
5,28,29,1,3,6,0,2,4,0.0
5,28,29,2,1,2,0,2,0,0.0
5,28,29,2,3,6,0,2,4,0.0
5,28,29,1,3,3,0,0,3,0.0
5,28,29,1,1,1,0,0,0,0.0
5,28,29,2,2,4,0,4,0,0.0
5,28,29,1,2,2,2,0,0,0.0
5,28,29,1,1,4,0,4,0,0.0
5,28,29,2,4,11,4,1,3,0.0
5,28,29,1,1,1,1,0,0,0.0
5,28,34,2,2,3,0,1,1,0.0
5,28,29,1,2,2,1,1,0,0.0
5,28,24,1,1,1,0,0,1,0.0
5,28,16,2,2,6,4,0,2,0.0
5,28,29,2,2,3,0,0,0,0.0
5,28,29,1,1,1,0,2,0,1.0
5,28,29,2,1,3,0,3,0,0.0
5,28,29,1,2,2,0,2,0,0.0
5,28,9,1,1,1,0,1,0,0.0
5,28,46,2,1,5,2,2,1,0.0
5,28,9,1,2,3,2,1,0,0.0
5,28,29,2,2,2,2,0,0,0.0
5,28,9,1,1,1,0,1,0,0.0
5,28,29,2,3,9,5,0,2,0.0
5,28,29,1,1,2,0,2,0,0.0
5,28,9,1,1,1,1,0,0,0.0
5,28,29,2,1,2,1,0,0,0.0
5,28,29,1,3,7,0,3,2,0.0
5,28,46,2,2,2,0,1,0,0.0
5,28,9,1,1,2,0,2,0,0.0
5,28,29,2,2,3,2,0,1,0.0
5,28,29,1,2,2,0,2,0,0.0
5,28,29,1,2,2,0,1,1,0.0
5,28,44,1,1,1,0,0,0,0.0
5,28,9,1,3,3,1,0,2,0.0
5,28,9,2,4,20,17,0,15,4.0
5,28,9,2,1,2,1,1,0,0.0
5,28,29,1,3,8,4,2,2,0.0
5,28,29,2,2,5,0,5,0,0.0
5,28,29,2,2,2,0,1,1,0.0
5,28,29,2,3,11,2,6,2,0.0
5,28,29,2,2,9,0,9,0,2.0
5,28,29,1,1,2,0,0,2,0.0
5,28,28,1,1,1,0,0,0,0.0
5,28,29,1,1,1,0,1,0,0.0
5,28,29,2,2,4,2,0,1,0.0
5,28,44,1,1,3,0,3,0,0.0
5,28,29,2,3,15,4,3,2,0.0
5,28,29,1,1,1,1,0,0,0.0
5,29,21,2,5,11,0,0,4,0.0
5,29,29,2,2,7,4,0,3,0.0
5,29,29,2,3,6,0,0,0,0.0
5,29,29,2,3,5,2,0,5,2.0
5,29,24,2,3,5,3,0,1,0.0
5,29,9,2,3,14,29,0,1,11.0
5,29,29,2,2,10,0,11,0,1.0
5,29,29,1,1,3,0,1,2,0.0
5,29,9,2,1,3,0,3,0,0.0
5,29,31,2,3,21,0,19,3,2.0
5,29,16,1,2,2,1,0,0,0.0
5,29,29,1,1,2,2,0,0,0.0
5,29,16,2,1,5,0,5,0,0.0
5,29,29,2,3,6,2,2,0,1.0
5,29,29,2,1,3,3,0,0,0.0
5,29,29,2,3,5,1,2,1,0.0
5,29,29,1,2,3,2,1,0,0.0
5,29,9,1,1,1,1,0,0,0.0
5,29,29,1,1,1,0,0,1,0.0
5,29,9,2,3,8,0,2,6,0.0
5,29,29,1,1,2,2,0,0,0.0
5,29,29,2,1,6,0,3,3,0.0
5,29,29,2,3,7,0,1,4,1.0
5,29,29,2,4,12,3,1,0,0.0
5,29,9,1,2,4,2,2,0,0.0
5,29,9,2,2,6,5,1,0,0.0
5,29,29,2,1,3,2,0,1,0.0
5,29,42,2,2,8,6,1,5,3.0
5,29,29,1,1,2,0,0,1,0.0
5,29,29,1,1,2,0,1,1,0.0
5,29,29,1,1,2,2,0,0,0.0
5,29,29,1,2,3,1,0,2,0.0
5,29,24,1,1,1,1,0,0,0.0
5,29,29,2,1,12,4,3,6,1.0
5,29,29,1,2,2,0,2,0,0.0
5,29,29,2,3,4,0,0,1,0.0
5,29,29,1,1,2,0,2,0,0.0
5,29,29,1,1,1,1,0,0,0.0
5,29,29,2,2,30,0,30,0,0.0
5,29,29,1,2,2,0,1,1,0.0
5,29,29,1,1,2,0,0,2,0.0
5,29,29,1,2,4,1,3,0,0.0
5,29,29,2,3,27,12,8,14,5.0
5,29,29,2,1,3,2,1,0,0.0
5,29,29,2,2,10,0,5,5,0.0
5,29,29,1,1,1,1,0,0,0.0
5,29,41,2,3,6,3,0,0,0.0
5,29,41,1,1,1,1,0,0,0.0
5,29,29,2,2,6,0,2,0,0.0
5,29,29,2,2,11,3,8,0,0.0
5,29,29,2,3,4,3,0,1,0.0
5,29,29,1,1,1,0,0,0,0.0
5,29,29,2,3,28,2,12,3,0.0
5,29,29,1,1,1,0,1,0,0.0
5,29,29,2,3,3,2,0,1,0.0
5,29,29,1,1,1,0,1,0,0.0
5,29,29,1,2,4,0,4,0,0.0
5,29,29,2,5,16,0,5,3,1.0
5,29,29,1,1,1,0,1,0,0.0
5,29,29,1,3,6,0,5,1,0.0
5,29,29,1,1,1,0,0,1,0.0
5,29,29,1,1,3,1,2,0,0.0
5,29,29,1,2,7,3,4,0,0.0
5,29,29,1,2,2,2,0,0,0.0
5,29,29,2,3,14,0,0,1,0.0
5,29,29,1,1,1,0,0,0,0.0
5,29,29,1,2,3,0,0,0,0.0
5,29,29,2,3,5,1,0,0,0.0
5,29,29,1,1,1,0,0,1,0.0
5,29,29,1,1,1,0,0,1,0.0
5,29,29,1,1,1,1,0,0,0.0
5,29,29,1,1,1,0,1,0,0.0
5,29,29,1,2,9,5,0,1,1.0
5,29,29,2,2,3,1,2,0,0.0
5,29,29,1,2,2,1,1,0,0.0
5,29,29,2,3,11,9,3,1,1.0
5,29,9,2,1,6,7,0,0,1.0
5,29,29,1,1,3,0,1,1,0.0
5,29,29,1,1,1,1,0,0,0.0
5,29,29,1,1,7,4,0,0,1.0
5,29,29,1,1,1,0,0,1,0.0
5,29,29,2,4,11,4,8,0,3.0
5,29,29,1,1,1,0,0,0,0.0
5,29,29,1,2,2,2,0,0,0.0
5,29,29,2,1,2,0,0,2,1.0
5,29,29,2,4,13,3,5,3,1.0
5,29,29,1,1,3,0,1,2,0.0
5,29,29,1,1,1,0,0,1,0.0
5,29,9,2,2,6,4,1,1,0.0
5,29,29,2,2,2,0,1,0,0.0
5,29,29,1,3,3,3,0,0,0.0
5,29,29,1,2,6,5,0,0,0.0
5,29,29,2,3,7,4,0,3,0.0
5,29,29,2,2,3,0,1,2,0.0
5,29,29,2,5,24,4,0,8,3.0
5,29,29,1,1,1,0,0,0,0.0
5,29,29,1,1,1,0,0,0,1.0
5,29,29,1,1,2,1,0,0,0.0
5,29,29,1,2,6,0,2,3,0.0
5,29,9,1,2,3,0,0,3,0.0
5,29,29,1,1,4,8,0,0,2.0
5,29,29,1,2,4,6,0,1,1.0
5,29,29,2,4,10,2,1,3,0.0
5,29,29,2,3,5,0,1,0,0.0
5,29,29,1,1,1,0,0,1,0.0
5,29,29,1,2,2,0,0,1,0.0
5,29,29,2,2,5,5,0,0,1.0
5,29,29,2,4,8,0,0,4,0.0
5,29,29,2,3,9,3,2,2,1.0
5,29,29,2,3,7,1,3,3,0.0
5,29,29,2,3,5,0,0,5,0.0
5,29,29,1,1,1,0,1,0,0.0
5,29,29,1,1,1,0,1,0,0.0
5,29,29,1,2,2,0,2,0,0.0
5,29,29,2,1,6,3,1,3,1.0
5,29,29,2,1,5,0,0,5,0.0
5,29,29,2,1,2,1,0,1,0.0
5,29,29,2,2,3,0,1,1,0.0
5,29,29,1,1,1,0,1,0,0.0
5,29,29,2,4,32,20,8,4,4.0
5,29,29,1,1,1,0,1,0,0.0
5,29,29,2,2,5,0,5,0,0.0
5,29,29,2,3,5,1,0,5,1.0
5,29,29,2,3,6,1,0,2,0.0
5,29,9,1,1,1,0,1,0,0.0
5,29,31,2,4,55,6,31,14,6.0
5,29,29,2,3,7,7,0,0,0.0
5,29,29,2,5,30,16,0,3,2.0
5,29,29,1,2,2,0,2,0,0.0
5,29,29,2,3,6,6,0,0,0.0
5,29,29,1,1,1,0,0,0,0.0
5,29,29,2,5,23,4,7,4,0.0
5,29,29,1,2,3,2,1,0,0.0
5,29,29,1,1,7,3,1,3,0.0
5,29,29,2,3,4,0,1,0,0.0
5,29,29,1,1,1,0,0,1,0.0
5,29,29,2,2,4,0,4,0,0.0
5,29,29,1,2,9,4,0,3,0.0
5,29,29,2,2,4,0,1,3,0.0
5,29,29,2,1,10,4,0,4,1.0
5,29,29,1,1,4,4,0,0,0.0
5,29,9,2,1,3,2,0,1,0.0
5,29,9,2,3,9,7,0,2,0.0
5,29,29,1,2,2,1,0,1,0.0
5,29,9,2,3,7,6,2,0,1.0
5,29,44,1,1,1,0,0,0,0.0
5,29,46,1,1,1,1,0,0,0.0
5,29,46,1,1,1,0,0,1,0.0
5,29,46,1,1,1,1,0,0,0.0
5,29,46,2,1,3,1,1,1,0.0
5,29,46,2,1,3,2,0,0,0.0
5,29,29,2,3,11,7,0,4,0.0
5,29,29,1,1,1,0,0,0,0.0
5,29,29,1,2,11,6,0,5,0.0
5,29,29,2,1,2,0,2,0,0.0
5,29,29,1,2,9,0,9,0,0.0
5,29,29,1,2,2,1,1,0,0.0
5,29,29,1,1,1,1,0,0,0.0
5,29,29,2,4,8,0,5,0,0.0
5,29,46,1,1,1,0,0,1,0.0
5,29,29,2,4,13,0,6,1,1.0
5,29,9,1,1,2,1,1,0,0.0
5,29,29,2,1,2,1,0,1,0.0
5,29,29,2,5,22,0,7,5,3.0
5,29,29,1,1,1,0,1,0,0.0
5,29,9,2,3,16,27,0,4,7.0
5,29,9,1,1,2,2,0,0,0.0
5,29,29,2,2,3,0,0,3,0.0
5,29,9,2,1,5,0,3,2,0.0
5,29,29,2,3,5,1,1,1,0.0
5,29,29,2,4,31,8,5,6,3.0
5,29,29,1,1,6,0,3,4,1.0
5,29,29,2,2,4,0,3,1,0.0
5,29,29,2,3,9,1,2,0,0.0
5,29,28,1,2,6,2,4,0,0.0
5,29,9,2,2,3,0,3,0,0.0
5,29,9,2,3,8,3,2,3,0.0
5,29,9,2,2,10,12,0,0,2.0
5,29,29,1,1,1,0,0,0,0.0
5,29,29,2,3,14,14,3,4,4.0
5,29,29,1,1,1,1,0,0,0.0
5,30,21,1,2,2,0,0,1,1.0
5,30,29,2,4,11,8,0,0,1.0
5,30,29,2,2,7,2,1,6,2.0
5,30,29,2,2,14,4,10,0,0.0
5,30,29,2,2,4,0,2,1,0.0
5,30,39,1,1,4,3,0,1,0.0
5,30,32,2,3,4,2,0,0,0.0
5,30,29,1,1,1,1,0,0,0.0
5,30,29,1,1,1,0,1,0,0.0
5,30,41,2,3,7,1,2,4,0.0
5,30,29,2,3,9,2,0,7,1.0
5,30,24,2,2,3,0,1,1,0.0
5,30,29,1,2,2,2,0,0,0.0
5,30,29,1,1,1,1,0,0,0.0
5,30,29,1,1,1,1,0,0,0.0
5,30,29,1,1,3,0,1,0,0.0
5,30,29,2,2,3,3,0,0,0.0
5,30,29,2,3,3,2,0,1,0.0
5,30,9,1,1,5,5,0,0,0.0
5,30,29,2,3,10,0,3,6,0.0
5,30,29,1,1,1,1,0,0,0.0
5,30,24,1,1,1,0,1,0,0.0
5,30,9,2,1,2,0,1,1,0.0
5,30,29,2,2,2,0,0,1,0.0
5,30,29,1,1,2,0,2,0,0.0
5,30,29,2,2,8,1,4,3,0.0
5,30,29,2,1,3,1,1,0,0.0
5,30,29,1,1,1,2,0,0,1.0
5,30,29,2,1,6,0,4,1,0.0
5,30,29,1,1,1,0,0,1,0.0
5,30,9,2,2,3,1,2,0,0.0
5,30,9,2,1,2,0,3,0,1.0
5,30,29,2,1,10,0,0,10,0.0
5,30,41,2,3,4,3,0,0,1.0
5,30,29,1,1,1,0,0,1,0.0
5,30,29,2,1,2,0,2,0,0.0
5,30,29,2,3,3,2,0,0,0.0
5,30,29,1,2,2,0,0,1,0.0
5,30,29,2,3,7,3,4,0,0.0
5,30,29,1,1,1,1,0,0,0.0
5,30,29,2,2,6,3,3,0,0.0
5,30,29,2,1,2,1,0,0,0.0
5,30,29,1,1,1,0,0,1,0.0
5,30,29,2,2,7,4,3,0,0.0
5,30,29,1,1,1,0,0,2,1.0
5,30,34,1,1,1,0,0,1,0.0
5,30,29,2,2,4,0,0,2,0.0
5,30,29,1,2,4,2,2,0,1.0
5,30,29,2,3,8,3,1,5,1.0
5,30,29,1,1,1,0,0,1,0.0
5,30,29,2,1,5,4,1,0,0.0
5,30,29,2,4,7,1,0,1,0.0
5,30,29,2,1,3,2,0,0,0.0
5,30,29,1,1,1,0,0,0,0.0
5,30,29,2,2,5,5,0,0,0.0
5,30,29,2,1,3,0,5,0,2.0
5,30,29,2,1,3,0,0,4,2.0
5,30,29,2,1,6,0,3,2,0.0
5,30,29,1,3,12,2,9,0,0.0
5,30,29,1,1,1,0,0,0,0.0
5,30,29,2,3,10,0,4,0,0.0
5,30,29,2,3,4,0,0,0,0.0
5,30,29,1,1,1,1,0,0,0.0
5,30,29,1,1,1,1,0,0,0.0
5,30,29,2,2,3,4,0,0,1.0
5,30,29,2,1,2,0,3,0,1.0
5,30,29,2,1,2,2,0,0,0.0
5,30,29,1,1,1,0,1,0,0.0
5,30,29,1,1,3,0,1,2,0.0
5,30,29,2,2,5,0,5,0,0.0
5,30,29,2,2,6,0,6,0,0.0
5,30,34,1,2,2,1,0,1,0.0
5,30,29,1,2,4,0,1,0,1.0
5,30,29,1,3,3,1,0,2,0.0
5,30,29,1,1,4,3,0,1,0.0
5,30,29,2,1,5,1,0,4,0.0
5,30,9,1,1,1,1,0,0,0.0
5,30,29,2,2,3,2,0,0,0.0
5,30,29,1,1,1,0,1,0,0.0
5,30,29,2,3,10,5,5,1,2.0
5,30,29,2,1,7,1,0,0,1.0
5,30,29,1,1,1,0,0,1,0.0
5,30,29,2,1,3,0,3,0,0.0
5,30,29,2,2,4,0,4,0,0.0
5,30,29,1,1,2,0,0,2,0.0
5,30,29,1,1,7,2,5,0,0.0
5,30,29,1,1,2,2,0,0,0.0
5,30,29,2,1,2,1,1,0,0.0
5,30,29,1,3,5,0,4,1,0.0
5,30,29,1,1,1,1,0,0,0.0
5,30,29,1,1,1,1,0,0,0.0
5,30,29,2,1,2,1,1,0,0.0
5,30,29,1,1,1,0,1,0,0.0
5,30,29,2,2,15,4,10,1,0.0
5,30,29,1,2,2,0,0,0,0.0
5,30,29,1,2,4,0,4,0,0.0
5,30,29,1,1,1,1,0,0,0.0
5,30,29,2,5,18,1,6,4,0.0
5,30,29,2,1,19,4,8,5,0.0
5,30,29,2,3,5,0,1,4,0.0
5,30,29,1,1,1,0,1,0,0.0
5,30,9,1,1,1,0,1,0,0.0
5,30,29,2,1,16,1,7,7,0.0
5,30,29,2,2,3,1,0,2,0.0
5,30,29,2,4,8,1,0,7,1.0
5,30,46,1,1,1,0,0,1,0.0
5,30,29,1,1,1,0,0,1,0.0
5,30,29,1,1,1,0,0,1,0.0
5,30,29,1,3,4,3,1,0,0.0
5,30,29,1,2,3,2,1,0,0.0
5,30,29,1,2,9,3,6,4,3.0
5,30,29,1,1,1,1,0,0,0.0
5,30,29,2,2,7,9,0,0,1.0
5,30,29,1,1,1,0,1,0,0.0
5,30,29,1,1,2,0,0,2,0.0
5,30,29,2,5,19,3,1,1,0.0
5,30,34,1,1,1,1,0,0,0.0
5,30,29,2,4,11,2,2,4,0.0
5,30,29,2,3,7,2,4,0,0.0
5,30,29,1,2,3,0,3,0,0.0
5,30,29,2,2,3,1,0,1,0.0
5,30,29,2,2,7,0,5,0,0.0
5,30,29,2,2,2,1,0,0,0.0
5,30,29,2,3,5,0,1,4,0.0
5,30,46,2,1,5,1,2,2,0.0
5,30,29,1,2,2,1,1,0,0.0
5,30,46,2,1,2,1,0,1,0.0
5,30,29,1,1,4,1,0,3,0.0
5,30,29,2,2,6,0,7,0,1.0
5,30,29,2,3,8,0,0,0,1.0
5,30,29,2,2,6,1,5,0,0.0
5,30,29,2,2,4,0,4,0,0.0
5,30,29,2,3,7,1,5,0,0.0
5,30,29,2,1,4,4,0,0,0.0
5,30,9,2,2,7,0,4,6,3.0
5,30,44,2,1,3,0,3,1,1.0
5,30,29,2,1,7,1,6,0,0.0
5,30,29,1,1,1,0,0,1,0.0
5,30,29,2,4,10,5,1,2,0.0
5,30,9,1,1,2,6,0,0,2.0
5,30,9,2,2,2,1,0,1,0.0
5,30,29,2,2,2,0,2,0,0.0
5,30,29,2,1,9,0,3,3,0.0
5,30,29,1,1,1,1,0,0,0.0
5,30,9,1,3,4,4,0,0,0.0
5,30,29,2,2,5,5,0,0,0.0
5,30,29,1,2,2,2,0,0,0.0
5,31,9,1,3,4,2,0,2,0.0
5,31,29,2,1,4,0,2,0,0.0
5,31,29,2,3,6,0,2,4,0.0
5,31,9,1,1,1,0,2,0,1.0
5,31,29,2,5,28,1,12,11,3.0
5,31,24,2,4,21,17,3,7,5.0
5,31,29,2,2,3,0,0,0,0.0
5,31,29,1,1,1,1,0,0,0.0
5,31,29,1,1,2,0,2,0,0.0
5,31,29,1,1,1,0,1,0,0.0
5,31,29,1,1,1,0,1,0,0.0
5,31,41,2,1,4,0,0,1,0.0
5,31,29,2,1,14,6,0,7,0.0
5,31,21,2,3,11,9,1,4,3.0
5,31,29,1,1,2,0,1,0,0.0
5,31,29,2,4,10,2,3,2,0.0
5,31,29,1,1,1,1,0,0,0.0
5,31,29,2,3,5,0,1,4,0.0
5,31,29,2,4,8,0,3,5,2.0
5,31,29,2,2,9,7,0,2,1.0
5,31,29,2,2,2,0,0,0,0.0
5,31,29,2,1,4,4,0,1,1.0
5,31,29,2,1,2,1,1,0,0.0
5,31,29,2,1,3,0,3,1,1.0
5,31,29,2,1,6,3,0,3,0.0
5,31,29,1,2,2,0,4,0,2.0
5,31,29,1,1,1,1,0,0,0.0
5,31,29,2,3,6,6,0,0,1.0
5,31,29,1,1,1,0,1,0,0.0
5,31,29,2,4,14,5,1,1,3.0
5,31,29,1,1,2,2,0,0,0.0
5,31,29,2,2,4,0,3,0,0.0
5,31,29,2,1,12,7,4,2,1.0
5,31,29,1,1,1,1,0,0,0.0
5,31,29,2,2,2,1,0,1,0.0
5,31,44,1,1,1,1,0,0,0.0
5,31,29,2,3,5,0,0,0,0.0
5,31,29,1,1,1,1,0,0,0.0
5,31,29,1,1,2,0,0,0,0.0
5,31,29,1,1,1,0,1,0,0.0
5,31,29,2,2,3,0,0,2,1.0
5,31,29,1,1,1,1,0,0,0.0
5,31,29,2,1,2,0,0,2,0.0
5,31,29,1,1,2,0,1,1,0.0
5,31,29,2,3,8,8,0,0,0.0
5,31,29,2,3,16,4,2,0,2.0
5,31,29,2,3,8,2,1,0,0.0
5,31,29,1,1,1,0,1,0,0.0
5,31,29,2,2,3,5,0,0,2.0
5,31,29,1,2,2,1,0,0,0.0
5,31,29,1,1,4,2,2,0,0.0
5,31,29,2,2,4,0,0,4,0.0
5,31,29,1,4,6,0,1,4,0.0
5,31,29,2,2,9,0,4,0,0.0
5,31,29,2,2,2,0,0,1,0.0
5,31,29,1,2,4,1,3,0,0.0
5,31,29,2,2,3,0,0,0,0.0
5,31,29,2,1,5,4,1,0,0.0
5,31,29,1,1,1,1,0,0,0.0
5,31,29,1,3,7,5,0,0,0.0
5,31,29,2,2,2,0,0,2,0.0
5,31,29,2,1,2,0,2,0,0.0
5,31,29,1,1,1,0,1,0,0.0
5,31,29,1,1,1,0,1,0,0.0
5,31,29,2,3,3,0,1,0,0.0
5,31,29,1,1,2,0,2,0,0.0
5,31,9,1,1,1,0,0,1,0.0
5,31,29,1,2,2,0,0,0,0.0
5,31,9,1,1,2,2,0,0,0.0
5,31,29,2,3,5,0,2,0,0.0
5,31,46,1,1,3,2,0,1,0.0
5,31,29,1,1,6,0,7,0,1.0
5,31,29,1,1,5,0,2,0,0.0
5,31,29,2,1,4,0,0,1,0.0
5,31,29,1,1,1,0,0,1,0.0
5,31,29,1,1,4,0,0,0,0.0
5,31,29,1,1,1,3,0,0,1.0
5,31,9,2,2,4,0,4,0,0.0
5,31,29,1,2,7,4,1,0,1.0
5,31,29,1,1,1,0,0,1,0.0
5,31,29,1,2,4,0,3,0,0.0
5,31,29,1,1,2,2,0,0,0.0
5,31,9,2,2,4,1,0,4,1.0
5,31,9,1,1,4,4,0,0,0.0
5,31,29,1,2,2,0,1,0,0.0
5,31,9,2,3,35,5,20,20,9.0
5,31,29,1,1,1,0,1,0,0.0
5,31,29,2,2,17,9,9,1,2.0
5,31,9,2,4,5,0,5,6,3.0
5,31,29,2,3,4,2,0,0,0.0
5,31,29,2,2,15,1,10,2,0.0
6,1,29,1,4,8,0,0,4,2.0
6,1,29,2,1,2,0,2,0,0.0
6,1,29,2,2,9,7,0,1,2.0
6,1,9,1,1,1,1,0,0,0.0
6,1,24,1,2,3,0,5,0,1.0
6,1,29,2,1,2,1,0,0,0.0
6,1,29,1,1,1,0,1,0,0.0
6,1,29,2,5,10,0,0,2,1.0
6,1,29,1,2,4,0,4,0,0.0
6,1,9,1,1,1,0,1,0,0.0
6,1,29,1,1,1,0,1,0,0.0
6,1,29,2,2,5,0,5,0,0.0
6,1,9,2,4,19,5,9,5,0.0
6,1,9,1,2,2,2,1,0,1.0
6,1,9,1,1,1,1,0,0,0.0
6,1,29,2,3,3,0,1,1,0.0
6,1,29,2,2,5,0,0,3,0.0
6,1,29,2,2,4,2,0,2,0.0
6,1,29,2,3,9,4,0,7,2.0
6,1,29,1,1,3,1,0,2,0.0
6,1,29,1,1,1,2,0,0,1.0
6,1,9,1,1,1,1,0,0,0.0
6,1,29,1,1,3,0,5,0,2.0
6,1,9,2,1,2,1,0,1,0.0
6,1,9,2,1,3,2,0,1,0.0
6,1,29,2,4,4,0,0,1,0.0
6,1,29,1,1,1,0,0,0,0.0
6,1,29,1,2,3,0,3,0,0.0
6,1,29,2,1,5,0,1,4,0.0
6,1,29,1,3,11,1,3,6,0.0
6,1,29,1,1,1,0,1,0,0.0
6,1,29,1,1,1,0,0,1,0.0
6,1,29,2,1,8,0,0,7,0.0
6,1,29,2,3,5,3,0,0,0.0
6,1,29,1,1,1,2,0,0,1.0
6,1,29,1,1,1,0,2,0,1.0
6,1,29,2,2,8,8,0,0,0.0
6,1,29,2,1,6,1,7,0,1.0
6,1,29,1,1,1,0,2,0,1.0
6,1,29,1,1,1,0,0,1,0.0
6,1,29,2,1,3,2,0,0,0.0
6,1,29,1,1,3,0,1,2,0.0
6,1,29,2,2,6,1,0,0,0.0
6,1,29,1,2,3,2,0,0,0.0
6,1,29,1,1,1,0,1,0,0.0
6,1,29,1,2,2,0,0,2,0.0
6,1,29,1,1,2,1,0,0,0.0
6,1,29,2,3,7,0,4,0,1.0
6,1,29,1,3,3,0,0,1,0.0
6,1,29,1,1,3,1,2,0,0.0
6,1,29,1,2,8,3,3,3,1.0
6,1,29,2,2,2,0,1,0,0.0
6,1,29,1,1,1,0,1,0,0.0
6,1,29,2,3,4,2,0,2,0.0
6,1,29,2,3,7,4,1,0,0.0
6,1,29,1,1,1,2,0,0,1.0
6,1,29,2,3,7,4,2,1,0.0
6,1,29,2,1,6,1,3,0,0.0
6,1,29,1,1,2,0,0,2,0.0
6,1,29,2,2,8,0,9,0,1.0
6,1,29,2,2,12,6,4,2,1.0
6,1,9,2,1,3,2,0,2,1.0
6,1,29,2,3,3,2,0,1,0.0
6,1,29,2,4,6,0,0,0,0.0
6,1,29,1,1,1,0,1,0,0.0
6,1,44,2,1,2,2,0,0,0.0
6,1,24,1,1,1,1,0,0,0.0
6,1,29,2,2,4,0,2,0,0.0
6,1,29,2,4,9,4,0,0,2.0
6,1,29,2,3,12,2,0,9,0.0
6,1,29,2,2,3,0,3,0,0.0
6,1,29,1,1,1,0,0,0,0.0
6,1,29,2,2,4,0,4,0,0.0
6,1,29,1,1,1,0,1,0,0.0
6,1,29,1,2,3,3,0,0,0.0
6,1,29,1,2,4,2,0,2,0.0
6,1,29,2,2,6,4,1,1,0.0
6,1,29,1,1,2,0,0,1,0.0
6,1,29,2,2,3,2,0,1,0.0
6,1,29,1,1,4,1,1,2,0.0
6,1,29,1,1,1,0,0,1,0.0
6,1,29,1,1,1,0,0,1,0.0
6,1,29,2,3,8,5,0,3,0.0
6,1,29,1,1,1,0,1,0,0.0
6,1,29,2,4,51,2,14,28,0.0
6,1,34,1,2,4,2,1,1,0.0
6,1,29,1,1,1,1,0,0,0.0
6,1,29,1,1,1,0,1,0,0.0
6,1,29,1,1,1,1,0,0,0.0
6,1,29,2,2,2,1,0,0,0.0
6,1,29,2,3,8,3,5,0,0.0
6,1,29,2,3,7,2,0,3,1.0
6,1,12,1,1,1,0,0,1,0.0
6,1,29,1,1,1,0,1,0,0.0
6,1,29,1,2,2,1,1,0,0.0
6,1,29,2,2,4,4,0,0,0.0
6,1,29,1,1,1,0,1,0,0.0
6,1,29,1,2,5,2,0,4,1.0
6,1,29,1,1,1,0,0,1,0.0
6,1,16,2,1,2,0,3,0,1.0
6,1,29,1,1,1,0,0,1,0.0
6,1,29,2,2,4,0,3,0,0.0
6,1,29,1,1,2,2,0,0,0.0
6,1,29,1,1,2,0,0,0,0.0
6,1,29,2,3,11,1,2,0,1.0
6,1,29,2,2,2,0,0,2,0.0
6,1,46,2,2,12,2,11,0,1.0
6,1,29,2,1,4,0,5,0,1.0
6,1,29,2,3,4,4,0,0,0.0
6,1,29,1,1,1,0,1,0,0.0
6,1,21,1,1,2,1,0,1,0.0
6,1,29,2,3,6,0,0,3,0.0
6,1,29,1,1,1,1,0,0,0.0
6,1,46,1,1,2,0,1,1,0.0
6,1,9,1,1,4,3,1,0,0.0
6,1,29,2,1,5,1,3,1,0.0
6,1,29,2,1,2,2,0,0,0.0
6,1,29,2,2,3,1,0,2,0.0
6,1,29,1,1,1,1,0,0,0.0
6,1,29,1,2,4,0,4,0,0.0
6,1,29,2,2,3,2,0,0,0.0
6,1,29,2,4,9,0,0,6,0.0
6,1,29,2,3,5,0,0,1,0.0
6,1,29,2,2,2,0,3,0,1.0
6,1,29,1,1,1,0,1,0,0.0
6,1,9,1,1,1,0,1,0,0.0
6,1,9,1,3,3,2,1,0,0.0
6,1,29,1,1,2,0,0,1,0.0
6,1,29,1,1,1,1,0,0,0.0
6,1,29,2,4,6,1,0,3,0.0
6,1,29,1,1,6,4,2,0,0.0
6,1,9,2,1,3,0,3,0,0.0
6,1,9,1,2,2,1,0,1,0.0
6,1,9,2,3,37,14,10,20,7.0
6,1,29,2,1,6,1,0,5,0.0
6,1,29,1,1,1,1,0,0,0.0
6,1,29,1,1,1,1,0,0,0.0
6,2,29,2,3,27,21,5,2,1.0
6,2,29,2,3,3,0,1,0,0.0
6,2,29,2,2,7,3,0,4,0.0
6,2,16,2,2,7,2,2,4,1.0
6,2,29,1,1,1,0,0,1,0.0
6,2,29,1,1,1,1,0,0,0.0
6,2,29,2,1,5,5,0,0,0.0
6,2,9,2,2,3,1,2,0,0.0
6,2,24,1,1,1,1,0,0,0.0
6,2,29,2,2,5,0,1,3,1.0
6,2,32,2,3,3,2,1,0,0.0
6,2,29,2,1,2,1,1,0,0.0
6,2,29,1,2,2,4,0,0,1.0
6,2,41,1,2,5,0,2,3,0.0
6,2,9,1,2,5,0,5,0,0.0
6,2,29,2,3,8,2,3,2,0.0
6,2,29,1,1,1,2,0,0,1.0
6,2,29,2,1,3,0,3,0,0.0
6,2,9,1,1,1,0,0,1,0.0
6,2,9,1,2,5,2,0,3,0.0
6,2,29,2,2,6,0,0,1,0.0
6,2,29,2,1,2,0,2,0,0.0
6,2,9,2,2,2,2,0,0,0.0
6,2,29,1,2,3,0,3,0,0.0
6,2,16,2,3,4,0,0,1,0.0
6,2,29,2,3,6,5,0,0,0.0
6,2,29,1,1,1,0,0,1,0.0
6,2,29,1,1,1,0,1,0,0.0
6,2,29,1,2,2,0,0,2,0.0
6,2,24,2,4,4,1,1,2,0.0
6,2,29,1,1,3,0,3,0,0.0
6,2,24,2,3,5,1,0,0,0.0
6,2,9,2,3,5,0,3,2,0.0
6,2,29,1,4,10,0,0,3,1.0
6,2,29,2,1,6,1,4,1,0.0
6,2,29,1,1,1,0,0,0,0.0
6,2,24,1,2,2,2,0,0,0.0
6,2,24,1,1,1,2,0,0,1.0
6,2,29,2,1,2,0,2,0,0.0
6,2,9,1,1,3,3,0,0,0.0
6,2,29,1,1,1,1,0,0,0.0
6,2,29,2,3,5,0,2,0,0.0
6,2,29,1,1,1,0,0,1,0.0
6,2,29,1,2,2,0,0,2,0.0
6,2,29,2,3,11,1,4,8,2.0
6,2,29,2,2,5,6,1,0,2.0
6,2,29,2,2,3,0,0,3,0.0
6,2,29,1,2,4,0,0,4,0.0
6,2,29,2,3,17,9,5,2,0.0
6,2,29,2,1,3,2,1,0,0.0
6,2,29,2,2,5,1,1,2,0.0
6,2,9,1,1,1,2,0,0,1.0
6,2,9,1,1,1,1,0,0,0.0
6,2,29,1,1,1,0,1,0,0.0
6,2,29,2,1,3,0,0,3,0.0
6,2,29,1,2,3,0,0,1,0.0
6,2,29,1,1,1,1,0,0,0.0
6,2,29,1,3,5,1,1,3,0.0
6,2,29,1,3,3,1,0,2,0.0
6,2,29,2,1,4,0,4,0,0.0
6,2,29,1,2,4,0,0,4,0.0
6,2,29,1,1,1,0,0,2,1.0
6,2,29,1,1,5,5,0,0,0.0
6,2,29,1,1,1,0,0,1,0.0
6,2,29,1,2,2,0,2,0,0.0
6,2,29,2,2,4,0,0,4,0.0
6,2,29,2,1,8,0,8,0,0.0
6,2,29,1,1,1,1,0,0,0.0
6,2,29,1,1,1,0,1,0,0.0
6,2,29,1,1,1,1,0,0,0.0
6,2,29,2,4,7,0,0,3,0.0
6,2,29,2,2,12,6,4,3,1.0
6,2,29,1,1,1,0,0,1,0.0
6,2,29,2,2,3,1,1,1,0.0
6,2,29,2,3,4,0,0,4,0.0
6,2,29,1,1,1,1,0,0,0.0
6,2,29,1,2,2,0,1,1,0.0
6,2,29,1,1,2,0,0,2,0.0
6,2,29,2,2,2,0,1,1,0.0
6,2,29,2,3,13,8,1,2,0.0
6,2,29,2,4,16,3,5,7,0.0
6,2,29,2,4,18,3,1,5,1.0
6,2,29,1,1,1,0,1,0,0.0
6,2,29,2,4,12,3,3,4,1.0
6,2,29,2,2,6,0,0,6,0.0
6,2,29,2,3,8,0,0,8,0.0
6,2,29,2,3,11,8,0,3,0.0
6,2,29,1,2,2,0,1,1,0.0
6,2,29,2,2,6,6,0,0,0.0
6,2,29,2,1,3,2,0,0,0.0
6,2,9,1,2,3,0,2,1,0.0
6,2,29,2,2,9,4,0,0,1.0
6,2,29,1,1,1,0,1,0,0.0
6,2,29,2,3,5,0,4,1,0.0
6,2,29,1,1,1,0,0,1,0.0
6,2,29,1,2,2,0,0,3,1.0
6,2,29,1,1,1,0,1,0,0.0
6,2,29,1,1,3,0,0,2,0.0
6,2,29,1,1,2,0,2,0,0.0
6,2,29,2,2,7,10,1,0,3.0
6,2,29,2,1,2,2,0,0,0.0
6,2,29,1,1,2,0,0,2,0.0
6,2,29,2,3,3,2,0,0,0.0
6,2,29,2,2,3,4,0,0,1.0
6,2,29,1,2,2,0,1,1,0.0
6,2,29,2,2,2,0,0,2,0.0
6,2,29,1,1,1,1,0,0,0.0
6,2,29,2,3,12,1,7,0,1.0
6,2,29,1,2,3,3,0,0,0.0
6,2,29,2,2,4,0,4,0,0.0
6,2,29,2,2,9,0,6,2,0.0
6,2,29,1,1,2,0,2,0,0.0
6,2,29,1,1,2,1,0,1,0.0
6,2,29,2,2,4,1,0,2,1.0
6,2,29,2,2,14,4,3,0,0.0
6,2,29,1,1,1,0,0,1,0.0
6,2,29,1,1,4,0,2,2,0.0
6,2,29,2,2,4,4,0,0,0.0
6,2,29,1,1,1,0,1,0,0.0
6,2,46,2,1,2,2,0,0,0.0
6,2,29,1,2,3,0,3,0,0.0
6,2,16,2,2,2,0,2,0,0.0
6,2,29,1,1,2,0,2,0,0.0
6,2,29,2,3,12,12,1,0,2.0
6,2,29,1,1,1,1,0,0,0.0
6,2,9,1,1,1,1,0,0,0.0
6,2,29,1,2,2,0,0,2,0.0
6,2,29,2,3,4,1,0,3,0.0
6,2,29,2,3,14,0,23,3,8.0
6,2,29,2,4,7,2,0,4,0.0
6,2,29,1,2,2,1,2,0,1.0
6,2,29,2,2,2,1,0,0,0.0
6,2,29,2,2,8,5,0,0,0.0
6,2,29,2,3,4,0,1,2,0.0
6,2,29,2,2,2,1,0,1,0.0
6,2,29,2,3,5,3,2,0,1.0
6,2,29,2,1,4,2,1,0,0.0
6,2,29,2,3,9,3,4,2,0.0
6,2,29,2,4,12,0,0,6,0.0
6,2,29,1,1,3,2,0,0,0.0
6,2,34,1,2,2,1,0,0,0.0
6,2,29,1,1,2,0,2,0,0.0
6,2,29,2,1,2,2,0,0,0.0
6,2,44,1,2,3,0,1,2,0.0
6,2,29,2,3,7,7,0,0,0.0
6,2,9,1,1,1,0,0,1,0.0
6,2,29,1,1,1,0,1,0,0.0
6,2,29,2,2,3,0,2,1,0.0
6,2,46,1,1,3,1,0,2,0.0
6,2,29,1,1,2,0,2,0,0.0
6,2,29,2,3,5,0,3,1,0.0
6,2,29,2,3,20,4,0,20,3.0
6,2,29,1,2,5,1,2,2,0.0
6,2,29,2,3,8,8,0,0,0.0
6,2,29,2,3,3,2,0,0,0.0
6,2,29,2,1,2,0,1,1,0.0
6,2,29,1,1,1,0,1,0,0.0
6,2,29,1,1,2,2,0,0,0.0
6,2,16,1,1,2,1,0,1,0.0
6,2,29,2,5,21,6,6,8,1.0
6,2,29,2,4,10,5,1,2,2.0
6,2,29,1,1,1,0,1,0,0.0
6,2,29,1,1,1,0,0,1,0.0
6,2,29,2,4,7,2,2,0,0.0
6,2,9,2,2,5,0,4,1,0.0
6,2,9,2,2,8,7,0,2,1.0
6,2,9,2,2,3,1,2,0,0.0
6,2,9,1,1,1,0,0,1,0.0
6,2,9,1,2,3,4,0,0,1.0
6,2,9,2,1,5,0,5,0,0.0
6,2,9,2,4,12,7,2,3,0.0
6,2,24,1,1,1,1,0,0,0.0
6,2,9,2,3,14,19,0,0,5.0
6,2,29,2,2,4,2,2,0,0.0
6,2,9,2,1,2,0,2,0,0.0
6,2,29,2,3,6,6,0,0,0.0
6,2,29,2,2,14,0,8,1,0.0
6,2,29,2,4,7,0,3,0,0.0
6,2,29,1,1,1,0,1,0,0.0
6,3,29,1,1,1,2,0,0,1.0
6,3,29,2,2,5,0,0,0,0.0
6,3,29,2,3,10,2,3,0,0.0
6,3,29,1,1,2,2,0,0,0.0
6,3,29,2,3,3,2,1,0,0.0
6,3,9,2,1,4,0,3,1,0.0
6,3,29,2,2,5,0,3,1,0.0
6,3,9,2,2,8,3,7,0,2.0
6,3,29,1,3,4,4,0,0,0.0
6,3,29,2,5,12,2,1,2,1.0
6,3,29,1,1,1,0,0,1,0.0
6,3,29,2,2,2,2,0,0,0.0
6,3,29,2,3,6,4,4,0,1.0
6,3,29,2,4,8,0,0,1,0.0
6,3,29,2,2,10,1,7,2,0.0
6,3,29,2,1,3,3,0,1,1.0
6,3,29,1,1,3,0,3,0,0.0
6,3,29,1,1,1,0,0,1,0.0
6,3,29,1,1,1,0,1,0,0.0
6,3,9,2,4,9,2,3,6,2.0
6,3,41,2,3,6,0,0,3,0.0
6,3,29,2,2,6,0,4,0,0.0
6,3,9,1,2,3,3,0,0,0.0
6,3,15,2,2,3,0,1,2,0.0
6,3,9,2,3,51,34,11,30,12.0
6,3,29,1,2,2,0,0,2,0.0
6,3,29,2,4,30,8,5,20,3.0
6,3,29,2,1,4,5,0,0,1.0
6,3,29,1,2,2,1,1,0,0.0
6,3,29,1,2,5,0,3,0,0.0
6,3,24,2,4,27,9,4,5,1.0
6,3,29,1,3,4,2,0,1,0.0
6,3,29,2,4,13,2,0,9,0.0
6,3,29,2,3,21,6,7,7,0.0
6,3,29,2,1,4,1,0,0,0.0
6,3,41,1,1,1,0,1,0,0.0
6,3,29,1,1,1,0,1,0,0.0
6,3,29,2,2,6,2,3,0,0.0
6,3,29,1,1,3,0,0,3,0.0
6,3,29,1,1,2,2,0,0,0.0
6,3,29,1,1,3,0,3,0,0.0
6,3,29,1,1,1,0,1,0,0.0
6,3,29,2,3,6,0,4,0,2.0
6,3,21,1,1,1,0,0,0,0.0
6,3,29,1,1,1,0,0,1,0.0
6,3,29,1,3,4,0,1,3,0.0
6,3,29,1,1,2,0,0,2,0.0
6,3,29,2,3,10,0,0,3,0.0
6,3,29,2,1,2,2,0,0,0.0
6,3,29,1,1,1,1,0,0,0.0
6,3,29,1,1,2,2,0,0,0.0
6,3,29,2,2,4,1,3,0,0.0
6,3,29,2,2,3,2,0,2,1.0
6,3,29,2,1,5,1,0,3,0.0
6,3,29,1,2,2,1,0,1,0.0
6,3,29,2,4,14,6,0,8,0.0
6,3,29,2,1,11,0,10,3,1.0
6,3,29,1,1,3,0,3,0,0.0
6,3,29,2,3,5,2,0,0,0.0
6,3,29,2,3,17,4,1,10,3.0
6,3,29,2,1,4,1,0,2,0.0
6,3,29,2,4,12,4,0,6,0.0
6,3,29,2,1,3,2,1,0,0.0
6,3,29,2,1,6,2,1,3,1.0
6,3,29,2,1,4,0,2,2,1.0
6,3,29,1,3,6,0,4,0,0.0
6,3,29,2,3,4,0,0,4,0.0
6,3,29,1,1,2,1,0,1,0.0
6,3,29,2,3,16,11,1,0,1.0
6,3,29,1,1,2,0,1,1,0.0
6,3,29,2,1,11,9,2,0,0.0
6,3,29,2,4,12,2,0,10,0.0
6,3,29,1,1,3,0,3,0,0.0
6,3,29,2,3,5,1,1,4,1.0
6,3,29,1,1,1,1,0,0,0.0
6,3,29,2,1,2,0,0,2,0.0
6,3,29,1,1,2,0,0,1,0.0
6,3,29,2,3,7,4,1,2,0.0
6,3,29,2,1,2,0,2,0,0.0
6,3,29,1,1,2,1,0,0,0.0
6,3,29,2,4,14,3,7,4,0.0
6,3,29,1,3,7,0,1,6,0.0
6,3,29,2,2,6,1,1,4,0.0
6,3,29,1,1,1,0,1,0,0.0
6,3,29,2,2,3,0,0,0,0.0
6,3,29,1,3,4,0,0,0,0.0
6,3,29,1,1,2,1,0,3,1.0
6,3,29,2,3,9,5,2,0,0.0
6,3,29,1,1,1,2,0,0,1.0
6,3,29,2,1,4,0,3,0,0.0
6,3,29,2,3,4,3,0,0,0.0
6,3,29,1,1,1,1,0,0,0.0
6,3,29,2,2,3,0,3,0,0.0
6,3,29,2,2,13,0,12,0,2.0
6,3,29,2,1,3,4,0,0,1.0
6,3,29,1,1,1,1,0,0,0.0
6,3,29,1,2,2,1,1,0,0.0
6,3,29,1,1,1,0,1,0,0.0
6,3,44,1,1,1,1,0,0,0.0
6,3,44,1,1,1,1,0,0,0.0
6,3,44,1,1,2,4,0,0,2.0
6,3,44,1,1,1,2,0,0,1.0
6,3,44,1,1,1,1,0,0,0.0
6,3,9,1,2,5,4,1,0,0.0
6,3,29,2,2,5,2,0,3,0.0
6,3,29,1,1,3,0,2,0,0.0
6,3,29,2,1,5,2,2,1,0.0
6,3,29,2,2,9,5,4,0,1.0
6,3,46,2,3,3,1,0,1,0.0
6,3,29,1,1,2,0,0,0,0.0
6,3,29,2,3,7,1,0,1,0.0
6,3,24,2,2,4,0,1,2,0.0
6,3,41,1,1,3,2,0,0,0.0
6,3,29,1,2,3,0,2,2,1.0
6,3,29,1,2,4,0,4,0,0.0
6,3,29,1,2,3,0,2,0,0.0
6,3,29,2,1,8,0,0,5,0.0
6,3,29,2,2,3,0,3,0,0.0
6,3,29,1,1,1,0,0,1,0.0
6,3,29,2,1,2,0,0,2,0.0
6,3,29,1,1,3,0,0,3,0.0
6,3,29,1,3,3,1,0,1,0.0
6,3,29,2,2,8,3,1,4,0.0
6,3,29,1,1,1,0,0,1,0.0
6,3,29,1,2,7,5,0,2,0.0
6,3,29,1,1,6,4,1,2,1.0
6,3,29,1,1,4,2,3,2,3.0
6,3,29,2,2,8,0,13,0,4.0
6,3,29,2,4,25,9,1,6,2.0
6,3,29,1,1,1,0,0,1,0.0
6,3,29,2,3,5,3,0,1,0.0
6,3,29,2,3,4,2,0,1,0.0
6,3,29,2,2,3,0,3,0,0.0
6,3,29,2,3,4,2,0,2,1.0
6,3,29,1,1,1,0,0,1,0.0
6,3,29,2,2,8,4,1,0,0.0
6,3,29,2,3,13,7,4,2,1.0
6,3,29,1,1,1,0,1,0,0.0
6,3,29,1,1,1,0,0,1,0.0
6,3,29,1,1,1,0,0,1,0.0
6,3,24,2,1,3,3,0,0,0.0
6,3,29,1,1,1,0,0,0,0.0
6,3,29,1,2,2,0,2,0,0.0
6,3,29,1,1,2,0,0,2,0.0
6,3,29,1,1,2,0,0,0,0.0
6,3,29,2,3,7,4,0,3,0.0
6,3,29,1,2,3,0,3,0,0.0
6,3,9,2,1,3,1,2,0,0.0
6,3,46,1,1,1,0,1,0,0.0
6,3,34,1,1,3,0,5,0,2.0
6,3,29,2,3,6,5,0,0,0.0
6,3,29,1,1,1,0,0,1,0.0
6,3,29,2,3,5,2,2,1,0.0
6,3,29,2,2,3,1,0,2,0.0
6,3,29,1,1,1,1,0,0,0.0
6,3,29,1,1,3,0,3,0,0.0
6,3,29,2,2,4,0,0,0,0.0
6,3,29,2,5,27,3,3,8,0.0
6,3,29,1,1,1,0,0,1,0.0
6,3,29,1,1,1,0,1,0,0.0
6,3,29,1,2,2,0,2,0,0.0
6,3,29,2,2,7,3,0,3,0.0
6,3,29,1,1,4,0,4,0,0.0
6,3,29,2,1,9,0,8,2,2.0
6,3,29,2,4,15,6,0,5,0.0
6,3,29,1,1,1,0,0,0,0.0
6,3,29,1,1,1,0,1,0,0.0
6,3,29,1,2,2,0,1,0,0.0
6,3,29,1,2,2,0,0,2,1.0
6,3,29,1,2,6,4,2,0,1.0
6,3,29,2,3,9,0,1,6,1.0
6,3,29,2,3,8,4,0,2,1.0
6,3,29,2,5,5,1,0,0,0.0
6,3,29,2,1,2,2,0,0,0.0
6,3,29,1,1,1,1,0,0,0.0
6,3,9,1,1,2,0,2,0,0.0
6,3,29,1,1,1,1,0,0,0.0
6,3,9,2,2,8,2,6,0,0.0
6,3,29,2,2,5,5,0,0,0.0
6,3,46,1,1,1,0,1,0,0.0
6,3,44,2,3,4,0,3,0,0.0
6,3,29,2,2,4,0,4,0,0.0
6,3,46,2,1,6,3,2,1,0.0
6,3,29,2,2,3,3,0,0,0.0
6,3,29,1,1,2,0,2,0,0.0
6,3,29,1,1,2,0,2,0,0.0
6,3,29,1,1,1,1,0,0,0.0
6,3,9,2,2,7,4,4,0,1.0
6,3,29,2,1,3,1,1,1,0.0
6,3,29,2,2,9,0,8,0,0.0
6,3,29,1,1,1,0,1,0,0.0
6,3,29,1,1,1,0,0,1,0.0
6,3,15,1,1,1,0,1,0,0.0
6,3,29,2,3,6,2,3,0,1.0
6,3,44,1,1,3,6,0,0,3.0
6,3,29,2,2,3,0,3,0,0.0
6,3,29,1,1,1,0,1,0,0.0
6,3,46,1,1,1,0,1,0,0.0
6,3,29,2,3,5,1,2,3,1.0
6,3,9,1,1,1,1,0,0,0.0
6,3,9,1,1,1,0,1,0,0.0
6,3,29,1,1,3,2,0,0,0.0
6,3,29,2,2,2,0,0,0,0.0
6,3,29,2,2,6,0,6,0,0.0
6,3,41,2,3,4,2,0,1,0.0
6,3,9,1,2,2,0,0,2,0.0
6,3,29,1,2,3,0,0,1,0.0
6,3,46,2,2,5,0,6,0,1.0
6,4,9,2,2,11,5,4,2,0.0
6,4,9,1,1,1,0,1,0,0.0
6,4,9,2,2,16,5,9,3,1.0
6,4,9,2,1,3,1,0,2,0.0
6,4,9,2,2,3,0,1,2,0.0
6,4,39,1,1,1,0,0,1,0.0
6,4,29,1,1,1,0,1,0,0.0
6,4,29,1,1,2,0,1,1,0.0
6,4,24,2,4,10,0,9,0,1.0
6,4,29,1,1,1,0,0,1,0.0
6,4,41,1,1,2,0,1,0,0.0
6,4,29,1,2,2,0,0,1,0.0
6,4,29,2,2,2,6,0,0,2.0
6,4,16,1,1,1,1,0,0,0.0
6,4,24,1,2,3,3,0,0,0.0
6,4,9,1,1,1,0,1,0,0.0
6,4,9,2,2,8,0,5,4,1.0
6,4,29,2,4,11,1,0,1,2.0
6,4,29,1,2,3,0,3,0,0.0
6,4,9,2,3,12,11,0,4,3.0
6,4,41,2,2,3,0,1,0,0.0
6,4,9,1,1,1,1,0,0,0.0
6,4,9,2,1,3,1,0,2,0.0
6,4,29,2,1,2,0,1,1,0.0
6,4,29,1,1,2,0,0,1,0.0
6,4,9,1,2,3,0,3,0,0.0
6,4,29,1,1,2,0,2,0,0.0
6,4,29,1,1,1,1,0,0,0.0
6,4,29,2,5,23,8,5,6,2.0
6,4,29,2,1,9,3,0,3,0.0
6,4,29,2,3,3,0,0,3,0.0
6,4,29,2,4,5,0,2,0,0.0
6,4,24,2,2,10,5,6,3,3.0
6,4,29,1,3,3,0,0,3,0.0
6,4,24,1,1,4,0,3,1,0.0
6,4,29,2,5,13,0,0,4,0.0
6,4,29,1,2,2,0,2,0,0.0
6,4,29,1,1,3,3,0,0,0.0
6,4,24,1,1,2,0,2,0,0.0
6,4,24,1,1,2,3,0,0,1.0
6,4,29,1,2,4,0,2,1,0.0
6,4,29,2,2,17,8,7,1,2.0
6,4,29,1,2,2,0,1,1,0.0
6,4,29,1,1,1,0,1,0,0.0
6,4,24,2,2,3,0,2,0,0.0
6,4,29,2,2,4,2,0,0,0.0
6,4,29,2,3,7,0,1,0,0.0
6,4,29,2,5,15,10,1,1,1.0
6,4,29,2,2,2,0,0,2,0.0
6,4,29,2,1,24,12,0,0,1.0
6,4,29,1,1,1,0,1,0,0.0
6,4,29,2,2,3,0,2,0,0.0
6,4,24,1,1,1,1,0,0,0.0
6,4,29,1,3,4,0,1,3,0.0
6,4,9,1,1,1,0,1,0,0.0
6,4,29,2,2,2,1,0,1,0.0
6,4,29,2,1,4,1,3,0,0.0
6,4,29,2,2,5,1,1,3,0.0
6,4,29,1,1,1,0,1,0,0.0
6,4,29,2,1,2,0,2,0,0.0
6,4,29,1,1,1,0,1,0,0.0
6,4,29,1,3,6,0,5,0,2.0
6,4,29,1,1,2,0,1,1,0.0
6,4,29,1,1,1,0,1,0,0.0
6,4,29,2,1,2,0,2,0,0.0
6,4,29,2,3,6,3,0,2,0.0
6,4,29,1,2,8,2,9,0,3.0
6,4,29,2,1,3,0,1,1,0.0
6,4,29,2,4,17,10,0,5,4.0
6,4,29,1,1,2,0,2,0,0.0
6,4,29,2,4,15,2,0,6,0.0
6,4,29,1,1,1,0,1,0,0.0
6,4,29,1,1,1,0,1,0,0.0
6,4,29,2,2,14,1,9,3,1.0
6,4,29,1,1,1,0,0,1,0.0
6,4,29,2,4,19,4,5,0,4.0
6,4,29,2,2,5,2,2,0,0.0
6,4,29,1,1,2,0,0,0,0.0
6,4,29,1,1,1,0,1,0,0.0
6,4,29,2,2,7,2,2,2,0.0
6,4,29,2,2,8,0,7,0,1.0
6,4,29,1,1,2,2,0,0,0.0
6,4,29,2,3,13,0,8,5,0.0
6,4,29,1,1,1,0,0,0,0.0
6,4,29,2,2,4,0,4,0,0.0
6,4,44,1,1,1,0,0,0,0.0
6,4,29,1,1,2,0,2,0,0.0
6,4,29,2,1,3,9,0,0,2.0
6,4,29,1,2,4,0,2,0,0.0
6,4,29,1,1,1,0,0,1,0.0
6,4,29,1,1,1,0,0,1,0.0
6,4,29,2,1,5,5,0,0,0.0
6,4,29,2,4,33,0,11,8,1.0
6,4,29,1,1,1,0,1,0,0.0
6,4,29,1,1,1,0,1,0,0.0
6,4,29,1,1,1,0,1,0,0.0
6,4,29,1,1,1,0,1,0,0.0
6,4,29,2,2,3,0,0,0,0.0
6,4,29,1,1,1,1,0,0,0.0
6,4,29,2,2,3,1,1,1,0.0
6,4,44,1,1,2,0,2,0,0.0
6,4,29,2,1,7,3,4,0,0.0
6,4,29,1,1,2,0,2,0,0.0
6,4,29,1,1,1,0,0,0,0.0
6,4,29,2,2,2,0,3,0,1.0
6,4,29,1,1,1,1,0,0,0.0
6,4,29,1,1,1,0,1,0,0.0
6,4,29,1,1,1,0,0,1,0.0
6,4,29,1,2,5,5,0,0,0.0
6,4,29,1,1,1,0,1,0,0.0
6,4,29,1,1,1,0,1,0,0.0
6,4,29,1,1,4,2,1,0,0.0
6,4,29,2,1,5,3,1,1,0.0
6,4,29,1,1,1,0,1,0,0.0
6,4,29,2,3,16,1,8,5,1.0
6,4,29,2,1,3,2,0,0,0.0
6,4,29,2,4,14,5,1,1,0.0
6,4,29,2,1,4,0,4,0,0.0
6,4,29,2,2,6,0,6,0,0.0
6,4,29,1,2,2,0,2,0,0.0
6,4,29,2,2,11,7,0,0,0.0
6,4,29,1,1,1,1,0,0,0.0
6,4,29,2,2,9,4,2,2,0.0
6,4,29,1,2,4,3,1,0,0.0
6,4,29,2,1,7,1,4,2,0.0
6,4,29,2,2,5,0,0,5,0.0
6,4,29,1,1,4,5,0,0,1.0
6,4,29,1,1,1,0,1,0,0.0
6,4,29,2,1,8,0,8,0,1.0
6,4,29,1,1,1,0,1,0,0.0
6,4,29,1,1,1,1,0,0,0.0
6,4,46,2,2,5,8,0,2,2.0
6,4,29,1,1,1,1,0,0,0.0
6,4,29,1,1,3,0,3,0,0.0
6,4,29,2,1,2,0,2,0,0.0
6,4,29,2,2,5,0,4,1,0.0
6,4,9,1,1,1,0,0,1,0.0
6,4,29,2,1,3,3,0,0,0.0
6,4,29,1,1,2,0,0,2,0.0
6,4,9,2,2,2,0,0,2,0.0
6,4,29,1,1,1,0,1,0,0.0
6,4,29,2,1,2,2,0,0,0.0
6,4,29,2,4,20,2,5,6,0.0
6,4,29,1,2,5,0,1,4,0.0
6,4,29,1,1,3,0,3,0,0.0
6,4,29,1,1,1,0,0,1,0.0
6,4,29,2,2,2,1,1,0,0.0
6,4,29,1,1,2,2,0,0,0.0
6,4,29,2,3,8,2,2,4,0.0
6,4,29,1,3,5,0,1,2,0.0
6,4,29,2,2,3,0,0,0,0.0
6,4,29,1,1,1,0,0,1,0.0
6,4,29,1,1,1,1,0,0,0.0
6,4,29,2,1,3,0,0,3,0.0
6,4,29,1,1,1,0,0,1,0.0
6,4,29,2,3,7,3,3,1,0.0
6,4,29,1,1,1,0,0,1,0.0
6,4,29,1,1,1,0,1,0,0.0
6,4,29,1,1,1,0,1,0,0.0
6,4,29,2,5,32,5,1,8,2.0
6,4,29,1,1,1,1,0,0,0.0
6,4,29,2,1,3,3,0,0,0.0
6,4,29,2,3,3,0,3,0,1.0
6,4,9,1,1,1,1,0,0,0.0
6,4,46,1,1,1,0,0,1,0.0
6,4,46,1,1,2,1,0,1,0.0
6,4,29,1,1,1,0,0,0,0.0
6,4,24,1,1,5,11,0,0,3.0
6,4,29,2,5,26,3,3,8,1.0
6,4,9,1,1,8,5,0,3,0.0
6,4,29,1,2,3,2,1,0,0.0
6,4,12,2,1,4,0,4,0,0.0
6,4,29,2,1,2,0,0,2,0.0
6,4,29,2,2,3,1,1,1,0.0
6,4,29,1,3,5,1,0,4,0.0
6,4,29,2,5,16,0,0,9,0.0
6,4,29,2,2,9,4,5,0,0.0
6,4,29,1,1,1,0,0,0,0.0
6,4,29,1,1,2,0,2,0,0.0
6,4,29,2,1,11,0,3,3,0.0
6,4,16,1,1,1,0,0,0,0.0
6,4,9,2,4,23,4,10,10,1.0
6,4,29,2,2,2,0,0,1,0.0
6,4,29,1,1,1,1,0,0,0.0
6,4,29,1,1,3,0,3,0,0.0
6,4,9,1,1,1,1,0,0,0.0
6,4,29,2,1,4,1,0,2,0.0
6,4,9,2,3,10,1,6,7,4.0
6,4,9,2,2,11,1,10,0,0.0
6,4,44,2,4,10,3,0,7,0.0
6,4,44,1,1,1,0,0,0,0.0
6,4,44,2,4,14,2,4,4,1.0
6,4,29,1,1,1,0,0,1,0.0
6,4,9,1,1,7,0,6,1,0.0
6,4,9,2,4,21,15,5,1,0.0
6,4,24,2,2,12,6,4,2,0.0
6,4,2,2,3,11,6,1,3,0.0
6,5,29,2,2,5,0,0,3,0.0
6,5,29,1,1,2,0,0,2,0.0
6,5,9,1,1,2,1,0,1,0.0
6,5,9,2,3,7,0,0,7,0.0
6,5,29,2,2,5,5,0,0,0.0
6,5,29,2,2,2,1,0,1,0.0
6,5,31,1,2,4,0,3,0,0.0
6,5,9,2,2,10,6,4,0,0.0
6,5,29,2,2,6,0,5,0,1.0
6,5,29,1,1,1,1,0,0,0.0
6,5,29,2,4,33,1,14,14,0.0
6,5,29,2,3,4,4,1,0,1.0
6,5,24,2,1,3,1,1,0,0.0
6,5,9,2,3,17,7,7,3,0.0
6,5,24,1,1,1,1,0,0,0.0
6,5,9,1,1,1,0,0,1,0.0
6,5,9,2,4,16,9,0,9,2.0
6,5,29,1,1,1,0,1,0,0.0
6,5,29,1,1,1,1,0,0,0.0
6,5,29,2,4,6,2,1,1,0.0
6,5,24,2,2,13,14,1,0,4.0
6,5,29,2,3,7,1,5,0,1.0
6,5,24,1,1,1,0,0,0,0.0
6,5,29,1,2,2,0,2,0,0.0
6,5,29,1,2,3,1,2,0,0.0
6,5,29,2,1,6,1,3,2,0.0
6,5,29,2,2,3,3,0,0,0.0
6,5,29,1,1,2,0,2,0,0.0
6,5,29,1,1,1,0,1,0,0.0
6,5,24,2,3,8,1,10,0,3.0
6,5,29,2,2,5,3,0,2,0.0
6,5,29,1,2,2,0,0,2,0.0
6,5,29,1,1,1,0,1,0,0.0
6,5,29,2,4,5,1,1,2,0.0
6,5,29,1,1,1,0,0,1,0.0
6,5,29,1,1,2,0,2,0,0.0
6,5,24,2,1,4,2,1,0,0.0
6,5,29,2,2,3,2,0,0,0.0
6,5,9,2,2,19,0,19,0,0.0
6,5,9,2,2,20,0,29,0,9.0
6,5,29,2,2,2,1,0,1,0.0
6,5,29,2,5,44,19,6,1,1.0
6,5,29,2,3,4,4,0,0,0.0
6,5,15,1,2,6,7,1,0,2.0
6,5,29,2,3,9,0,0,9,3.0
6,5,29,1,1,1,1,0,0,0.0
6,5,29,2,2,4,2,2,0,0.0
6,5,29,2,2,3,1,0,2,0.0
6,5,29,1,1,1,0,0,1,0.0
6,5,29,1,2,3,0,2,0,0.0
6,5,29,2,3,19,0,0,7,2.0
6,5,29,1,1,1,1,0,0,0.0
6,5,29,2,1,2,1,2,0,1.0
6,5,29,2,1,4,2,2,0,0.0
6,5,29,1,1,1,0,1,0,0.0
6,5,29,2,2,2,2,0,0,0.0
6,5,29,1,1,2,1,0,1,0.0
6,5,29,1,1,1,1,0,0,0.0
6,5,29,1,1,1,1,0,0,0.0
6,5,29,1,1,1,1,0,0,0.0
6,5,29,1,4,8,3,3,0,1.0
6,5,29,2,2,3,2,1,0,0.0
6,5,29,1,1,1,1,0,0,0.0
6,5,29,2,2,2,1,0,0,0.0
6,5,29,2,3,5,1,0,1,0.0
6,5,29,2,2,4,4,0,0,0.0
6,5,29,2,5,22,7,6,2,1.0
6,5,29,1,1,5,1,4,0,0.0
6,5,29,2,1,2,0,0,0,0.0
6,5,29,2,4,12,0,2,4,3.0
6,5,29,2,3,11,3,0,6,0.0
6,5,29,2,2,7,0,9,0,2.0
6,5,29,1,2,6,1,5,0,0.0
6,5,29,1,1,1,1,0,0,0.0
6,5,29,1,1,1,1,0,0,0.0
6,5,29,1,1,1,0,1,0,0.0
6,5,29,1,2,2,0,0,2,0.0
6,5,29,1,2,2,0,1,1,0.0
6,5,29,1,1,1,0,0,0,0.0
6,5,29,2,3,5,2,0,3,0.0
6,5,29,1,3,3,0,1,0,0.0
6,5,29,2,5,13,8,0,0,1.0
6,5,29,1,1,1,0,0,1,0.0
6,5,29,2,2,3,0,0,2,0.0
6,5,29,1,1,1,1,0,0,0.0
6,5,29,2,2,7,8,0,0,1.0
6,5,29,1,2,2,2,0,0,0.0
6,5,29,1,1,1,1,0,0,0.0
6,5,9,2,2,6,6,0,0,0.0
6,5,46,2,2,15,5,3,2,1.0
6,5,24,1,2,7,0,7,0,0.0
6,5,29,1,1,1,0,0,1,0.0
6,5,29,1,1,2,0,2,0,0.0
6,5,29,2,1,11,2,1,3,0.0
6,5,29,1,1,1,0,1,0,0.0
6,5,29,2,3,16,8,0,0,0.0
6,5,29,1,1,1,0,0,1,0.0
6,5,29,1,3,3,1,0,1,0.0
6,5,29,1,1,1,0,1,0,0.0
6,5,29,2,1,5,0,0,5,0.0
6,5,29,2,3,5,1,0,1,0.0
6,5,29,1,2,4,0,3,1,0.0
6,5,29,1,1,2,0,2,0,0.0
6,5,29,2,1,2,0,2,0,0.0
6,5,29,2,4,17,0,21,2,8.0
6,5,29,2,2,6,0,1,4,0.0
6,5,29,1,2,2,2,0,0,0.0
6,5,29,2,3,18,2,8,9,4.0
6,5,29,1,2,4,0,4,0,0.0
6,5,29,1,1,1,1,0,0,0.0
6,5,9,1,3,5,0,4,2,1.0
6,5,46,1,1,4,0,4,0,0.0
6,5,29,1,1,1,0,0,1,0.0
6,5,29,2,1,2,0,0,2,0.0
6,5,29,2,2,6,0,7,0,1.0
6,5,29,2,2,6,0,6,0,0.0
6,5,29,1,1,1,0,0,0,0.0
6,5,29,1,2,7,3,2,2,0.0
6,5,29,1,1,2,0,0,0,0.0
6,5,29,2,4,5,0,3,1,1.0
6,5,29,2,4,8,3,0,2,0.0
6,5,29,2,3,15,3,8,5,1.0
6,5,29,2,1,7,4,0,0,0.0
6,5,29,1,2,2,3,0,0,1.0
6,5,29,2,1,3,0,9,0,3.0
6,5,29,2,3,11,2,0,7,0.0
6,5,29,2,4,13,2,1,2,0.0
6,5,29,2,2,7,3,0,4,0.0
6,5,16,1,2,2,0,0,1,1.0
6,5,29,2,1,2,0,2,0,0.0
6,5,29,2,1,2,0,1,2,1.0
6,5,29,2,3,3,1,1,1,0.0
6,5,29,1,1,1,0,0,1,0.0
6,5,44,1,1,1,0,0,0,0.0
6,5,29,1,1,2,0,0,1,0.0
6,5,29,1,3,6,0,5,1,0.0
6,5,9,2,3,16,0,6,10,0.0
6,5,29,2,5,20,2,4,8,3.0
6,5,29,2,4,8,1,1,1,0.0
6,5,24,2,2,30,37,7,0,12.0
6,5,46,2,1,5,2,1,2,0.0
6,5,29,1,3,5,0,0,2,0.0
6,5,24,1,3,3,1,0,2,0.0
6,5,46,2,4,9,2,2,0,0.0
6,5,29,1,1,1,0,0,0,0.0
6,5,9,1,1,1,0,1,0,0.0
6,5,29,2,4,6,1,2,0,0.0
6,5,29,1,2,2,1,0,0,0.0
6,5,29,2,2,7,0,7,0,0.0
6,5,29,1,1,1,0,1,0,0.0
6,5,9,2,1,3,2,0,1,0.0
6,5,29,1,2,4,1,1,2,0.0
6,5,29,2,3,6,2,2,2,1.0
6,5,29,1,1,1,0,1,0,0.0
6,5,29,2,2,3,0,0,3,0.0
6,5,29,2,2,6,6,0,0,0.0
6,5,9,2,2,2,2,0,0,0.0
6,5,9,1,1,2,0,3,0,1.0
6,5,29,2,2,2,0,0,2,0.0
6,5,9,2,2,2,0,0,3,1.0
6,5,29,2,1,4,3,0,1,0.0
6,5,44,2,2,2,2,0,0,0.0
6,6,29,1,1,6,6,0,0,0.0
6,6,29,2,2,6,5,1,0,0.0
6,6,9,1,1,2,2,0,0,0.0
6,6,29,2,1,3,0,3,0,0.0
6,6,29,1,2,3,0,3,0,0.0
6,6,29,2,3,4,0,2,1,0.0
6,6,9,1,1,2,0,2,0,0.0
6,6,29,2,3,9,3,0,5,0.0
6,6,24,2,2,12,8,0,3,1.0
6,6,29,1,1,1,0,0,1,0.0
6,6,29,2,2,2,0,2,0,0.0
6,6,29,1,1,1,1,0,0,0.0
6,6,9,2,1,2,2,0,0,0.0
6,6,9,2,1,5,2,0,3,0.0
6,6,9,1,1,2,0,0,2,0.0
6,6,9,2,4,13,2,1,0,0.0
6,6,29,2,1,12,8,2,2,0.0
6,6,29,2,5,9,0,0,5,0.0
6,6,29,2,2,7,1,5,1,0.0
6,6,29,2,2,6,1,1,1,0.0
6,6,29,2,2,37,1,0,28,4.0
6,6,24,2,3,10,5,2,0,0.0
6,6,29,1,3,5,0,3,1,0.0
6,6,29,2,3,5,0,1,0,0.0
6,6,29,2,1,18,2,2,14,0.0
6,6,29,2,1,3,0,0,2,0.0
6,6,9,2,1,2,0,1,1,0.0
6,6,29,1,3,6,3,0,3,0.0
6,6,29,1,2,2,3,0,0,1.0
6,6,24,1,1,6,7,0,0,2.0
6,6,29,1,1,1,1,0,0,0.0
6,6,9,2,3,5,5,0,0,0.0
6,6,29,1,1,6,9,0,0,2.0
6,6,29,1,2,6,0,3,5,1.0
6,6,29,2,4,12,0,7,1,1.0
6,6,29,1,1,2,0,0,2,0.0
6,6,29,2,1,12,0,0,12,0.0
6,6,29,1,3,3,2,0,0,0.0
6,6,29,1,1,3,4,0,0,1.0
6,6,29,2,3,7,2,2,1,0.0
6,6,29,2,4,9,2,0,8,1.0
6,6,29,1,1,1,0,0,1,0.0
6,6,41,1,1,1,1,0,0,0.0
6,6,29,2,1,7,0,0,0,0.0
6,6,29,1,1,1,1,0,0,0.0
6,6,29,2,4,13,5,5,3,0.0
6,6,29,1,2,2,0,0,0,0.0
6,6,29,2,3,7,0,0,5,0.0
6,6,29,1,1,1,0,0,2,1.0
6,6,29,1,2,2,0,0,0,0.0
6,6,29,1,1,1,0,0,1,0.0
6,6,29,1,1,2,1,0,0,0.0
6,6,29,2,2,2,1,0,0,0.0
6,6,29,2,1,2,0,3,0,1.0
6,6,29,1,2,4,0,4,0,0.0
6,6,29,2,1,2,1,0,0,0.0
6,6,29,2,3,8,1,2,4,0.0
6,6,29,1,1,1,0,1,0,0.0
6,6,29,2,3,5,5,0,0,0.0
6,6,29,2,3,15,4,8,3,0.0
6,6,29,1,2,2,0,2,0,0.0
6,6,29,2,2,4,4,0,0,1.0
6,6,29,1,1,1,0,0,0,0.0
6,6,9,2,3,35,20,8,9,2.0
6,6,29,1,1,1,0,0,1,0.0
6,6,29,2,4,17,3,7,4,1.0
6,6,29,1,1,1,0,0,0,0.0
6,6,29,2,3,9,7,2,1,2.0
6,6,29,1,1,1,0,5,0,1.0
6,6,29,2,1,2,2,0,0,0.0
6,6,29,1,1,1,0,1,0,0.0
6,6,29,1,3,4,0,2,1,0.0
6,6,29,1,1,1,0,1,0,0.0
6,6,29,1,2,8,0,8,0,0.0
6,6,29,1,2,4,0,0,3,1.0
6,6,29,1,1,1,0,1,0,0.0
6,6,29,1,1,2,0,0,2,0.0
6,6,29,2,1,4,0,1,3,0.0
6,6,29,1,1,2,0,2,0,0.0
6,6,9,2,3,7,3,0,4,0.0
6,6,29,2,1,2,2,0,0,0.0
6,6,29,1,1,2,3,0,0,1.0
6,6,29,1,1,3,1,2,0,0.0
6,6,29,1,1,2,0,2,0,0.0
6,6,29,2,5,18,3,0,6,1.0
6,6,29,1,1,1,0,0,1,0.0
6,6,29,2,4,10,2,0,4,0.0
6,6,29,1,1,1,0,0,1,0.0
6,6,46,1,1,2,0,2,0,0.0
6,6,29,1,1,1,0,0,0,0.0
6,6,29,1,1,1,0,0,0,0.0
6,6,29,2,1,2,0,1,0,0.0
6,6,29,2,3,7,1,4,1,0.0
6,6,29,1,1,1,0,0,1,0.0
6,6,29,1,1,4,1,1,1,0.0
6,6,29,2,1,5,0,4,0,0.0
6,6,29,1,1,1,1,0,0,0.0
6,6,29,2,1,2,0,0,2,0.0
6,6,29,1,1,1,0,1,0,0.0
6,6,29,1,1,1,1,0,0,0.0
6,6,29,1,1,5,7,0,0,2.0
6,6,29,1,1,3,0,2,1,0.0
6,6,29,2,1,2,1,0,1,0.0
6,6,29,2,2,6,0,6,0,0.0
6,6,29,1,1,1,0,1,0,0.0
6,6,9,1,1,1,0,1,0,0.0
6,6,29,2,3,6,4,1,1,0.0
6,6,29,2,2,3,0,0,1,0.0
6,6,29,1,1,4,4,0,0,0.0
6,6,29,1,1,1,0,0,0,0.0
6,6,29,2,3,7,3,2,0,0.0
6,6,29,2,2,5,3,2,0,0.0
6,6,29,2,1,7,0,1,6,0.0
6,6,29,1,1,3,3,0,0,0.0
6,6,9,1,1,1,1,0,0,0.0
6,6,29,2,1,2,0,0,1,0.0
6,6,29,2,3,15,29,0,0,9.0
6,6,29,2,1,4,3,0,1,0.0
6,6,29,2,1,6,3,0,3,0.0
6,6,29,2,1,2,2,0,0,0.0
6,6,29,2,2,2,2,0,0,0.0
6,6,29,2,1,3,1,0,0,0.0
6,6,29,2,2,3,0,0,3,0.0
6,6,29,2,1,2,0,1,1,0.0
6,6,29,1,2,2,0,0,1,0.0
6,6,29,1,2,3,0,0,0,0.0
6,6,29,1,1,1,0,1,0,0.0
6,6,29,2,2,8,1,2,4,1.0
6,6,29,1,1,1,1,0,0,0.0
6,6,29,1,2,2,0,0,1,0.0
6,6,29,2,3,5,2,0,0,0.0
6,6,29,2,4,6,0,0,0,0.0
6,6,29,2,2,2,0,0,2,0.0
6,6,9,2,1,2,0,2,0,0.0
6,6,29,1,1,1,1,0,0,0.0
6,6,9,2,4,8,1,0,7,0.0
6,6,29,2,4,27,2,0,9,2.0
6,6,29,2,3,6,1,3,0,0.0
6,6,9,1,1,5,2,2,1,0.0
6,6,46,1,1,1,0,1,0,0.0
6,6,9,2,4,8,2,1,5,0.0
6,6,29,1,1,1,0,1,0,0.0
6,6,29,1,1,1,1,0,0,0.0
6,6,9,2,1,7,7,0,0,0.0
6,6,29,1,1,1,0,1,0,0.0
6,6,16,2,2,5,1,4,0,0.0
6,6,29,2,3,10,7,2,2,1.0
6,6,29,1,1,1,0,1,0,0.0
6,6,29,1,1,3,0,1,2,0.0
6,6,29,1,1,5,0,0,1,1.0
6,6,9,1,3,14,0,10,7,3.0
6,6,24,1,2,14,3,11,1,1.0
6,6,29,1,1,1,0,0,1,0.0
6,6,29,2,3,9,8,1,0,1.0
6,6,29,2,3,13,0,22,0,4.0
6,6,29,2,1,3,0,2,0,0.0
6,6,29,1,1,2,2,0,0,0.0
6,6,29,1,1,1,0,1,0,0.0
6,7,29,2,3,10,2,2,5,0.0
6,7,29,1,1,1,1,0,0,0.0
6,7,29,1,2,5,2,0,4,1.0
6,7,29,2,3,14,1,0,12,0.0
6,7,29,2,3,13,1,5,6,0.0
6,7,44,2,3,27,5,11,11,0.0
6,7,29,1,1,1,3,0,0,1.0
6,7,29,1,1,1,1,0,0,0.0
6,7,29,1,1,2,0,0,0,0.0
6,7,29,1,1,1,1,0,0,0.0
6,7,29,1,1,5,2,2,1,0.0
6,7,29,1,1,4,5,0,0,1.0
6,7,41,2,1,2,0,1,1,0.0
6,7,29,2,4,8,5,2,2,1.0
6,7,29,2,2,10,5,3,0,0.0
6,7,29,1,1,1,0,1,0,0.0
6,7,29,1,3,6,3,3,0,0.0
6,7,29,1,1,3,0,3,0,0.0
6,7,29,1,2,4,3,0,0,0.0
6,7,41,1,1,3,3,0,0,0.0
6,7,29,1,1,1,1,0,0,0.0
6,7,29,1,1,3,3,0,0,0.0
6,7,29,2,3,4,0,1,0,0.0
6,7,29,1,2,3,0,4,0,1.0
6,7,29,2,1,2,0,0,1,0.0
6,7,24,2,1,3,0,5,0,2.0
6,7,24,1,1,5,2,1,1,0.0
6,7,29,1,1,3,4,1,0,1.0
6,7,29,1,1,1,0,1,0,0.0
6,7,29,2,3,5,3,0,1,0.0
6,7,29,1,1,5,0,6,0,1.0
6,7,29,2,2,2,0,0,2,0.0
6,7,9,2,1,9,4,3,3,1.0
6,7,29,1,2,7,3,2,2,0.0
6,7,29,1,2,4,0,4,0,0.0
6,7,29,1,1,1,0,1,0,0.0
6,7,29,2,2,7,5,0,0,0.0
6,7,38,2,2,3,0,0,3,0.0
6,7,34,1,3,6,5,1,0,0.0
6,7,29,2,2,3,0,0,3,0.0
6,7,29,1,2,3,2,1,0,0.0
6,7,29,2,1,2,1,0,1,0.0
6,7,29,2,3,3,0,2,1,0.0
6,7,29,2,3,5,0,0,1,0.0
6,7,29,1,1,1,0,1,0,0.0
6,7,29,1,1,1,1,0,0,0.0
6,7,29,2,4,28,0,6,2,0.0
6,7,29,2,1,2,1,0,0,0.0
6,7,29,1,1,1,0,1,0,0.0
6,7,29,1,1,3,0,5,0,2.0
6,7,29,1,1,1,0,1,0,0.0
6,7,29,2,5,15,7,2,0,0.0
6,7,29,1,1,1,0,2,0,1.0
6,7,29,2,2,4,2,1,1,0.0
6,7,29,1,2,2,0,0,2,0.0
6,7,29,1,1,1,0,0,0,0.0
6,7,29,2,1,12,3,0,9,0.0
6,7,29,1,2,2,0,0,1,0.0
6,7,29,1,2,3,0,2,0,0.0
6,7,29,2,3,10,1,5,0,1.0
6,7,44,1,1,1,1,0,0,0.0
6,7,29,2,3,13,3,6,1,0.0
6,7,29,1,3,3,3,0,0,0.0
6,7,29,2,2,3,0,0,0,0.0
6,7,29,1,1,1,1,0,0,0.0
6,7,29,2,1,2,0,0,2,0.0
6,7,29,1,1,2,2,0,0,0.0
6,7,9,2,1,2,0,2,0,0.0
6,7,29,2,2,3,0,0,0,0.0
6,7,29,2,5,7,2,1,0,1.0
6,7,29,1,4,8,1,6,1,0.0
6,7,29,1,1,1,0,0,1,0.0
6,7,29,2,2,8,0,5,0,0.0
6,7,29,1,1,2,0,2,0,0.0
6,7,29,2,2,4,0,3,0,0.0
6,7,29,1,1,1,1,0,0,0.0
6,7,29,2,2,8,5,0,2,1.0
6,7,29,1,1,3,3,0,0,0.0
6,7,29,2,2,13,0,0,15,2.0
6,7,29,1,1,1,0,0,1,0.0
6,7,29,1,1,2,0,0,0,0.0
6,7,29,2,2,3,0,3,0,0.0
6,7,29,1,2,5,7,0,0,2.0
6,7,29,2,4,17,2,8,3,2.0
6,7,29,2,1,12,4,2,1,1.0
6,7,16,2,5,70,0,25,0,5.0
6,7,29,1,1,4,0,4,0,0.0
6,7,29,2,2,3,0,1,0,0.0
6,7,29,1,3,4,0,0,4,0.0
6,7,29,2,1,5,3,0,0,0.0
6,7,29,2,2,4,4,0,2,2.0
6,7,29,1,2,2,0,0,1,0.0
6,7,29,1,2,2,1,0,0,0.0
6,7,29,1,1,1,1,0,0,0.0
6,7,29,1,1,1,0,1,0,0.0
6,7,29,1,1,1,0,1,0,0.0
6,7,46,1,1,4,2,1,1,0.0
6,7,9,1,1,3,0,3,0,0.0
6,7,29,1,2,3,0,4,0,1.0
6,7,29,1,4,4,0,0,2,0.0
6,7,29,2,3,7,1,1,0,0.0
6,7,29,2,2,4,4,0,0,0.0
6,7,29,1,1,3,2,0,1,0.0
6,7,9,1,1,5,0,6,0,1.0
6,7,29,1,2,3,0,2,0,1.0
6,7,29,1,1,1,0,0,1,0.0
6,7,9,1,1,1,1,0,0,0.0
6,7,9,1,1,3,3,0,1,1.0
6,7,9,1,1,2,1,0,1,0.0
6,7,9,2,3,7,4,0,4,1.0
6,7,9,2,3,9,3,2,4,0.0
6,7,34,1,1,1,1,0,0,0.0
6,7,24,1,1,1,0,1,0,0.0
6,7,10,1,1,1,1,0,0,0.0
6,7,29,2,3,11,4,1,6,0.0
6,7,29,1,1,9,2,4,0,0.0
6,8,29,2,2,3,2,0,1,0.0
6,8,29,1,1,1,0,0,1,0.0
6,8,29,1,1,1,0,1,0,0.0
6,8,9,1,1,6,0,2,5,1.0
6,8,29,1,1,1,1,0,0,0.0
6,8,29,1,1,1,0,0,0,0.0
6,8,29,2,4,13,3,2,8,0.0
6,8,9,2,1,5,0,5,0,0.0
6,8,29,1,2,2,0,0,0,0.0
6,8,27,2,4,18,2,4,12,0.0
6,8,9,2,3,11,5,6,0,0.0
6,8,29,2,2,5,4,1,0,0.0
6,8,29,1,1,6,0,6,0,0.0
6,8,9,2,3,14,7,0,7,0.0
6,8,29,1,1,1,0,0,1,0.0
6,8,29,1,2,5,0,5,0,0.0
6,8,29,2,2,5,0,4,1,0.0
6,8,29,1,1,2,1,0,1,0.0
6,8,29,1,1,1,0,1,0,0.0
6,8,24,1,1,1,0,1,0,0.0
6,8,29,1,1,1,1,0,0,0.0
6,8,29,1,1,1,1,0,0,0.0
6,8,29,1,1,1,1,0,0,0.0
6,8,29,1,1,1,0,1,0,0.0
6,8,29,1,4,7,0,0,7,0.0
6,8,29,1,1,1,0,1,0,0.0
6,8,29,1,2,3,0,1,1,0.0
6,8,29,1,1,1,0,0,1,0.0
6,8,29,2,2,6,0,5,2,1.0
6,8,29,2,2,7,0,6,0,0.0
6,8,29,1,2,13,0,13,0,0.0
6,8,29,1,1,1,1,0,0,0.0
6,8,29,1,1,3,2,0,1,0.0
6,8,29,2,1,2,0,0,2,1.0
6,8,29,1,1,1,0,1,0,0.0
6,8,29,2,1,3,0,1,1,0.0
6,8,29,2,3,5,3,0,2,1.0
6,8,29,1,1,2,0,2,0,0.0
6,8,29,2,2,3,2,0,0,0.0
6,8,29,1,2,2,0,0,1,0.0
6,8,29,2,5,7,2,0,3,0.0
6,8,29,1,1,1,0,1,0,0.0
6,8,29,2,4,7,0,3,0,0.0
6,8,29,2,1,3,0,0,5,2.0
6,8,29,1,1,1,0,0,0,1.0
6,8,29,2,4,8,3,0,9,2.0
6,8,29,1,1,1,1,0,0,0.0
6,8,29,2,5,8,0,1,2,0.0
6,8,29,2,3,5,5,0,0,1.0
6,8,29,1,1,2,0,2,0,0.0
6,8,29,1,2,3,0,2,1,0.0
6,8,29,2,2,6,4,2,0,0.0
6,8,29,2,3,13,0,7,6,2.0
6,8,29,1,1,2,2,0,0,0.0
6,8,29,1,1,1,0,1,0,0.0
6,8,29,2,1,2,0,2,0,0.0
6,8,29,1,1,1,0,1,0,0.0
6,8,29,1,1,1,0,0,0,0.0
6,8,29,1,1,1,0,0,0,0.0
6,8,9,2,2,4,3,0,1,0.0
6,8,29,1,2,3,0,3,0,0.0
6,8,29,2,1,3,0,2,1,0.0
6,8,29,2,3,7,0,4,3,0.0
6,8,29,2,1,6,0,5,1,0.0
6,8,29,2,1,7,4,0,3,0.0
6,8,29,2,1,14,6,6,2,1.0
6,8,29,2,1,9,0,6,3,1.0
6,8,9,1,1,3,5,0,0,2.0
6,8,29,2,4,7,6,0,0,1.0
6,8,29,2,1,4,0,1,2,0.0
6,8,29,2,2,5,1,1,5,1.0
6,8,29,1,1,1,1,0,0,0.0
6,8,9,1,1,1,1,0,0,0.0
6,8,29,1,2,4,0,5,0,1.0
6,8,29,2,2,8,0,11,0,2.0
6,8,29,1,1,2,0,1,1,0.0
6,8,29,2,3,4,0,0,6,2.0
6,8,29,1,1,1,1,0,0,0.0
6,8,29,1,2,4,2,0,1,0.0
6,8,29,2,5,16,2,7,0,0.0
6,8,29,1,1,1,1,0,0,0.0
6,8,29,2,1,7,1,3,2,0.0
6,8,29,2,4,13,3,4,4,0.0
6,8,29,1,1,1,0,0,1,0.0
6,8,29,1,2,2,0,1,0,1.0
6,8,29,1,3,6,0,0,4,1.0
6,8,47,1,1,1,0,0,1,0.0
6,8,9,1,1,1,1,0,0,0.0
6,8,9,2,4,16,0,11,6,1.0
6,8,29,1,2,2,1,0,1,0.0
6,8,29,2,1,3,3,0,0,0.0
6,8,29,2,1,4,1,3,0,0.0
6,8,29,1,2,2,0,0,0,0.0
6,8,29,2,3,5,0,4,3,2.0
6,8,29,2,3,30,3,9,23,7.0
6,8,29,1,1,1,0,1,0,0.0
6,8,29,2,3,8,5,0,3,1.0
6,8,29,1,1,1,0,0,1,0.0
6,8,29,2,2,6,0,11,0,4.0
6,8,44,2,1,2,2,0,0,0.0
6,8,29,1,1,1,1,0,0,0.0
6,8,29,1,1,1,0,0,0,0.0
6,8,29,1,1,3,0,3,0,0.0
6,8,29,2,1,3,0,3,0,0.0
6,8,9,2,2,4,3,1,0,0.0
6,8,9,2,2,16,14,1,2,1.0
6,8,9,2,1,4,0,4,0,0.0
6,8,29,1,1,2,0,2,0,0.0
6,8,29,1,1,2,1,1,0,0.0
6,8,46,1,1,2,1,0,1,0.0
6,8,29,1,1,1,0,1,0,0.0
6,8,29,2,5,41,7,1,7,3.0
6,8,29,2,4,8,1,0,8,1.0
6,8,29,1,1,3,2,1,0,0.0
6,8,29,1,2,3,4,0,0,1.0
6,8,29,2,2,4,2,0,0,0.0
6,8,29,2,3,6,1,0,5,0.0
6,8,29,1,1,1,0,0,1,0.0
6,8,9,1,1,2,2,0,1,1.0
6,8,29,1,1,2,1,1,0,0.0
6,8,29,2,1,4,0,0,4,0.0
6,8,29,2,1,4,0,3,0,0.0
6,8,29,1,1,1,0,1,0,0.0
6,8,29,1,1,1,0,1,0,0.0
6,9,29,2,3,14,0,2,6,0.0
6,9,29,2,2,12,0,14,1,2.0
6,9,29,2,2,7,4,0,2,1.0
6,9,29,2,3,5,0,3,0,0.0
6,9,29,1,1,1,0,1,0,0.0
6,9,9,1,3,4,4,0,0,0.0
6,9,29,2,3,4,1,0,0,0.0
6,9,29,2,4,13,6,0,0,0.0
6,9,16,2,3,24,12,0,5,0.0
6,9,29,2,2,3,1,3,0,1.0
6,9,9,2,1,10,14,0,2,5.0
6,9,29,2,2,6,1,3,2,0.0
6,9,31,1,1,3,0,3,0,0.0
6,9,29,1,1,1,0,0,0,0.0
6,9,29,1,1,1,0,0,1,0.0
6,9,41,1,2,4,3,2,0,1.0
6,9,29,1,2,3,0,1,2,0.0
6,9,29,2,4,8,0,3,0,0.0
6,9,29,1,1,6,4,0,0,1.0
6,9,29,2,3,10,0,0,0,0.0
6,9,29,2,2,6,3,3,0,0.0
6,9,29,1,2,2,2,0,1,1.0
6,9,9,1,2,2,0,0,2,0.0
6,9,9,1,1,1,0,1,0,0.0
6,9,9,1,1,1,0,0,1,0.0
6,9,9,1,1,1,1,0,0,0.0
6,9,29,1,1,1,0,0,0,0.0
6,9,29,2,3,5,0,0,2,0.0
6,9,29,1,1,2,0,2,0,0.0
6,9,29,2,4,17,9,1,5,0.0
6,9,29,1,1,1,1,0,0,0.0
6,9,29,2,3,7,6,1,0,0.0
6,9,29,2,5,12,0,0,5,0.0
6,9,24,1,1,1,0,0,0,0.0
6,9,24,1,1,1,0,0,0,0.0
6,9,24,1,1,3,0,3,0,0.0
6,9,24,2,2,6,2,0,0,0.0
6,9,9,1,1,1,0,0,1,0.0
6,9,29,2,1,2,2,0,0,0.0
6,9,29,1,1,4,2,2,0,0.0
6,9,46,1,2,2,2,0,0,0.0
6,9,29,2,1,3,2,2,0,1.0
6,9,37,2,5,18,8,4,1,2.0
6,9,21,1,1,1,1,0,0,0.0
6,9,29,1,3,3,1,0,0,0.0
6,9,9,1,1,1,0,1,0,0.0
6,9,9,1,1,1,1,0,0,0.0
6,9,9,2,3,12,3,4,5,0.0
6,9,29,2,1,3,1,0,1,0.0
6,9,29,2,2,7,3,0,4,0.0
6,9,29,2,2,3,0,2,1,0.0
6,9,29,2,2,7,4,3,0,0.0
6,9,29,1,1,1,0,1,0,0.0
6,9,29,1,1,7,12,0,0,3.0
6,9,29,1,1,1,0,1,0,0.0
6,9,29,2,1,8,4,0,0,0.0
6,9,29,1,1,1,0,0,1,0.0
6,9,29,1,1,1,0,0,0,0.0
6,9,29,2,3,7,0,1,0,0.0
6,9,29,2,3,7,3,0,3,0.0
6,9,29,1,1,1,0,0,2,1.0
6,9,29,1,1,1,1,0,0,0.0
6,9,29,2,1,8,9,0,0,1.0
6,9,29,1,1,1,0,1,0,0.0
6,9,29,1,1,3,0,0,3,0.0
6,9,29,1,2,2,0,2,0,0.0
6,9,29,2,2,4,0,4,0,0.0
6,9,29,2,1,3,2,0,0,0.0
6,9,9,2,2,3,2,1,0,0.0
6,9,29,2,3,9,6,0,4,3.0
6,9,29,1,1,1,1,0,0,0.0
6,9,29,2,1,5,1,3,1,0.0
6,9,29,1,1,1,1,0,0,0.0
6,9,29,2,5,20,1,1,11,1.0
6,9,29,1,1,1,1,0,0,0.0
6,9,29,1,1,2,0,2,0,0.0
6,9,29,1,1,1,0,1,0,0.0
6,9,29,2,2,3,0,3,0,0.0
6,9,29,1,1,1,0,0,1,0.0
6,9,29,1,1,4,0,3,0,0.0
6,9,29,1,1,1,0,2,0,1.0
6,9,29,1,1,1,0,1,0,0.0
6,9,29,2,4,9,0,10,0,2.0
6,9,29,1,2,5,2,0,1,0.0
6,9,29,2,1,2,0,2,1,1.0
6,9,29,1,1,1,0,1,0,0.0
6,9,29,2,2,3,2,0,1,0.0
6,9,29,1,2,4,3,0,1,0.0
6,9,29,1,2,2,0,0,1,0.0
6,9,29,2,3,8,4,0,0,0.0
6,9,29,1,1,1,0,1,0,0.0
6,9,29,2,2,11,0,6,4,2.0
6,9,29,2,1,6,1,1,3,0.0
6,9,29,2,2,4,0,4,1,1.0
6,9,29,1,1,1,0,0,0,0.0
6,9,29,2,2,2,0,1,0,0.0
6,9,29,2,2,5,0,5,0,1.0
6,9,29,2,1,2,2,0,0,0.0
6,9,29,2,3,16,2,0,10,0.0
6,9,29,1,1,2,2,0,0,0.0
6,9,29,1,2,2,2,0,0,0.0
6,9,29,2,2,14,9,2,1,2.0
6,9,29,2,2,4,2,0,0,0.0
6,9,29,1,1,2,2,0,0,0.0
6,9,29,2,2,7,2,0,0,0.0
6,9,29,2,4,10,4,1,3,0.0
6,9,29,2,2,2,0,1,1,0.0
6,9,29,1,1,1,0,1,0,0.0
6,9,29,1,1,1,0,1,0,0.0
6,9,29,1,1,1,0,0,1,0.0
6,9,29,1,1,1,0,0,1,0.0
6,9,29,1,1,1,1,0,0,0.0
6,9,29,1,1,2,0,2,0,0.0
6,9,29,1,1,1,1,0,0,0.0
6,9,29,2,4,15,0,3,14,6.0
6,9,29,2,2,5,0,5,0,0.0
6,9,29,1,2,4,0,4,0,0.0
6,9,29,2,4,8,2,1,3,0.0
6,9,29,2,2,3,0,0,3,0.0
6,9,29,1,1,2,0,0,2,0.0
6,9,29,2,3,9,7,2,0,0.0
6,9,29,1,1,1,0,1,0,0.0
6,9,29,1,1,1,0,1,0,0.0
6,9,29,2,4,11,0,5,2,0.0
6,9,29,2,2,8,0,10,0,2.0
6,9,29,1,1,1,0,0,0,0.0
6,9,29,2,2,9,1,8,2,2.0
6,9,29,1,1,1,0,1,0,0.0
6,9,29,2,2,19,1,33,4,9.0
6,9,29,2,2,11,2,10,0,1.0
6,9,29,1,1,2,2,0,0,0.0
6,9,29,1,1,1,1,0,0,0.0
6,9,29,1,1,3,3,0,1,1.0
6,9,29,2,2,4,4,0,0,0.0
6,9,29,2,3,5,0,2,0,0.0
6,9,29,1,2,2,0,0,2,0.0
6,9,29,1,1,1,0,1,0,0.0
6,9,29,2,2,4,2,2,0,0.0
6,9,44,2,2,16,3,10,3,0.0
6,9,29,1,1,2,1,1,0,0.0
6,9,29,2,3,6,2,2,1,0.0
6,9,29,2,2,4,2,0,2,0.0
6,9,29,2,2,6,0,6,0,1.0
6,9,29,1,1,2,0,2,0,0.0
6,9,29,2,3,5,1,0,0,0.0
6,9,29,2,3,3,1,0,2,0.0
6,9,29,1,2,11,6,2,3,0.0
6,9,46,1,1,3,2,0,1,0.0
6,9,29,1,1,3,3,0,0,0.0
6,9,9,2,2,11,8,0,3,0.0
6,9,29,1,2,3,0,4,0,1.0
6,9,29,1,2,3,0,1,2,0.0
6,9,9,1,2,9,0,11,0,2.0
6,9,9,2,1,2,2,0,0,0.0
6,9,29,1,1,1,1,0,0,0.0
6,9,29,1,1,1,0,0,1,0.0
6,9,9,2,1,7,1,1,5,0.0
6,9,29,2,3,10,3,0,0,0.0
6,9,29,2,3,11,2,3,4,0.0
6,9,29,1,1,1,0,1,0,0.0
6,9,9,2,3,34,43,0,0,9.0
6,9,29,2,5,22,1,0,4,2.0
6,9,29,2,3,6,0,0,6,0.0
6,9,29,1,3,6,0,6,0,2.0
6,9,9,1,3,3,3,0,0,0.0
6,9,9,1,2,2,2,0,0,0.0
6,9,29,1,1,1,0,0,0,0.0
6,9,9,2,3,28,15,13,7,5.0
6,9,29,2,5,26,9,3,5,0.0
6,9,29,1,2,7,0,0,0,1.0
6,9,29,1,1,1,0,2,0,1.0
6,9,29,1,1,1,0,1,0,0.0
6,9,29,1,2,2,0,0,4,2.0
6,9,29,1,1,1,0,0,1,0.0
6,9,29,2,1,5,0,1,0,0.0
6,9,29,1,1,1,0,0,0,0.0
6,9,29,2,4,10,2,2,3,0.0
6,10,29,2,4,4,1,0,1,0.0
6,10,29,2,4,9,0,1,1,3.0
6,10,29,2,4,13,1,1,3,0.0
6,10,29,2,1,3,3,0,0,0.0
6,10,29,2,3,9,4,2,3,0.0
6,10,9,1,1,1,0,1,0,0.0
6,10,9,1,1,1,0,1,0,0.0
6,10,29,2,2,4,1,0,4,1.0
6,10,29,2,2,2,0,0,0,0.0
6,10,29,1,2,3,0,2,0,0.0
6,10,29,1,2,3,0,0,2,1.0
6,10,29,2,5,12,0,1,0,1.0
6,10,9,2,4,7,0,0,7,0.0
6,10,29,2,1,5,1,0,4,0.0
6,10,9,2,1,2,0,0,2,0.0
6,10,9,2,3,11,2,4,5,0.0
6,10,29,2,4,16,5,1,4,0.0
6,10,29,2,1,6,5,0,1,0.0
6,10,29,2,3,8,8,0,1,1.0
6,10,24,1,1,1,1,0,0,0.0
6,10,29,1,2,3,0,3,0,0.0
6,10,29,1,1,1,2,0,0,1.0
6,10,29,2,1,2,0,1,0,0.0
6,10,29,2,1,4,2,2,0,0.0
6,10,29,2,2,3,0,2,1,0.0
6,10,29,1,1,1,0,0,1,0.0
6,10,29,2,2,5,0,3,2,0.0
6,10,29,2,1,3,0,0,3,0.0
6,10,11,2,3,35,17,10,16,8.0
6,10,29,1,1,1,0,1,0,0.0
6,10,29,1,1,1,0,1,0,0.0
6,10,29,1,2,3,0,3,0,0.0
6,10,29,2,1,3,0,3,0,0.0
6,10,29,1,2,3,1,0,1,0.0
6,10,29,2,2,4,0,2,0,0.0
6,10,29,1,2,5,0,5,0,0.0
6,10,29,1,1,1,1,0,0,0.0
6,10,29,2,1,3,5,0,0,2.0
6,10,9,2,4,16,0,10,6,0.0
6,10,29,2,4,4,0,2,0,0.0
6,10,29,2,1,2,2,0,0,0.0
6,10,29,1,3,7,0,5,1,0.0
6,10,29,1,2,4,1,1,0,0.0
6,10,29,1,2,3,0,0,3,1.0
6,10,29,1,1,1,0,2,0,1.0
6,10,29,2,2,4,0,2,1,0.0
6,10,29,2,2,10,3,1,6,0.0
6,10,29,2,2,2,0,2,0,0.0
6,10,29,2,2,3,1,2,0,0.0
6,10,29,1,1,1,1,0,0,0.0
6,10,29,1,1,5,4,0,1,0.0
6,10,29,1,1,5,5,0,0,0.0
6,10,29,2,1,6,4,0,1,1.0
6,10,29,1,1,1,1,0,0,0.0
6,10,29,1,1,1,1,0,0,0.0
6,10,29,1,1,2,2,0,0,0.0
6,10,29,2,1,4,0,0,0,0.0
6,10,29,1,1,1,0,0,0,0.0
6,10,29,2,3,5,1,0,4,0.0
6,10,29,1,1,2,0,2,0,0.0
6,10,29,2,1,2,0,4,0,1.0
6,10,29,1,1,1,0,1,0,0.0
6,10,29,1,1,1,0,0,1,0.0
6,10,9,2,1,6,5,0,2,1.0
6,10,29,2,4,22,0,6,0,0.0
6,10,29,2,4,18,5,6,3,1.0
6,10,29,2,2,2,0,0,0,0.0
6,10,29,1,1,1,0,1,0,0.0
6,10,29,2,3,14,0,0,12,0.0
6,10,29,2,2,4,3,0,1,0.0
6,10,29,2,1,2,0,3,0,1.0
6,10,29,2,2,6,1,2,0,0.0
6,10,46,1,1,2,1,1,0,0.0
6,10,29,2,1,6,7,0,0,1.0
6,10,29,1,2,2,0,1,0,0.0
6,10,29,2,2,5,1,0,4,0.0
6,10,29,1,1,1,0,0,1,0.0
6,10,29,1,1,2,2,0,0,0.0
6,10,29,2,1,3,0,0,1,0.0
6,10,29,1,2,2,1,1,0,0.0
6,10,29,1,1,2,0,0,0,0.0
6,10,29,2,1,9,5,1,0,0.0
6,10,29,2,2,15,2,8,5,0.0
6,10,29,1,1,1,0,1,0,0.0
6,10,29,1,1,1,0,1,0,0.0
6,10,29,2,4,11,1,0,2,0.0
6,10,29,1,3,4,2,0,2,0.0
6,10,29,1,1,1,1,0,0,0.0
6,10,29,1,1,3,1,2,0,0.0
6,10,29,2,2,4,4,0,0,0.0
6,10,29,1,1,1,0,0,1,0.0
6,10,9,2,3,11,5,4,2,0.0
6,10,44,2,1,3,1,2,0,0.0
6,10,29,1,1,2,0,0,2,0.0
6,10,29,1,1,1,0,1,0,0.0
6,10,29,2,1,5,2,0,0,0.0
6,10,29,1,1,1,0,2,0,1.0
6,10,29,1,1,3,3,0,0,0.0
6,10,29,1,1,2,0,0,2,0.0
6,10,29,2,1,3,0,2,0,0.0
6,10,29,2,2,7,2,0,4,0.0
6,10,29,1,1,1,0,1,0,0.0
6,10,29,2,2,4,0,4,0,1.0
6,10,29,1,1,3,0,3,0,0.0
6,10,29,2,2,7,0,7,0,0.0
6,10,29,1,1,4,0,1,2,0.0
6,10,29,2,3,8,5,1,0,0.0
6,10,29,2,1,2,1,1,0,0.0
6,10,29,1,2,3,1,1,1,0.0
6,10,29,2,3,9,5,0,1,0.0
6,10,29,2,2,4,1,1,2,0.0
6,10,29,2,1,2,1,0,0,0.0
6,10,29,1,1,1,1,0,0,0.0
6,10,29,2,3,5,0,4,0,0.0
6,10,29,1,1,1,0,1,0,0.0
6,10,29,2,1,2,1,0,1,0.0
6,10,29,2,3,6,0,0,1,3.0
6,10,29,2,1,7,0,2,5,0.0
6,10,29,1,1,1,0,0,1,0.0
6,10,29,2,1,7,0,7,0,0.0
6,10,29,1,1,1,0,1,0,0.0
6,10,29,1,1,1,0,1,0,0.0
6,10,29,1,1,2,2,0,0,0.0
6,10,29,2,1,18,11,3,2,2.0
6,10,9,2,1,11,0,11,0,0.0
6,10,29,2,3,8,2,2,2,0.0
6,10,29,1,1,1,0,1,0,0.0
6,10,29,2,1,2,0,0,0,0.0
6,10,31,2,3,6,2,2,2,2.0
6,10,29,1,3,3,0,0,6,2.0
6,10,29,1,1,1,1,0,0,0.0
6,10,29,2,4,20,0,3,3,0.0
6,10,9,2,3,11,3,4,4,0.0
6,10,44,2,3,6,1,2,3,0.0
6,10,29,1,2,4,0,3,2,1.0
6,10,29,1,2,2,0,0,0,0.0
6,10,29,1,2,4,0,4,0,0.0
6,10,29,1,2,3,0,0,3,0.0
6,10,29,1,1,1,0,1,0,0.0
6,10,29,2,2,8,3,4,1,0.0
6,10,29,2,2,6,0,4,2,0.0
6,10,29,1,2,2,1,0,1,0.0
6,10,29,2,2,4,0,4,0,0.0
6,10,29,2,1,2,2,0,0,0.0
6,10,29,2,4,6,0,1,3,0.0
6,10,9,1,1,1,0,0,1,0.0
6,10,29,2,3,5,2,0,2,0.0
6,10,29,2,3,15,13,0,5,4.0
6,10,29,1,1,1,0,1,0,0.0
6,10,29,1,2,3,0,3,0,0.0
6,10,29,2,5,22,11,3,3,2.0
6,10,9,1,1,5,5,0,0,0.0
6,10,29,1,2,2,0,0,1,0.0
6,10,46,1,1,2,0,1,1,0.0
6,10,9,2,1,2,2,0,0,0.0
6,10,9,2,3,6,0,0,6,0.0
6,10,29,1,1,1,1,0,0,0.0
6,10,29,1,3,3,0,0,0,0.0
6,10,29,2,2,7,0,7,0,0.0
6,10,29,1,1,2,1,1,0,0.0
6,10,29,2,1,5,0,5,0,0.0
6,10,29,2,2,3,0,4,0,1.0
6,10,29,1,1,1,0,1,0,0.0
6,10,29,2,3,14,4,3,3,0.0
6,10,29,1,2,3,0,0,3,0.0
6,10,9,2,4,120,53,36,75,41.0
6,10,29,2,4,9,0,0,0,0.0
6,10,29,1,2,5,0,1,3,0.0
6,10,29,1,1,2,0,2,0,0.0
6,10,9,2,2,4,6,0,0,3.0
6,10,9,1,1,6,2,2,2,0.0
6,10,29,2,3,6,2,3,1,0.0
6,10,29,2,2,3,0,0,3,0.0
6,10,29,2,3,6,2,3,0,0.0
6,10,29,1,1,3,0,2,0,0.0
6,10,9,2,1,9,8,1,1,1.0
6,10,29,1,1,1,1,0,0,0.0
6,10,29,2,2,2,0,2,0,0.0
6,10,29,2,2,3,0,2,0,0.0
6,10,29,2,2,4,0,4,0,0.0
6,10,29,1,2,3,0,1,2,0.0
6,10,44,1,1,1,1,0,0,0.0
6,10,44,2,3,18,2,0,16,0.0
6,11,29,2,2,4,4,0,0,0.0
6,11,29,2,1,2,0,2,0,0.0
6,11,9,2,4,9,8,0,1,0.0
6,11,32,2,4,11,4,0,2,0.0
6,11,9,2,1,4,2,2,0,0.0
6,11,9,1,1,1,1,0,0,0.0
6,11,27,2,1,5,0,0,4,0.0
6,11,27,1,1,4,0,0,4,1.0
6,11,29,1,1,1,0,0,0,0.0
6,11,9,1,1,1,1,0,0,0.0
6,11,29,2,3,7,1,5,1,4.0
6,11,9,1,1,2,0,1,1,0.0
6,11,29,2,1,3,0,0,0,0.0
6,11,29,2,3,3,2,0,0,0.0
6,11,29,2,1,3,1,1,1,0.0
6,11,38,2,2,5,1,0,3,0.0
6,11,29,2,2,2,1,1,0,0.0
6,11,9,1,1,4,2,0,2,0.0
6,11,29,2,3,16,0,5,11,0.0
6,11,29,2,2,5,0,0,2,0.0
6,11,29,1,1,1,0,1,0,0.0
6,11,9,1,1,1,1,0,0,0.0
6,11,9,2,1,2,0,1,1,0.0
6,11,9,2,1,5,0,0,5,0.0
6,11,29,1,2,3,3,0,0,0.0
6,11,29,2,2,6,0,2,0,0.0
6,11,29,2,2,6,8,1,0,2.0
6,11,24,2,5,24,4,1,2,0.0
6,11,29,2,3,4,4,0,0,0.0
6,11,21,2,3,3,0,0,0,0.0
6,11,29,1,1,1,0,1,0,0.0
6,11,29,1,1,1,0,1,0,0.0
6,11,29,1,1,3,3,0,0,0.0
6,11,29,2,3,4,0,3,0,0.0
6,11,29,1,1,1,0,1,0,0.0
6,11,29,2,3,7,0,6,0,0.0
6,11,29,2,4,6,0,2,1,0.0
6,11,9,1,1,3,3,0,0,0.0
6,11,24,1,2,2,2,0,0,0.0
6,11,29,1,2,3,2,0,0,0.0
6,11,29,1,1,1,1,0,0,0.0
6,11,24,2,1,3,0,3,1,1.0
6,11,9,2,3,7,5,0,2,0.0
6,11,29,1,1,3,0,2,1,0.0
6,11,29,1,1,1,0,0,1,0.0
6,11,29,2,3,7,0,4,3,0.0
6,11,29,2,5,18,0,0,1,0.0
6,11,29,2,2,6,4,0,2,0.0
6,11,29,2,2,8,0,9,0,1.0
6,11,29,2,1,5,2,0,3,0.0
6,11,29,2,2,8,3,3,0,0.0
6,11,29,1,1,1,0,1,0,0.0
6,11,29,1,1,1,1,0,0,0.0
6,11,29,2,2,3,2,0,1,0.0
6,11,29,1,3,7,4,1,0,0.0
6,11,29,1,2,2,0,0,0,0.0
6,11,29,1,1,1,2,0,0,1.0
6,11,29,1,1,1,0,1,0,0.0
6,11,29,2,2,7,0,8,0,1.0
6,11,29,1,2,2,0,2,0,0.0
6,11,29,1,1,1,0,0,0,0.0
6,11,29,1,1,1,0,0,1,0.0
6,11,29,1,1,1,1,0,0,0.0
6,11,29,1,2,2,0,0,0,0.0
6,11,29,2,1,10,4,2,1,0.0
6,11,29,2,1,3,0,2,2,1.0
6,11,34,1,3,4,0,2,2,0.0
6,11,9,2,4,22,8,3,11,0.0
6,11,29,2,1,15,0,0,16,1.0
6,11,29,2,4,18,6,7,4,0.0
6,11,29,2,2,3,2,0,0,0.0
6,11,29,2,3,9,7,2,0,0.0
6,11,29,1,1,1,0,0,1,0.0
6,11,29,1,1,2,0,2,0,0.0
6,11,29,2,2,3,2,0,0,0.0
6,11,29,2,4,18,1,10,1,4.0
6,11,29,1,1,2,0,1,1,0.0
6,11,29,1,1,1,0,1,0,0.0
6,11,29,2,3,21,9,3,2,1.0
6,11,29,2,2,2,1,1,0,0.0
6,11,29,2,4,11,9,1,4,2.0
6,11,29,2,3,7,2,4,1,0.0
6,11,29,2,1,2,2,0,0,0.0
6,11,29,2,3,5,0,2,2,0.0
6,11,29,1,1,1,2,0,0,1.0
6,11,29,1,1,1,1,0,0,0.0
6,11,9,2,2,15,4,3,8,0.0
6,11,29,2,2,7,0,7,0,0.0
6,11,29,2,1,3,0,2,1,0.0
6,11,29,1,1,2,0,2,0,0.0
6,11,29,2,4,17,1,1,8,0.0
6,11,29,2,2,5,1,2,1,0.0
6,11,24,1,2,2,0,1,1,0.0
6,11,29,1,1,1,0,1,0,0.0
6,11,1,1,2,2,0,0,1,1.0
6,11,29,1,1,3,3,0,0,0.0
6,11,29,1,1,1,0,0,0,0.0
6,11,29,2,2,7,1,0,5,1.0
6,11,29,2,3,7,5,2,0,0.0
6,11,29,1,3,3,2,0,0,0.0
6,11,46,2,3,5,2,0,2,0.0
6,11,29,1,1,1,0,0,0,0.0
6,11,29,1,1,2,0,2,0,0.0
6,11,29,2,2,4,0,0,1,0.0
6,11,29,1,1,1,0,0,1,0.0
6,11,29,1,1,1,1,0,0,0.0
6,11,29,1,1,2,0,1,1,0.0
6,11,29,2,1,8,8,0,2,2.0
6,11,29,2,1,6,4,0,0,0.0
6,11,46,2,1,3,2,2,0,1.0
6,11,29,1,1,2,0,0,1,0.0
6,11,29,2,4,8,0,0,8,0.0
6,11,44,2,1,2,0,0,3,1.0
6,11,29,2,2,2,1,1,0,0.0
6,11,29,2,1,3,0,2,1,0.0
6,11,29,2,2,2,0,1,1,0.0
6,11,29,1,1,1,0,0,0,0.0
6,11,29,2,4,11,0,0,0,0.0
6,11,29,2,3,10,0,6,4,0.0
6,11,29,2,1,2,3,0,0,1.0
6,11,9,2,4,24,20,9,2,5.0
6,11,29,2,3,16,0,14,1,0.0
6,11,29,2,1,3,3,0,0,0.0
6,11,29,2,3,8,8,3,0,2.0
6,11,31,2,1,4,0,3,2,2.0
6,11,29,1,1,1,1,0,0,0.0
6,11,29,1,2,4,0,3,0,0.0
6,11,29,1,2,5,0,5,0,0.0
6,11,29,2,5,28,0,0,0,4.0
6,11,29,1,1,3,0,1,2,0.0
6,11,29,2,1,3,0,0,0,0.0
6,11,29,2,3,4,0,0,1,0.0
6,11,29,2,4,7,7,0,4,3.0
6,11,29,1,1,1,0,1,0,0.0
6,11,46,2,1,3,0,0,0,0.0
6,11,29,2,3,6,0,0,6,0.0
6,11,29,1,1,2,2,0,0,0.0
6,11,29,1,1,1,0,0,1,0.0
6,11,29,1,1,1,0,1,0,0.0
6,11,9,1,1,1,0,1,0,0.0
6,11,9,2,2,2,2,0,0,0.0
6,11,29,1,1,2,0,0,0,0.0
6,11,9,2,4,9,3,3,3,0.0
6,11,46,1,1,6,3,1,2,0.0
6,11,9,2,1,6,1,2,3,0.0
6,11,9,2,2,5,0,4,1,0.0
6,11,29,1,1,1,0,1,0,0.0
6,11,9,1,1,1,0,1,0,0.0
6,11,29,2,3,12,4,1,0,0.0
6,11,29,1,1,1,0,0,0,0.0
6,11,29,1,1,2,0,1,0,0.0
6,11,41,1,1,1,1,0,0,0.0
6,11,29,2,4,21,19,0,4,3.0
6,11,29,1,1,1,0,1,0,0.0
6,11,29,2,4,26,9,4,6,2.0
6,11,16,2,1,2,2,0,0,0.0
6,11,9,2,1,9,5,0,4,0.0
6,11,9,1,1,1,0,0,1,0.0
6,11,16,1,1,1,0,0,1,0.0
6,11,29,2,1,10,1,9,0,0.0
6,11,29,1,1,1,0,0,0,0.0
6,11,29,2,1,5,0,3,1,0.0
6,11,29,2,2,9,0,7,1,0.0
6,11,9,1,1,3,0,2,1,0.0
6,11,9,1,1,1,1,0,0,0.0
6,11,29,1,1,1,0,1,0,0.0
6,11,29,1,1,1,0,0,1,0.0
6,11,29,2,1,7,4,0,3,0.0
6,11,29,2,4,11,4,5,3,1.0
6,11,29,2,5,21,6,0,0,0.0
6,12,29,2,2,2,1,0,0,0.0
6,12,29,2,3,3,2,0,0,0.0
6,12,29,1,1,1,0,1,0,0.0
6,12,29,2,3,11,0,10,0,0.0
6,12,29,2,2,2,0,0,2,0.0
6,12,29,1,4,6,0,0,0,0.0
6,12,29,1,1,1,0,1,0,0.0
6,12,29,1,1,1,0,2,0,1.0
6,12,27,1,2,2,1,1,0,0.0
6,12,29,2,3,4,0,2,0,0.0
6,12,29,1,1,1,0,1,0,0.0
6,12,29,1,1,1,0,1,0,0.0
6,12,24,1,2,3,0,1,0,0.0
6,12,29,2,3,8,1,1,3,0.0
6,12,9,2,1,6,3,3,0,0.0
6,12,41,1,1,2,1,0,0,0.0
6,12,9,2,4,13,7,2,5,1.0
6,12,9,2,1,6,0,6,0,0.0
6,12,29,1,1,2,0,2,0,0.0
6,12,29,2,1,4,0,0,0,0.0
6,12,29,1,2,2,0,0,2,0.0
6,12,24,2,4,38,6,6,36,14.0
6,12,29,2,2,3,0,1,2,0.0
6,12,29,1,2,3,2,1,0,0.0
6,12,29,1,1,1,0,1,0,0.0
6,12,29,2,2,8,2,6,0,0.0
6,12,29,1,1,1,0,0,1,0.0
6,12,9,2,2,10,0,11,0,1.0
6,12,29,1,2,2,0,0,1,0.0
6,12,29,2,4,16,14,0,0,4.0
6,12,29,2,3,14,0,0,14,1.0
6,12,18,2,5,14,0,3,1,0.0
6,12,29,1,1,1,0,1,0,0.0
6,12,29,2,1,4,0,3,1,0.0
6,12,29,1,1,1,0,0,1,0.0
6,12,29,1,1,1,0,0,1,0.0
6,12,29,1,1,1,1,0,0,0.0
6,12,29,1,1,7,20,0,0,3.0
6,12,31,2,2,3,0,4,0,1.0
6,12,29,1,1,1,0,0,1,0.0
6,12,29,1,1,1,0,1,0,0.0
6,12,29,2,3,12,10,2,0,0.0
6,12,29,1,1,1,0,0,1,0.0
6,12,29,1,1,4,0,5,0,1.0
6,12,29,1,1,1,1,0,0,0.0
6,12,29,1,1,2,2,0,0,0.0
6,12,29,1,2,2,0,0,0,2.0
6,12,29,2,3,7,4,0,2,0.0
6,12,29,2,1,4,0,3,0,0.0
6,12,29,1,1,2,1,0,0,0.0
6,12,29,1,1,1,1,0,0,0.0
6,12,29,2,5,14,3,1,3,0.0
6,12,29,1,1,1,0,0,1,0.0
6,12,29,1,1,5,3,2,0,0.0
6,12,29,2,1,2,0,0,0,0.0
6,12,29,2,5,28,1,0,16,0.0
6,12,34,1,2,3,0,3,0,0.0
6,12,29,1,1,1,1,0,0,0.0
6,12,29,2,4,7,6,0,1,0.0
6,12,29,2,2,5,1,0,0,0.0
6,12,29,1,1,1,0,0,0,0.0
6,12,29,1,1,1,0,1,0,0.0
6,12,29,1,1,1,0,0,0,1.0
6,12,29,2,4,9,5,0,0,0.0
6,12,9,1,1,1,1,0,0,0.0
6,12,29,2,1,2,0,1,1,0.0
6,12,29,1,1,1,0,0,0,0.0
6,12,29,2,3,13,5,0,0,1.0
6,12,29,2,3,25,23,1,4,3.0
6,12,29,2,1,6,0,7,0,1.0
6,12,29,2,1,6,3,0,0,1.0
6,12,29,2,3,9,1,7,0,0.0
6,12,29,2,1,3,1,1,1,0.0
6,12,29,2,4,8,5,0,4,1.0
6,12,29,2,3,13,4,7,0,1.0
6,12,29,1,1,5,2,0,3,0.0
6,12,29,2,3,6,6,0,0,0.0
6,12,29,1,1,1,0,0,1,0.0
6,12,9,2,3,16,12,0,9,4.0
6,12,29,2,1,2,0,2,0,0.0
6,12,29,1,2,2,1,1,0,0.0
6,12,29,1,1,1,1,0,0,0.0
6,12,29,2,4,6,1,0,0,2.0
6,12,29,2,1,4,4,0,0,0.0
6,12,29,2,1,2,0,2,0,0.0
6,12,29,2,2,3,0,0,3,0.0
6,12,29,2,3,9,3,5,1,0.0
6,12,29,2,3,8,3,1,3,0.0
6,12,29,2,1,6,0,2,3,1.0
6,12,29,2,1,3,1,0,1,0.0
6,12,29,2,2,2,0,0,0,1.0
6,12,29,2,3,5,1,0,4,0.0
6,12,29,1,1,1,0,0,0,0.0
6,12,43,2,2,11,7,6,0,1.0
6,12,29,2,3,10,4,0,6,0.0
6,12,29,1,1,3,0,0,2,0.0
6,12,29,1,1,2,1,0,0,0.0
6,12,29,2,3,5,0,1,4,0.0
6,12,29,1,1,1,1,0,0,0.0
6,12,29,1,2,3,0,1,0,0.0
6,12,29,2,2,23,0,16,2,1.0
6,12,29,1,1,1,0,0,1,0.0
6,12,29,2,2,4,1,2,0,1.0
6,12,29,2,2,5,0,0,2,0.0
6,12,29,1,1,1,1,0,0,0.0
6,12,29,1,1,3,3,0,0,0.0
6,12,29,2,2,6,0,6,0,0.0
6,12,29,1,2,6,0,3,2,0.0
6,12,9,1,1,1,0,1,0,0.0
6,12,9,1,1,2,0,3,0,1.0
6,12,46,2,1,11,2,3,3,0.0
6,12,29,1,1,2,0,0,0,0.0
6,12,29,1,1,1,0,0,2,1.0
6,12,29,2,4,9,2,4,3,0.0
6,12,29,1,2,3,0,1,2,1.0
6,12,29,2,2,3,1,2,0,0.0
6,12,29,2,3,4,1,2,0,0.0
6,12,29,2,3,11,1,0,7,1.0
6,12,29,2,2,4,0,4,0,0.0
6,12,29,2,3,5,3,0,2,0.0
6,12,29,1,1,3,0,1,0,0.0
6,12,29,1,1,2,0,3,0,1.0
6,12,44,1,1,1,0,0,1,0.0
6,12,29,2,1,2,0,0,0,0.0
6,12,29,1,1,1,0,0,2,1.0
6,12,29,2,2,11,6,0,0,0.0
6,12,29,1,2,5,0,5,0,0.0
6,12,29,1,1,4,4,0,0,0.0
6,12,29,1,2,5,0,4,0,0.0
6,12,29,1,1,1,1,0,0,0.0
6,12,9,1,1,4,4,0,0,0.0
6,12,9,2,2,3,1,0,2,0.0
6,12,9,1,1,1,0,0,1,0.0
6,12,9,2,2,6,0,6,0,0.0
6,12,29,1,3,4,1,1,0,0.0
6,12,46,2,1,7,4,2,1,0.0
6,12,29,1,2,4,0,0,4,0.0
6,12,9,1,2,5,0,7,0,2.0
6,12,29,2,4,21,7,6,4,0.0
6,12,29,1,1,1,0,1,0,0.0
6,12,29,2,4,10,0,2,6,0.0
6,12,29,2,1,6,0,0,6,0.0
6,12,29,1,1,1,0,0,0,0.0
6,12,29,2,1,2,0,0,0,0.0
6,12,29,2,2,4,3,0,0,0.0
6,12,9,2,1,4,7,0,0,2.0
6,12,45,1,1,2,1,0,0,0.0
6,12,29,2,3,11,3,1,4,0.0
6,12,29,2,1,2,0,0,0,0.0
6,12,29,1,1,1,1,0,0,0.0
6,12,29,2,5,98,0,23,38,7.0
6,12,29,2,2,3,2,1,0,0.0
6,12,9,2,4,9,3,2,4,0.0
6,12,29,2,2,5,0,0,0,0.0
6,12,9,1,1,1,1,0,0,0.0
6,12,29,1,1,1,0,0,1,0.0
6,12,46,2,3,7,4,0,3,0.0
6,12,9,1,1,2,2,0,0,0.0
6,12,29,2,5,12,5,0,1,0.0
6,13,29,2,3,10,1,0,0,0.0
6,13,29,1,1,1,0,0,1,0.0
6,13,21,1,1,2,1,0,1,0.0
6,13,9,2,4,26,7,0,22,3.0
6,13,29,2,2,3,0,0,1,1.0
6,13,9,2,1,26,10,7,9,0.0
6,13,29,2,5,31,3,4,13,0.0
6,13,41,1,1,1,1,0,0,0.0
6,13,9,2,2,11,10,0,1,0.0
6,13,29,2,4,26,10,0,11,1.0
6,13,29,1,1,1,0,0,1,0.0
6,13,29,2,1,2,0,1,0,0.0
6,13,24,2,3,5,1,2,2,0.0
6,13,9,1,2,7,5,2,0,0.0
6,13,29,2,2,16,4,6,5,0.0
6,13,29,2,2,4,4,0,1,1.0
6,13,9,2,1,4,3,1,0,0.0
6,13,9,1,1,5,6,0,0,1.0
6,13,29,1,1,2,0,2,0,0.0
6,13,29,2,4,5,3,0,0,0.0
6,13,29,1,1,3,1,2,0,0.0
6,13,24,2,3,9,4,0,6,3.0
6,13,29,2,1,8,3,4,1,1.0
6,13,29,2,2,3,0,1,2,0.0
6,13,29,1,1,1,0,0,1,0.0
6,13,11,2,2,11,4,6,2,1.0
6,13,29,1,1,1,0,0,0,0.0
6,13,29,2,4,9,5,0,1,0.0
6,13,29,1,1,1,0,1,0,0.0
6,13,29,1,1,1,0,1,0,0.0
6,13,29,2,2,2,0,0,2,0.0
6,13,29,2,1,3,1,0,2,0.0
6,13,9,2,1,3,4,0,0,1.0
6,13,24,2,3,24,13,5,7,1.0
6,13,24,2,2,11,0,13,0,1.0
6,13,29,2,1,2,0,0,0,1.0
6,13,29,2,1,5,0,5,0,0.0
6,13,9,2,2,5,0,9,0,1.0
6,13,29,1,2,3,0,0,1,0.0
6,13,29,2,1,6,0,5,1,2.0
6,13,29,2,3,3,1,0,0,0.0
6,13,29,1,2,2,2,0,0,0.0
6,13,29,1,2,6,0,6,0,0.0
6,13,29,2,2,3,0,0,0,0.0
6,13,29,2,4,8,0,0,7,0.0
6,13,29,2,1,2,0,1,1,0.0
6,13,29,1,1,3,1,2,0,0.0
6,13,29,1,1,2,2,0,0,2.0
6,13,29,1,1,1,0,2,0,1.0
6,13,29,1,1,2,0,0,2,0.0
6,13,29,2,3,11,5,5,1,0.0
6,13,9,1,3,5,1,4,0,0.0
6,13,29,2,2,3,0,0,3,0.0
6,13,29,1,1,8,3,2,3,0.0
6,13,29,1,1,1,0,0,1,0.0
6,13,29,1,1,2,0,0,2,0.0
6,13,29,1,1,1,0,0,0,0.0
6,13,29,1,1,1,0,1,0,0.0
6,13,29,1,2,2,0,1,1,0.0
6,13,29,2,2,12,4,0,3,1.0
6,13,29,2,3,18,9,2,1,0.0
6,13,29,1,1,1,0,1,0,0.0
6,13,29,1,1,5,1,1,2,0.0
6,13,29,1,1,1,0,1,0,0.0
6,13,9,1,1,1,0,1,0,0.0
6,13,29,2,1,3,2,1,0,0.0
6,13,29,2,5,10,6,1,0,1.0
6,13,29,1,1,1,0,0,1,0.0
6,13,29,2,4,8,5,0,1,1.0
6,13,29,1,1,2,0,0,0,0.0
6,13,29,1,3,3,3,0,0,0.0
6,13,9,1,1,2,2,0,0,0.0
6,13,29,2,2,2,1,0,1,0.0
6,13,9,2,4,12,5,3,4,0.0
6,13,29,1,1,1,0,0,0,0.0
6,13,29,2,2,6,4,1,1,0.0
6,13,29,2,3,4,2,0,2,0.0
6,13,29,2,1,8,12,0,0,3.0
6,13,29,1,1,1,0,1,0,0.0
6,13,29,2,4,7,2,1,3,0.0
6,13,29,1,1,1,0,1,0,0.0
6,13,29,1,2,3,1,0,1,0.0
6,13,29,1,2,2,0,1,1,0.0
6,13,29,2,2,7,2,2,2,0.0
6,13,29,2,3,11,6,0,5,0.0
6,13,29,2,1,8,4,2,3,1.0
6,13,29,1,1,1,0,0,0,0.0
6,13,29,1,1,2,0,2,0,0.0
6,13,46,1,1,2,0,3,0,1.0
6,13,9,1,1,1,1,0,0,0.0
6,13,29,1,2,3,1,1,1,0.0
6,13,29,2,1,3,0,0,2,0.0
6,13,29,1,1,2,0,1,1,0.0
6,13,29,2,3,7,2,0,1,0.0
6,13,29,2,1,7,10,0,0,5.0
6,13,9,2,4,13,5,2,6,0.0
6,13,9,1,1,1,1,0,0,0.0
6,13,44,1,1,1,1,0,0,0.0
6,13,29,2,1,3,0,0,1,0.0
6,13,29,2,2,6,5,0,1,0.0
6,13,29,2,3,20,18,1,0,2.0
6,13,29,1,1,1,1,0,0,0.0
6,13,29,2,4,9,0,0,0,0.0
6,13,29,2,5,19,0,0,9,1.0
6,13,29,2,2,2,1,0,0,0.0
6,13,29,1,3,12,1,4,4,0.0
6,13,29,2,1,3,4,0,0,1.0
6,13,29,2,2,3,0,2,1,0.0
6,13,29,1,1,1,0,1,0,0.0
6,13,29,2,3,7,0,2,2,0.0
6,13,29,2,2,3,2,0,1,0.0
6,13,29,2,3,3,0,0,3,1.0
6,13,29,1,2,2,1,0,0,0.0
6,13,29,1,1,3,1,0,1,0.0
6,13,29,2,4,4,2,0,0,0.0
6,13,29,1,1,15,8,1,5,1.0
6,13,46,1,1,1,0,0,1,0.0
6,13,24,2,4,12,0,3,10,1.0
6,13,9,1,2,2,0,2,0,0.0
6,13,29,2,4,9,0,0,4,0.0
6,13,29,1,1,1,1,0,0,0.0
6,13,29,1,1,2,0,2,0,0.0
6,13,29,2,2,3,0,3,0,0.0
6,13,29,1,2,3,3,0,0,0.0
6,13,29,2,3,23,3,4,11,0.0
6,13,29,1,1,1,0,0,0,0.0
6,13,29,2,4,7,0,2,0,1.0
6,13,29,2,2,35,15,34,23,27.0
6,13,9,1,1,5,11,0,0,4.0
6,13,29,2,1,2,0,0,1,0.0
6,13,29,2,3,6,5,0,1,0.0
6,13,29,1,2,5,0,5,0,0.0
6,13,29,2,5,22,4,0,2,0.0
6,13,29,2,2,3,2,0,0,0.0
6,13,9,2,1,2,0,2,0,0.0
6,13,29,1,2,5,0,5,0,0.0
6,13,29,2,4,7,1,4,2,0.0
6,13,29,1,2,4,1,2,1,0.0
6,13,44,2,2,3,0,3,0,0.0
6,14,29,2,1,4,0,0,2,1.0
6,14,9,2,4,5,1,1,3,0.0
6,14,9,1,1,1,0,0,1,0.0
6,14,29,2,1,2,0,2,0,0.0
6,14,29,1,1,1,1,0,0,0.0
6,14,29,2,3,9,2,2,1,0.0
6,14,29,1,1,2,0,2,0,0.0
6,14,9,2,2,8,4,3,1,0.0
6,14,29,1,1,2,0,2,0,0.0
6,14,9,1,1,1,0,0,1,0.0
6,14,24,1,1,1,0,0,1,0.0
6,14,29,2,3,9,1,4,4,0.0
6,14,29,1,1,3,1,0,2,0.0
6,14,11,2,2,7,1,3,3,0.0
6,14,21,1,1,4,5,0,0,1.0
6,14,29,2,4,7,4,0,4,1.0
6,14,29,2,2,6,1,3,2,0.0
6,14,29,1,2,2,0,0,2,0.0
6,14,29,1,1,1,0,1,0,0.0
6,14,29,1,1,2,0,2,0,0.0
6,14,29,2,1,5,5,0,0,0.0
6,14,29,2,1,4,0,4,2,2.0
6,14,29,2,2,6,0,7,0,1.0
6,14,29,2,4,6,0,0,1,0.0
6,14,29,2,3,4,4,0,0,0.0
6,14,29,1,1,1,1,0,0,0.0
6,14,29,2,1,2,0,2,0,0.0
6,14,29,2,3,6,2,0,0,1.0
6,14,29,1,1,1,0,0,2,1.0
6,14,29,1,2,4,0,4,0,0.0
6,14,29,2,3,17,3,4,3,0.0
6,14,29,1,1,4,0,0,2,0.0
6,14,29,1,1,3,3,0,0,0.0
6,14,29,2,3,5,1,0,4,1.0
6,14,29,2,3,3,0,0,1,0.0
6,14,29,1,1,3,0,0,3,0.0
6,14,29,2,2,6,0,0,3,1.0
6,14,29,2,3,8,5,0,1,1.0
6,14,29,1,1,5,0,2,3,0.0
6,14,29,2,4,8,2,4,0,0.0
6,14,29,1,1,3,2,0,1,0.0
6,14,29,2,3,18,0,11,5,0.0
6,14,29,2,4,12,1,1,6,0.0
6,14,24,1,1,1,0,1,0,0.0
6,14,29,1,1,4,1,1,2,0.0
6,14,29,1,1,1,0,0,0,0.0
6,14,29,2,1,3,0,0,3,0.0
6,14,29,1,2,4,0,0,2,0.0
6,14,29,1,2,3,0,0,1,0.0
6,14,29,2,2,7,10,0,1,4.0
6,14,29,2,4,10,0,6,2,0.0
6,14,29,2,1,4,0,7,0,2.0
6,14,29,1,1,3,0,3,0,0.0
6,14,29,2,2,5,0,0,5,0.0
6,14,29,2,3,8,3,1,1,0.0
6,14,29,1,1,2,0,0,2,0.0
6,14,29,2,3,9,7,2,0,0.0
6,14,29,2,2,2,0,0,1,0.0
6,14,9,1,3,5,7,0,0,2.0
6,14,29,1,1,6,3,0,1,0.0
6,14,29,1,2,2,0,0,0,0.0
6,14,29,1,1,1,0,1,0,0.0
6,14,29,2,2,2,2,0,0,0.0
6,14,29,1,2,2,0,0,2,0.0
6,14,29,1,1,1,0,0,1,0.0
6,14,29,2,2,4,1,0,0,0.0
6,14,29,1,2,2,0,0,2,0.0
6,14,21,2,2,15,0,15,0,0.0
6,14,9,2,2,4,0,0,4,0.0
6,14,29,1,2,3,1,0,3,1.0
6,14,29,1,1,1,0,1,0,0.0
6,14,46,2,1,2,0,1,1,0.0
6,14,46,1,1,1,1,0,0,0.0
6,14,46,1,1,1,0,0,1,0.0
6,14,9,2,3,7,1,5,1,0.0
6,14,29,2,1,10,3,3,2,0.0
6,14,29,1,1,1,0,0,1,0.0
6,14,12,2,3,22,16,1,1,4.0
6,14,29,2,3,13,1,0,0,0.0
6,14,29,1,1,2,2,0,0,0.0
6,14,29,1,1,3,0,2,4,3.0
6,14,29,2,3,7,0,3,4,0.0
6,14,9,2,1,7,3,3,1,0.0
6,14,9,1,2,4,0,0,4,0.0
6,14,29,2,3,4,0,1,3,0.0
6,14,29,2,4,12,0,11,0,1.0
6,14,29,2,4,9,3,0,5,2.0
6,14,9,2,2,2,0,1,1,0.0
6,14,9,2,3,14,6,3,5,0.0
6,14,29,2,2,6,1,0,2,0.0
6,15,29,2,4,16,0,2,4,0.0
6,15,29,1,1,2,2,0,0,0.0
6,15,29,2,1,2,0,0,1,0.0
6,15,29,1,1,1,0,0,0,0.0
6,15,29,1,2,8,0,6,1,1.0
6,15,29,2,4,7,0,1,0,0.0
6,15,29,2,3,9,8,0,1,0.0
6,15,9,1,1,1,1,0,0,0.0
6,15,9,1,1,2,2,0,0,0.0
6,15,29,2,4,6,1,0,1,0.0
6,15,9,1,1,1,0,0,1,0.0
6,15,29,1,1,1,1,0,0,0.0
6,15,29,1,1,2,0,2,0,0.0
6,15,29,1,1,1,0,0,0,1.0
6,15,29,2,2,3,0,3,0,0.0
6,15,29,1,1,2,1,1,0,0.0
6,15,29,1,3,7,7,0,0,0.0
6,15,29,1,1,1,0,1,0,0.0
6,15,29,1,1,1,1,0,0,0.0
6,15,29,1,1,1,0,1,0,0.0
6,15,29,2,1,5,0,5,0,0.0
6,15,29,2,1,11,6,4,1,0.0
6,15,29,1,1,1,0,0,0,0.0
6,15,29,1,2,5,0,5,0,0.0
6,15,29,1,1,1,0,0,1,0.0
6,15,29,1,2,2,2,0,0,0.0
6,15,29,1,2,3,2,1,0,0.0
6,15,35,1,1,2,0,0,1,0.0
6,15,29,2,4,15,3,3,0,2.0
6,15,29,2,3,16,15,0,0,3.0
6,15,29,2,2,9,2,1,4,0.0
6,15,29,2,3,4,0,0,4,0.0
6,15,29,2,4,7,3,2,2,0.0
6,15,29,2,4,6,0,1,0,0.0
6,15,29,1,1,1,1,0,0,0.0
6,15,29,2,4,32,7,8,14,1.0
6,15,29,1,1,1,1,0,0,0.0
6,15,29,1,1,1,0,0,0,0.0
6,15,29,1,1,1,0,0,1,0.0
6,15,29,2,2,12,7,2,0,0.0
6,15,29,1,1,4,0,2,1,0.0
6,15,29,2,3,7,6,0,0,0.0
6,15,29,1,1,2,0,2,0,0.0
6,15,29,2,1,4,0,2,0,2.0
6,15,29,2,3,4,1,0,1,0.0
6,15,29,1,2,2,1,0,1,0.0
6,15,29,1,3,5,4,0,1,0.0
6,15,29,2,2,6,0,8,0,2.0
6,15,29,1,1,1,0,0,1,0.0
6,15,29,2,3,7,0,5,4,2.0
6,15,29,1,1,2,1,0,1,0.0
6,15,29,2,4,5,1,1,3,0.0
6,15,29,1,2,2,0,0,2,0.0
6,15,29,2,3,8,0,2,4,0.0
6,15,29,2,5,16,5,0,5,3.0
6,15,29,2,2,4,0,0,2,0.0
6,15,29,2,4,14,3,7,2,0.0
6,15,29,2,1,5,3,2,0,0.0
6,15,9,2,3,12,15,0,0,3.0
6,15,29,2,2,10,4,2,4,0.0
6,15,29,2,2,2,0,0,1,0.0
6,15,29,2,1,4,1,1,2,0.0
6,15,29,2,3,7,1,1,6,1.0
6,15,29,1,1,1,0,0,1,0.0
6,15,29,1,1,3,2,0,1,0.0
6,15,29,2,1,7,5,0,0,0.0
6,15,29,1,1,1,1,0,0,0.0
6,15,29,1,1,1,0,0,1,0.0
6,15,29,1,1,1,0,1,0,0.0
6,15,29,2,3,4,0,1,0,0.0
6,15,29,2,5,21,8,0,1,0.0
6,15,29,2,1,10,1,5,0,0.0
6,15,29,1,1,1,0,1,0,0.0
6,15,29,1,1,3,0,3,0,0.0
6,15,29,2,3,5,0,0,5,0.0
6,15,29,1,1,1,0,1,0,0.0
6,15,29,1,1,2,1,0,1,0.0
6,15,29,2,2,4,0,0,4,0.0
6,15,29,2,3,13,2,2,6,0.0
6,15,29,1,1,1,0,1,0,0.0
6,15,29,1,1,1,0,0,1,0.0
6,15,29,1,2,2,2,0,0,0.0
6,15,29,1,1,2,0,4,0,2.0
6,15,46,2,1,6,4,0,3,1.0
6,15,46,1,2,4,0,5,0,1.0
6,15,29,2,2,6,1,0,2,1.0
6,15,29,2,3,23,13,5,4,1.0
6,15,29,2,2,6,0,0,0,0.0
6,15,29,2,1,2,0,0,0,0.0
6,15,29,1,1,2,0,0,1,0.0
6,15,44,1,1,1,0,1,0,0.0
6,15,29,2,1,2,1,0,1,0.0
6,15,29,1,1,1,0,0,2,1.0
6,15,29,2,2,3,2,0,1,0.0
6,15,29,1,1,4,0,0,4,0.0
6,15,29,1,1,1,0,1,0,0.0
6,15,29,1,2,3,0,2,0,0.0
6,15,29,1,1,3,3,0,0,0.0
6,15,29,2,4,5,0,0,0,0.0
6,15,21,2,4,14,0,4,9,0.0
6,15,29,1,3,7,3,0,3,1.0
6,15,29,2,1,3,0,0,1,0.0
6,15,24,2,1,2,1,0,1,0.0
6,15,46,1,1,4,2,1,1,0.0
6,15,9,2,3,5,0,3,2,0.0
6,15,29,2,3,16,10,0,0,2.0
6,15,29,1,1,1,0,0,0,0.0
6,15,9,2,3,5,2,0,3,0.0
6,15,29,2,1,5,3,0,2,0.0
6,15,29,2,1,8,5,0,0,0.0
6,15,29,1,1,1,0,0,0,0.0
6,15,9,1,2,5,0,7,3,3.0
6,15,29,2,4,8,0,4,4,0.0
6,15,29,2,2,4,3,0,0,0.0
6,15,29,2,2,3,3,0,0,0.0
6,15,29,1,1,1,0,0,1,0.0
6,15,34,1,1,3,0,4,0,1.0
6,15,9,2,2,9,2,3,4,0.0
6,15,29,2,3,8,0,0,0,0.0
6,16,29,1,1,1,1,0,0,0.0
6,16,29,1,2,4,0,0,2,1.0
6,16,29,2,4,13,0,0,0,0.0
6,16,29,2,3,12,7,0,0,0.0
6,16,29,2,3,5,0,0,0,0.0
6,16,9,1,1,2,2,0,0,0.0
6,16,29,2,3,6,5,0,0,0.0
6,16,29,1,1,1,0,0,0,0.0
6,16,29,1,1,1,1,0,0,0.0
6,16,2,1,1,2,2,0,0,0.0
6,16,9,1,1,4,1,3,0,0.0
6,16,24,2,3,14,8,0,7,4.0
6,16,29,1,1,1,0,0,1,0.0
6,16,24,1,1,1,1,0,0,0.0
6,16,24,1,1,1,1,0,0,0.0
6,16,9,1,3,4,3,0,1,0.0
6,16,29,2,3,6,0,4,2,0.0
6,16,29,1,2,2,0,2,0,0.0
6,16,29,1,1,1,1,0,0,0.0
6,16,29,1,1,1,3,0,0,1.0
6,16,29,2,1,8,1,2,4,0.0
6,16,29,2,1,2,1,0,1,0.0
6,16,9,2,2,16,14,3,0,1.0
6,16,29,1,1,2,0,0,0,0.0
6,16,24,1,1,1,1,0,0,0.0
6,16,29,1,1,1,0,0,1,0.0
6,16,29,1,1,1,0,0,1,0.0
6,16,29,1,2,2,0,2,0,0.0
6,16,29,2,2,5,0,2,1,0.0
6,16,29,2,1,4,0,4,0,0.0
6,16,29,2,1,2,1,1,0,0.0
6,16,29,1,1,4,3,0,1,0.0
6,16,10,1,1,4,5,0,0,1.0
6,16,29,1,1,1,1,0,0,0.0
6,16,29,2,2,2,1,0,1,0.0
6,16,29,2,3,10,9,3,1,3.0
6,16,29,1,2,6,0,6,0,0.0
6,16,29,1,2,5,0,5,0,0.0
6,16,29,1,1,1,0,1,0,0.0
6,16,29,2,3,12,6,4,1,0.0
6,16,29,2,2,3,1,0,1,0.0
6,16,29,2,1,8,0,3,4,0.0
6,16,29,1,1,1,0,1,0,0.0
6,16,29,2,4,21,4,1,15,3.0
6,16,29,1,1,1,1,0,0,0.0
6,16,29,2,2,6,0,5,0,0.0
6,16,29,1,2,3,3,0,0,0.0
6,16,29,2,1,6,0,2,3,0.0
6,16,29,2,1,3,1,2,0,0.0
6,16,29,1,1,1,0,0,1,0.0
6,16,29,2,3,5,2,0,2,1.0
6,16,29,1,1,2,1,0,1,0.0
6,16,29,2,4,8,4,0,1,0.0
6,16,29,1,1,1,0,0,0,0.0
6,16,29,2,1,4,0,3,0,0.0
6,16,29,2,3,6,0,3,0,2.0
6,16,29,1,2,2,0,0,0,2.0
6,16,29,1,1,1,0,0,1,0.0
6,16,29,2,2,7,2,2,4,1.0
6,16,29,1,1,1,0,0,1,0.0
6,16,29,1,1,2,2,0,0,0.0
6,16,29,2,1,6,0,0,6,0.0
6,16,29,2,1,8,0,0,10,2.0
6,16,29,1,1,1,0,0,1,0.0
6,16,29,2,2,2,0,0,0,0.0
6,16,29,1,1,1,0,0,1,0.0
6,16,29,1,2,3,0,3,0,0.0
6,16,29,1,2,5,1,3,1,0.0
6,16,29,2,2,6,4,0,1,0.0
6,16,29,2,1,3,0,0,3,0.0
6,16,29,2,5,16,0,0,7,0.0
6,16,29,1,1,1,1,0,0,0.0
6,16,29,2,2,3,1,0,0,0.0
6,16,29,1,2,3,2,1,0,0.0
6,16,29,1,1,1,0,1,0,0.0
6,16,29,2,4,17,3,1,6,1.0
6,16,29,2,1,3,0,3,0,0.0
6,16,29,1,2,3,1,0,0,0.0
6,16,29,1,2,4,1,0,2,1.0
6,16,29,1,1,1,0,1,0,0.0
6,16,29,1,2,8,0,8,0,0.0
6,16,29,1,1,1,0,0,0,0.0
6,16,29,2,2,2,0,0,1,0.0
6,16,29,1,1,1,0,0,0,0.0
6,16,29,2,4,20,7,0,6,1.0
6,16,29,1,1,1,0,0,1,0.0
6,16,29,2,3,8,0,1,3,1.0
6,16,29,1,1,1,0,0,1,0.0
6,16,29,2,1,4,4,0,0,0.0
6,16,29,1,1,1,0,1,0,0.0
6,16,29,2,2,7,3,1,0,0.0
6,16,29,1,1,10,6,3,0,0.0
6,16,24,1,3,6,7,0,0,1.0
6,16,29,1,1,1,0,0,1,0.0
6,16,29,2,3,6,0,0,1,0.0
6,16,29,1,1,1,0,0,1,0.0
6,16,29,1,1,1,0,1,0,0.0
6,16,29,1,1,1,0,1,0,0.0
6,16,29,2,1,7,0,3,1,0.0
6,16,29,1,2,4,0,2,0,0.0
6,16,29,2,1,7,2,0,0,0.0
6,16,29,2,2,9,8,5,2,4.0
6,16,29,2,2,5,5,1,0,1.0
6,16,29,1,1,6,7,0,0,1.0
6,16,29,1,1,1,1,0,0,0.0
6,16,29,2,3,3,2,0,0,0.0
6,16,29,1,1,1,1,0,0,0.0
6,16,29,2,2,4,0,1,0,0.0
6,16,29,2,1,6,3,5,0,2.0
6,16,29,2,1,12,0,15,4,6.0
6,16,29,1,1,1,0,1,0,0.0
6,16,29,2,4,9,0,3,4,0.0
6,16,29,2,2,7,6,0,1,0.0
6,16,29,2,1,4,0,0,1,0.0
6,16,29,2,2,2,0,0,0,0.0
6,16,29,2,5,26,6,1,2,0.0
6,16,29,1,1,2,1,1,0,0.0
6,16,29,1,1,6,3,2,1,2.0
6,16,29,1,1,1,0,1,0,0.0
6,16,29,1,1,1,0,0,1,0.0
6,16,29,2,4,17,2,3,7,0.0
6,16,29,1,2,4,4,0,0,0.0
6,16,29,2,3,17,8,1,0,1.0
6,16,9,2,1,4,2,2,0,0.0
6,16,29,1,2,2,0,0,1,0.0
6,16,29,1,1,1,1,0,0,0.0
6,16,29,2,1,14,3,2,5,0.0
6,16,29,2,3,6,0,4,2,0.0
6,16,29,1,1,1,2,0,0,1.0
6,16,46,1,1,5,0,1,4,0.0
6,16,9,2,2,12,4,3,5,0.0
6,16,29,2,2,8,0,7,0,0.0
6,16,29,2,2,10,6,0,4,0.0
6,16,29,2,2,4,1,0,2,0.0
6,16,44,1,1,1,0,0,1,0.0
6,16,29,2,1,3,0,3,0,0.0
6,16,29,1,1,1,0,1,0,0.0
6,16,29,2,2,2,0,0,0,0.0
6,16,29,1,1,1,0,0,1,0.0
6,16,29,1,1,5,0,0,5,0.0
6,16,29,2,1,4,0,5,0,2.0
6,16,29,2,4,8,2,0,4,0.0
6,16,29,2,1,3,3,0,0,0.0
6,16,29,1,1,1,0,0,1,0.0
6,16,29,1,1,2,1,0,1,0.0
6,16,29,1,1,1,0,1,0,0.0
6,16,9,2,2,3,0,0,3,0.0
6,16,9,1,1,1,1,0,0,0.0
6,16,21,2,4,14,0,0,3,0.0
6,16,9,2,1,3,4,0,0,1.0
6,16,29,2,2,8,0,7,0,0.0
6,16,9,1,1,2,0,0,2,0.0
6,16,29,2,3,5,2,1,1,0.0
6,16,24,2,1,8,3,4,0,0.0
6,16,9,2,1,6,3,3,0,0.0
6,16,46,1,1,2,2,0,0,0.0
6,16,9,2,2,7,5,0,2,0.0
6,16,44,2,1,6,6,1,0,1.0
6,16,29,2,3,6,5,0,1,0.0
6,16,29,2,2,5,2,4,0,1.0
6,16,29,1,2,2,2,0,0,0.0
6,16,29,2,1,4,2,0,2,0.0
6,16,46,2,1,2,2,0,0,0.0
6,16,29,2,2,2,1,0,1,0.0
6,16,29,2,1,3,0,3,0,0.0
6,16,29,2,4,9,3,0,0,0.0
6,16,9,1,1,1,0,1,0,0.0
6,16,29,1,1,1,0,0,1,0.0
6,16,9,1,2,9,7,2,1,1.0
6,16,29,2,1,2,3,0,0,1.0
6,16,29,1,2,2,0,0,1,0.0
6,16,29,2,4,10,0,0,3,0.0
6,16,9,2,2,4,0,2,3,1.0
6,16,29,2,1,2,2,0,0,0.0
6,16,29,2,4,12,0,4,8,0.0
6,16,44,1,1,1,0,1,0,0.0
6,16,29,1,2,2,1,1,0,0.0
6,16,29,1,1,1,1,0,0,0.0
6,16,29,2,1,8,0,6,0,0.0
6,16,29,1,1,1,1,0,0,0.0
6,16,29,1,1,4,3,1,0,0.0
6,16,29,1,1,1,0,0,1,0.0
6,16,44,1,1,1,0,0,1,0.0
6,16,29,1,1,1,0,0,0,0.0
6,16,9,1,1,1,1,0,0,0.0
6,17,29,1,1,1,0,0,0,0.0
6,17,29,1,1,1,2,0,0,1.0
6,17,9,2,3,17,4,4,10,1.0
6,17,29,1,1,1,0,0,1,0.0
6,17,29,2,2,2,3,0,0,1.0
6,17,46,1,2,3,0,3,0,1.0
6,17,29,1,3,8,0,1,5,0.0
6,17,39,1,1,2,2,0,0,0.0
6,17,29,1,1,1,1,0,0,0.0
6,17,29,2,3,10,0,4,2,0.0
6,17,16,2,1,3,1,1,0,1.0
6,17,29,2,1,2,0,0,2,0.0
6,17,29,2,3,9,3,0,0,1.0
6,17,9,1,1,2,2,0,0,0.0
6,17,24,2,3,9,5,1,4,1.0
6,17,29,1,1,1,1,0,0,0.0
6,17,29,1,1,1,1,0,0,0.0
6,17,29,2,3,5,0,2,2,0.0
6,17,29,2,3,3,0,1,0,0.0
6,17,29,2,4,15,0,8,3,0.0
6,17,29,1,1,1,0,0,0,0.0
6,17,9,1,1,5,3,0,2,0.0
6,17,9,1,1,2,0,3,0,1.0
6,17,9,2,2,11,11,0,3,1.0
6,17,46,2,1,2,2,0,0,0.0
6,17,24,2,4,9,5,2,2,0.0
6,17,29,2,3,11,5,1,4,0.0
6,17,29,2,3,5,0,0,3,0.0
6,17,29,2,2,3,0,2,1,0.0
6,17,29,2,1,8,1,3,1,0.0
6,17,29,1,2,5,0,6,0,1.0
6,17,24,1,1,1,1,0,0,0.0
6,17,29,1,1,1,1,0,0,0.0
6,17,29,2,1,3,2,0,1,0.0
6,17,29,2,4,14,1,10,0,0.0
6,17,24,2,2,4,5,0,0,1.0
6,17,29,2,2,4,0,0,3,1.0
6,17,29,2,2,13,1,2,7,1.0
6,17,29,2,3,6,0,0,3,0.0
6,17,24,1,2,4,2,0,2,0.0
6,17,24,1,1,4,0,0,0,2.0
6,17,24,2,3,22,19,4,4,5.0
6,17,29,1,1,3,6,0,0,2.0
6,17,29,2,4,5,0,0,5,0.0
6,17,29,1,1,1,0,0,0,0.0
6,17,29,2,4,21,3,1,12,2.0
6,17,29,2,1,4,3,0,1,0.0
6,17,29,1,1,2,0,1,1,0.0
6,17,29,1,1,1,2,0,0,1.0
6,17,29,2,3,4,1,1,0,0.0
6,17,29,2,2,3,1,0,2,0.0
6,17,29,1,1,2,2,0,0,0.0
6,17,29,2,1,5,0,5,0,0.0
6,17,29,1,1,4,3,0,0,0.0
6,17,29,2,2,7,2,0,3,0.0
6,17,29,1,1,1,0,0,1,0.0
6,17,29,1,1,1,1,0,0,0.0
6,17,29,1,1,2,0,3,0,1.0
6,17,29,2,3,16,1,10,1,1.0
6,17,29,1,1,1,0,1,0,0.0
6,17,29,1,2,6,5,0,2,1.0
6,17,29,1,1,1,0,0,0,0.0
6,17,29,1,1,4,3,0,1,0.0
6,17,29,1,2,3,3,0,0,0.0
6,17,29,1,2,5,1,1,2,0.0
6,17,29,1,1,2,2,0,0,0.0
6,17,29,1,2,4,3,1,0,0.0
6,17,29,1,1,4,4,0,0,0.0
6,17,29,1,1,2,0,0,2,0.0
6,17,29,2,3,8,4,0,3,1.0
6,17,29,2,2,3,0,0,3,0.0
6,17,29,1,1,1,0,1,0,0.0
6,17,29,2,2,7,0,7,0,0.0
6,17,29,1,2,2,1,0,1,0.0
6,17,15,2,2,3,2,0,1,0.0
6,17,29,1,1,1,0,0,0,0.0
6,17,29,1,1,3,3,0,0,0.0
6,17,29,2,1,3,3,0,0,0.0
6,17,29,1,1,1,0,0,1,0.0
6,17,9,1,1,11,10,0,2,1.0
6,17,29,2,4,29,4,1,11,2.0
6,17,29,1,3,3,0,0,2,0.0
6,17,29,1,2,2,2,0,0,0.0
6,17,29,2,1,4,3,1,0,0.0
6,17,29,2,1,3,0,5,0,2.0
6,17,29,1,2,4,0,0,4,0.0
6,17,29,2,2,2,1,0,1,0.0
6,17,29,2,4,10,2,3,0,0.0
6,17,29,1,1,1,0,1,0,0.0
6,17,29,2,2,3,0,0,0,0.0
6,17,29,2,4,32,1,16,14,3.0
6,17,46,1,1,2,0,1,0,0.0
6,17,29,2,3,11,5,0,7,1.0
6,17,29,1,1,1,0,1,0,0.0
6,17,29,2,4,18,2,8,2,3.0
6,17,29,1,1,1,0,0,1,0.0
6,17,29,2,1,2,2,0,0,0.0
6,17,29,1,1,1,1,0,0,0.0
6,17,29,1,2,3,2,1,0,0.0
6,17,29,2,2,4,3,1,0,0.0
6,17,44,1,1,1,0,0,1,0.0
6,17,29,1,2,2,2,0,0,0.0
6,17,24,1,1,4,0,4,0,0.0
6,17,29,1,2,2,1,0,1,0.0
6,17,29,1,1,2,0,2,0,0.0
6,17,29,2,1,2,0,0,0,0.0
6,17,29,2,2,2,0,1,1,0.0
6,17,29,2,1,6,1,2,1,0.0
6,17,29,2,3,7,4,1,0,0.0
6,17,29,2,2,7,0,6,1,0.0
6,17,29,2,2,19,0,10,7,0.0
6,17,29,1,1,1,0,0,0,0.0
6,17,29,2,3,4,0,0,3,0.0
6,17,29,2,1,4,0,4,0,0.0
6,17,29,1,1,1,2,0,0,1.0
6,17,29,2,2,3,0,0,3,0.0
6,17,29,2,5,28,0,2,0,1.0
6,17,29,2,1,3,0,0,0,0.0
6,17,29,2,1,5,0,0,3,0.0
6,17,29,1,1,1,0,0,1,0.0
6,17,29,2,1,2,0,2,0,0.0
6,17,29,2,2,3,1,1,0,0.0
6,17,29,1,2,3,2,0,1,0.0
6,17,29,1,1,1,0,1,0,0.0
6,17,29,2,3,4,1,0,1,0.0
6,17,29,2,3,6,0,1,4,0.0
6,17,29,1,1,1,0,1,0,0.0
6,17,29,1,1,2,2,0,0,0.0
6,17,29,2,1,3,0,2,0,0.0
6,17,29,1,1,1,0,0,0,0.0
6,17,29,1,1,1,1,0,0,0.0
6,17,29,1,1,1,0,1,0,0.0
6,17,29,2,1,2,1,1,0,0.0
6,17,46,1,2,2,0,2,0,0.0
6,17,29,2,1,2,2,0,1,1.0
6,17,29,1,1,1,0,0,1,0.0
6,17,29,1,1,1,0,1,0,0.0
6,17,29,1,1,3,0,4,0,1.0
6,17,29,2,4,27,12,4,4,2.0
6,17,29,2,3,7,0,5,3,1.0
6,17,44,1,1,2,0,0,2,0.0
6,17,29,1,1,3,0,3,0,0.0
6,17,29,1,2,3,0,3,0,0.0
6,17,29,1,2,2,0,0,2,0.0
6,17,29,2,1,8,4,2,0,0.0
6,17,29,2,3,7,5,0,2,0.0
6,17,46,2,3,6,0,0,2,0.0
6,17,29,1,1,1,2,0,0,1.0
6,17,29,1,1,1,0,1,0,0.0
6,17,29,1,2,2,2,0,0,0.0
6,17,29,1,1,1,1,0,0,0.0
6,17,44,1,1,1,0,0,0,0.0
6,17,24,2,4,6,0,0,1,0.0
6,17,24,1,1,2,1,1,0,0.0
6,17,29,1,1,1,0,1,0,0.0
6,17,9,2,1,2,3,0,0,1.0
6,17,9,2,4,11,7,0,4,0.0
6,17,9,1,1,1,1,0,0,0.0
6,17,29,2,1,5,2,0,4,1.0
6,17,29,1,1,1,0,1,0,0.0
6,17,9,2,1,7,0,4,3,0.0
6,17,29,2,2,5,0,1,1,0.0
6,17,46,2,1,4,1,1,2,0.0
6,17,29,2,3,4,0,0,0,0.0
6,17,29,2,1,6,1,3,0,0.0
6,17,9,1,3,8,2,2,4,0.0
6,17,29,2,1,6,0,4,2,1.0
6,17,29,1,1,1,0,0,0,0.0
6,17,29,2,4,10,0,5,3,0.0
6,17,9,2,2,5,1,0,4,0.0
6,17,46,1,1,1,1,0,0,0.0
6,17,29,1,1,2,0,0,3,1.0
6,17,29,1,1,1,0,1,0,0.0
6,17,29,1,1,1,1,0,0,0.0
6,17,29,2,2,5,1,0,4,0.0
6,17,29,1,1,1,1,0,0,0.0
6,17,29,1,1,1,0,1,0,0.0
6,17,29,1,1,1,0,0,1,0.0
6,17,29,1,1,2,2,0,0,0.0
6,17,9,1,2,2,2,0,0,0.0
6,17,9,2,1,2,1,0,1,0.0
6,17,9,1,1,6,4,0,2,0.0
6,17,9,1,2,3,2,0,1,0.0
6,17,29,2,2,4,1,3,0,0.0
6,17,29,1,1,1,1,0,0,0.0
6,17,29,2,4,10,1,0,3,0.0
6,17,29,2,1,38,3,17,14,2.0
6,17,29,1,2,7,0,3,0,0.0
6,17,9,2,2,12,10,0,4,2.0
6,17,24,1,1,1,1,0,0,0.0
6,17,29,1,1,1,1,0,0,0.0
6,17,29,2,2,5,0,0,1,0.0
6,18,29,1,1,3,1,1,2,1.0
6,18,29,2,4,20,0,6,9,1.0
6,18,9,1,1,3,7,0,0,1.0
6,18,9,1,1,1,0,0,1,0.0
6,18,29,2,1,2,0,0,1,0.0
6,18,29,2,2,3,0,0,0,0.0
6,18,14,2,3,9,8,1,1,1.0
6,18,29,2,2,7,0,7,0,0.0
6,18,29,1,1,2,0,3,0,1.0
6,18,9,2,2,2,0,0,2,0.0
6,18,9,2,4,20,21,2,5,8.0
6,18,9,1,1,3,1,0,2,0.0
6,18,29,1,1,1,1,0,0,0.0
6,18,34,1,1,1,0,1,0,0.0
6,18,29,2,2,6,0,1,0,0.0
6,18,29,1,1,9,4,4,1,0.0
6,18,29,2,3,15,7,7,1,0.0
6,18,41,2,3,9,8,0,1,0.0
6,18,9,1,1,1,0,1,0,0.0
6,18,29,2,3,3,0,0,0,0.0
6,18,9,1,1,1,0,0,1,0.0
6,18,9,2,2,3,1,0,2,0.0
6,18,29,1,2,2,1,1,0,0.0
6,18,29,2,1,4,1,1,2,0.0
6,18,29,1,1,1,0,0,1,0.0
6,18,41,1,3,3,0,0,3,0.0
6,18,24,1,2,2,0,0,2,0.0
6,18,9,1,1,1,0,0,1,0.0
6,18,29,1,1,1,0,0,0,0.0
6,18,11,2,2,10,3,6,2,1.0
6,18,29,1,1,2,0,2,0,0.0
6,18,29,1,1,1,0,1,0,0.0
6,18,29,1,1,1,0,0,1,0.0
6,18,24,2,2,2,0,0,0,1.0
6,18,29,2,5,15,0,0,1,3.0
6,18,29,1,1,2,1,1,0,0.0
6,18,46,2,1,6,2,1,1,2.0
6,18,29,1,1,5,1,2,0,0.0
6,18,24,2,4,58,28,12,19,7.0
6,18,29,1,2,3,0,2,0,0.0
6,18,29,1,1,2,0,0,0,0.0
6,18,29,2,4,9,4,0,2,1.0
6,18,29,2,3,10,0,0,5,0.0
6,18,29,1,1,1,0,1,0,0.0
6,18,29,2,3,4,0,0,4,0.0
6,18,29,2,2,2,0,0,1,0.0
6,18,29,1,1,2,0,0,2,0.0
6,18,29,2,3,9,5,1,0,0.0
6,18,29,1,1,1,0,1,0,0.0
6,18,29,2,2,2,1,1,0,0.0
6,18,29,2,1,3,2,0,1,0.0
6,18,29,1,1,1,1,0,0,0.0
6,18,29,1,1,1,1,0,0,0.0
6,18,29,2,1,3,2,0,1,0.0
6,18,29,1,2,2,0,0,0,1.0
6,18,29,2,1,9,0,10,0,1.0
6,18,29,2,2,3,2,1,0,0.0
6,18,29,1,3,8,0,4,4,0.0
6,18,29,2,2,5,0,2,0,0.0
6,18,29,2,1,2,0,2,0,0.0
6,18,29,2,1,3,2,0,0,0.0
6,18,29,2,2,8,6,0,0,1.0
6,18,29,1,1,1,1,0,0,0.0
6,18,29,2,2,4,0,4,0,0.0
6,18,29,2,2,3,1,0,2,0.0
6,18,29,1,1,2,0,0,0,0.0
6,18,29,1,1,1,0,1,0,0.0
6,18,29,2,1,10,6,1,2,1.0
6,18,9,2,1,8,8,0,2,2.0
6,18,29,1,1,1,0,0,0,0.0
6,18,29,2,2,2,0,0,0,0.0
6,18,29,1,1,1,0,0,0,0.0
6,18,9,2,4,10,6,1,5,2.0
6,18,29,1,1,2,0,2,0,0.0
6,18,29,1,1,1,1,0,0,0.0
6,18,29,2,2,5,0,5,0,0.0
6,18,29,2,2,5,0,5,0,0.0
6,18,29,1,1,1,0,0,0,0.0
6,18,29,1,1,1,1,0,0,0.0
6,18,29,1,1,1,0,0,0,0.0
6,18,29,2,2,8,6,0,3,1.0
6,18,28,2,4,16,4,1,10,0.0
6,18,29,2,2,6,0,0,4,0.0
6,18,29,1,1,1,0,1,0,0.0
6,18,29,2,2,2,1,0,1,0.0
6,18,29,1,1,3,3,0,0,0.0
6,18,29,2,2,3,2,1,0,0.0
6,18,29,1,1,2,0,0,2,0.0
6,18,29,2,3,8,9,0,0,1.0
6,18,29,2,5,24,10,4,5,0.0
6,18,29,2,3,15,0,0,13,2.0
6,18,29,2,3,5,0,1,4,0.0
6,18,29,1,1,1,1,0,0,0.0
6,18,29,2,3,8,0,0,2,0.0
6,18,29,1,1,1,0,2,0,1.0
6,18,29,2,3,10,1,4,1,0.0
6,18,29,1,2,4,0,2,0,0.0
6,18,29,1,2,2,0,0,0,0.0
6,18,29,2,3,9,0,6,0,0.0
6,18,29,2,2,2,0,0,2,0.0
6,18,29,2,2,2,0,2,0,0.0
6,18,29,1,1,1,0,1,0,0.0
6,18,29,2,2,6,0,0,0,1.0
6,18,46,1,1,2,0,0,2,0.0
6,18,29,2,2,4,1,4,0,1.0
6,18,29,1,1,2,2,0,0,0.0
6,18,29,2,2,2,0,1,0,0.0
6,18,29,1,1,3,1,0,2,0.0
6,18,29,1,1,6,4,0,0,0.0
6,18,29,2,1,2,2,0,0,0.0
6,18,29,2,4,6,1,3,0,0.0
6,18,29,2,4,28,13,1,11,3.0
6,18,29,1,1,2,0,0,0,0.0
6,18,29,2,1,3,0,0,5,1.0
6,18,29,1,1,1,1,0,0,0.0
6,18,29,2,1,4,0,4,0,0.0
6,18,29,1,1,2,2,0,0,0.0
6,18,29,2,3,10,9,1,0,0.0
6,18,46,1,1,1,0,1,0,0.0
6,18,9,2,2,3,3,0,0,0.0
6,18,29,2,2,8,0,8,0,0.0
6,18,29,1,1,1,1,0,0,0.0
6,18,29,1,2,4,3,0,0,0.0
6,18,29,1,1,1,1,0,0,0.0
6,18,29,2,1,5,1,4,0,0.0
6,18,29,2,1,9,2,4,1,0.0
6,18,29,1,1,1,0,1,0,0.0
6,18,29,1,1,1,0,0,1,0.0
6,18,29,2,3,9,0,0,7,1.0
6,18,29,1,1,1,0,0,1,0.0
6,18,29,1,2,6,1,3,2,0.0
6,18,29,2,3,6,6,0,0,0.0
6,18,29,1,1,3,2,0,1,0.0
6,18,29,1,1,1,0,0,1,0.0
6,18,44,2,2,4,2,0,2,2.0
6,18,29,2,3,8,3,4,2,1.0
6,18,29,1,1,2,0,2,0,0.0
6,18,29,1,1,1,0,0,0,0.0
6,18,29,2,2,13,4,6,3,0.0
6,18,29,1,1,2,0,0,0,0.0
6,18,29,2,1,2,0,1,0,0.0
6,18,44,1,2,2,0,1,0,1.0
6,18,29,2,2,5,1,2,0,0.0
6,18,29,1,1,1,1,0,0,0.0
6,18,29,2,4,7,0,0,5,1.0
6,18,9,1,1,1,1,0,0,0.0
6,18,9,2,1,16,0,0,17,1.0
6,18,44,2,2,4,3,0,0,0.0
6,18,9,1,4,11,10,0,3,2.0
6,18,29,2,4,9,2,1,3,0.0
6,18,9,2,1,9,9,0,0,0.0
6,18,46,2,1,4,2,1,1,0.0
6,18,46,2,4,21,2,7,20,6.0
6,18,44,1,1,2,2,0,0,0.0
6,18,44,2,1,2,2,0,0,0.0
6,18,29,1,3,6,5,1,0,0.0
6,18,29,1,2,2,2,0,0,0.0
6,18,29,2,5,12,0,4,5,0.0
6,18,29,1,1,2,2,0,0,0.0
6,18,29,2,1,2,1,0,0,0.0
6,18,29,1,1,3,0,5,0,2.0
6,18,46,1,1,1,0,0,1,0.0
6,18,46,1,1,1,1,0,0,0.0
6,18,29,1,3,7,0,5,4,2.0
6,18,44,1,2,3,0,0,1,0.0
6,18,29,2,3,3,0,0,0,0.0
6,18,29,1,1,1,0,0,0,0.0
6,18,29,2,4,6,3,0,1,0.0
6,18,29,2,2,6,0,0,3,0.0
6,18,9,1,2,3,0,2,2,1.0
6,18,29,1,1,1,1,0,0,0.0
6,18,29,1,1,1,1,0,0,0.0
6,18,29,2,4,12,1,1,3,0.0
6,18,29,1,1,2,0,2,0,0.0
6,18,29,1,1,1,1,0,0,0.0
6,18,9,1,1,1,0,0,1,0.0
6,18,29,2,2,2,0,2,0,0.0
6,18,29,1,1,1,0,1,0,0.0
6,18,29,1,1,1,0,1,0,0.0
6,18,29,1,2,4,0,3,2,1.0
6,18,29,2,2,3,1,2,0,0.0
6,18,29,2,2,13,2,3,7,0.0
6,18,29,2,3,9,1,2,3,0.0
6,19,29,2,2,6,3,2,1,0.0
6,19,9,2,3,18,9,10,0,1.0
6,19,29,1,1,2,0,1,1,0.0
6,19,29,1,1,2,2,0,0,0.0
6,19,29,2,1,2,0,0,1,0.0
6,19,29,2,1,4,0,0,4,0.0
6,19,24,1,1,1,1,0,0,0.0
6,19,29,2,3,3,0,0,0,0.0
6,19,29,2,1,8,3,3,3,1.0
6,19,29,2,1,9,5,2,0,0.0
6,19,29,2,3,4,1,0,0,0.0
6,19,29,2,5,31,9,2,11,2.0
6,19,9,1,3,8,8,0,0,0.0
6,19,29,2,4,10,1,3,6,1.0
6,19,42,1,1,1,0,1,0,0.0
6,19,29,1,1,3,0,3,0,0.0
6,19,29,2,3,12,0,9,0,3.0
6,19,29,2,3,5,4,1,0,0.0
6,19,29,1,1,3,1,2,0,0.0
6,19,29,1,1,1,1,0,0,0.0
6,19,29,2,4,15,6,0,2,0.0
6,19,24,1,1,1,0,1,0,0.0
6,19,11,2,3,7,8,0,0,1.0
6,19,29,1,3,3,0,1,0,0.0
6,19,34,1,1,1,0,0,1,0.0
6,19,24,2,1,2,0,0,0,0.0
6,19,29,1,1,1,0,1,0,0.0
6,19,29,1,1,1,0,2,0,1.0
6,19,29,2,3,4,0,2,0,0.0
6,19,29,2,1,2,0,0,0,0.0
6,19,29,2,1,4,0,4,0,0.0
6,19,9,1,1,2,2,0,0,0.0
6,19,24,1,1,1,1,0,0,0.0
6,19,29,1,2,4,0,4,0,0.0
6,19,24,1,1,1,1,0,0,0.0
6,19,9,2,4,6,1,0,5,0.0
6,19,37,2,4,19,4,4,15,4.0
6,19,29,2,4,9,0,0,9,1.0
6,19,9,1,1,1,0,1,0,0.0
6,19,29,2,2,3,3,0,0,0.0
6,19,29,1,1,2,2,0,0,0.0
6,19,29,2,3,5,1,1,3,0.0
6,19,29,2,2,2,0,2,0,0.0
6,19,29,1,2,2,2,0,0,0.0
6,19,29,2,1,15,19,0,0,7.0
6,19,29,2,2,2,1,1,0,0.0
6,19,29,1,1,5,0,0,5,0.0
6,19,29,1,1,1,1,0,0,0.0
6,19,29,1,1,1,1,0,0,0.0
6,19,29,1,1,2,2,0,0,0.0
6,19,29,1,1,1,0,1,0,0.0
6,19,29,2,3,5,2,0,3,0.0
6,19,29,1,1,1,0,1,0,0.0
6,19,29,1,1,2,2,0,0,0.0
6,19,29,2,4,5,1,1,1,0.0
6,19,29,2,3,3,0,0,2,0.0
6,19,34,1,1,1,1,0,0,0.0
6,19,29,1,1,1,0,1,0,0.0
6,19,29,2,3,11,5,0,4,1.0
6,19,29,1,2,3,0,4,0,1.0
6,19,9,1,3,6,0,0,6,0.0
6,19,29,2,2,5,2,1,1,0.0
6,19,29,1,2,4,4,0,0,0.0
6,19,9,1,2,8,10,0,0,2.0
6,19,9,1,1,5,0,5,0,0.0
6,19,9,2,4,22,16,0,7,1.0
6,19,29,1,1,1,0,0,1,0.0
6,19,29,2,3,5,7,0,4,5.0
6,19,29,1,1,1,0,0,1,0.0
6,19,29,2,1,15,0,0,10,0.0
6,19,29,1,1,2,2,0,0,0.0
6,19,29,2,2,2,1,0,0,0.0
6,19,29,2,2,2,0,0,2,0.0
6,19,29,2,2,2,0,2,0,0.0
6,19,29,1,1,1,1,0,0,0.0
6,19,29,1,1,1,0,1,0,0.0
6,19,29,2,2,5,4,3,0,2.0
6,19,29,1,3,7,4,0,0,0.0
6,19,29,1,1,1,0,1,0,0.0
6,19,29,2,1,2,0,0,0,0.0
6,19,29,1,1,1,1,0,0,0.0
6,19,29,2,1,4,2,1,0,0.0
6,19,29,2,3,7,2,2,0,0.0
6,19,29,2,2,4,4,0,0,0.0
6,19,29,2,5,16,4,0,9,1.0
6,19,29,1,1,1,0,1,0,0.0
6,19,29,1,2,6,0,4,2,0.0
6,19,29,1,1,1,0,0,1,0.0
6,19,9,2,2,4,4,0,0,0.0
6,19,29,2,1,6,3,0,0,0.0
6,19,29,1,1,1,0,1,0,0.0
6,19,29,1,1,3,0,2,1,0.0
6,19,34,1,1,2,2,0,0,0.0
6,19,29,1,1,3,2,0,1,0.0
6,19,29,1,3,6,0,4,0,0.0
6,19,29,1,1,1,0,0,1,0.0
6,19,29,2,2,6,3,0,1,0.0
6,19,29,2,3,16,3,10,4,1.0
6,19,29,1,1,1,0,1,0,0.0
6,19,29,1,3,6,4,0,2,0.0
6,19,29,1,1,1,1,0,0,0.0
6,19,29,2,2,12,7,4,0,0.0
6,19,29,1,1,2,0,2,0,0.0
6,19,29,1,1,1,0,1,0,0.0
6,19,29,2,2,2,0,0,0,0.0
6,19,29,2,3,12,3,1,1,0.0
6,19,29,1,1,9,12,1,1,3.0
6,19,29,1,2,5,3,1,1,0.0
6,19,29,2,4,20,0,3,6,0.0
6,19,29,2,1,2,0,2,0,0.0
6,19,29,2,4,11,5,1,5,0.0
6,19,29,2,4,13,4,0,4,0.0
6,19,29,2,1,17,6,2,3,1.0
6,19,29,2,3,6,6,0,0,0.0
6,19,29,1,1,1,0,1,0,0.0
6,19,29,2,1,4,0,1,0,0.0
6,19,29,1,3,6,4,0,2,0.0
6,19,29,2,3,11,3,1,0,0.0
6,19,29,1,1,1,0,1,0,0.0
6,19,46,1,1,1,0,2,0,1.0
6,19,29,1,1,2,1,1,0,0.0
6,19,29,1,1,1,0,0,1,0.0
6,19,29,2,3,7,6,0,4,2.0
6,19,29,1,1,1,0,1,0,0.0
6,19,29,2,2,2,2,0,0,0.0
6,19,29,2,2,11,3,0,0,1.0
6,19,29,2,1,2,2,0,0,0.0
6,19,29,2,2,4,1,0,3,0.0
6,19,29,2,1,3,1,1,1,0.0
6,19,29,2,1,4,4,0,0,0.0
6,19,29,2,3,10,9,0,0,1.0
6,19,44,1,2,2,0,3,0,1.0
6,19,29,2,3,5,0,0,4,0.0
6,19,29,2,2,3,2,0,1,0.0
6,19,29,2,5,16,8,2,5,0.0
6,19,29,2,1,3,1,0,0,0.0
6,19,29,1,3,6,2,0,4,0.0
6,19,29,2,3,3,0,0,0,0.0
6,19,9,2,3,7,2,2,3,0.0
6,19,29,2,2,2,0,0,0,0.0
6,19,29,2,2,5,4,2,0,1.0
6,19,29,1,1,1,1,0,0,0.0
6,19,29,2,2,3,1,2,0,0.0
6,19,29,1,3,3,0,0,3,0.0
6,19,29,2,4,34,7,5,9,0.0
6,19,29,1,1,1,0,1,0,0.0
6,19,29,2,3,4,0,0,2,0.0
6,19,16,2,1,2,0,2,0,0.0
6,19,29,2,3,8,4,0,0,0.0
6,19,29,1,1,1,0,0,0,0.0
6,19,29,1,3,3,0,0,2,0.0
6,19,46,1,1,2,0,1,1,0.0
6,19,9,2,2,4,2,1,1,0.0
6,19,9,1,2,2,2,0,0,0.0
6,19,29,1,2,2,0,0,1,0.0
6,19,29,2,3,9,0,3,1,0.0
6,19,29,2,3,21,6,4,11,0.0
6,19,29,1,4,7,3,0,4,0.0
6,19,46,1,1,4,0,4,0,0.0
6,19,9,2,4,13,1,1,11,0.0
6,19,29,1,1,1,1,0,0,0.0
6,19,9,1,1,2,2,0,0,0.0
6,19,9,1,1,3,2,1,0,0.0
6,19,9,2,2,4,0,0,4,0.0
6,19,29,2,2,2,1,0,1,0.0
6,19,9,2,2,16,15,1,0,0.0
6,19,29,1,1,1,1,0,0,0.0
6,19,9,2,3,5,3,1,2,1.0
6,19,29,2,5,11,2,0,0,0.0
6,19,29,2,3,11,4,2,4,0.0
6,19,29,1,2,7,0,7,0,0.0
6,19,29,2,4,12,0,0,4,0.0
6,19,29,2,1,4,3,0,0,0.0
6,19,29,1,1,2,2,0,0,0.0
6,19,29,1,1,1,0,0,0,0.0
6,20,29,1,1,2,0,0,0,1.0
6,20,3,2,2,3,0,1,0,0.0
6,20,29,2,2,5,0,4,2,1.0
6,20,9,1,1,5,1,4,0,0.0
6,20,9,2,2,3,0,1,2,0.0
6,20,29,2,2,5,2,0,1,0.0
6,20,29,1,1,1,0,0,1,0.0
6,20,29,2,4,15,3,3,3,1.0
6,20,29,2,2,8,5,1,2,0.0
6,20,29,1,1,1,1,0,0,0.0
6,20,29,1,1,1,0,1,0,0.0
6,20,29,2,1,2,0,0,4,2.0
6,20,29,1,1,1,1,0,0,0.0
6,20,29,2,3,5,1,1,2,0.0
6,20,29,2,3,6,2,1,3,1.0
6,20,9,1,1,2,1,0,1,0.0
6,20,29,2,2,8,0,0,0,0.0
6,20,29,2,2,5,0,5,0,0.0
6,20,9,1,1,4,1,1,2,0.0
6,20,9,2,2,2,2,0,0,0.0
6,20,29,1,1,1,1,0,0,0.0
6,20,29,1,1,2,0,2,0,0.0
6,20,29,1,1,2,0,0,1,0.0
6,20,29,2,1,3,0,2,1,0.0
6,20,24,1,1,1,0,1,0,0.0
6,20,29,2,1,4,4,0,0,0.0
6,20,29,2,2,2,1,0,1,0.0
6,20,29,2,5,29,7,9,1,1.0
6,20,29,2,4,11,6,0,1,0.0
6,20,29,1,1,1,1,0,0,0.0
6,20,29,1,1,1,1,0,0,0.0
6,20,24,1,1,1,1,0,0,0.0
6,20,29,2,2,4,0,0,1,0.0
6,20,29,1,1,1,0,0,0,0.0
6,20,29,2,4,12,4,0,4,1.0
6,20,29,2,2,17,6,0,9,0.0
6,20,24,2,3,17,0,7,10,2.0
6,20,29,1,1,1,1,0,0,0.0
6,20,9,2,1,4,3,0,1,0.0
6,20,29,1,1,1,0,0,1,0.0
6,20,29,2,3,9,3,3,3,0.0
6,20,29,1,1,1,0,0,0,0.0
6,20,29,1,1,6,3,0,3,1.0
6,20,29,1,1,1,0,0,1,0.0
6,20,29,2,1,4,0,0,1,0.0
6,20,29,2,2,2,0,0,2,0.0
6,20,29,1,1,1,0,0,1,0.0
6,20,29,1,1,2,2,0,0,0.0
6,20,29,2,2,4,0,0,4,0.0
6,20,29,2,3,5,0,0,5,0.0
6,20,29,2,2,4,1,0,4,1.0
6,20,29,2,2,4,0,0,0,0.0
6,20,29,1,1,1,2,0,0,1.0
6,20,29,2,2,2,0,1,0,0.0
6,20,29,2,4,15,1,3,12,1.0
6,20,29,1,1,1,0,0,1,0.0
6,20,29,1,1,1,0,0,1,0.0
6,20,29,1,1,1,0,0,1,0.0
6,20,29,1,2,6,1,1,1,0.0
6,20,29,2,3,6,8,0,0,1.0
6,20,29,1,1,1,0,1,0,0.0
6,20,29,2,1,7,11,0,0,3.0
6,20,29,1,1,1,0,0,1,0.0
6,20,29,1,2,4,0,4,0,0.0
6,20,29,2,1,2,3,0,0,1.0
6,20,29,1,1,1,0,0,1,0.0
6,20,29,2,3,5,2,2,0,0.0
6,20,29,2,5,14,7,2,0,0.0
6,20,29,1,1,2,0,0,0,0.0
6,20,29,2,1,5,2,2,1,0.0
6,20,29,1,4,4,0,0,1,0.0
6,20,9,2,1,8,0,10,1,2.0
6,20,29,1,1,2,1,1,0,0.0
6,20,29,1,1,1,0,0,1,0.0
6,20,29,2,1,5,1,0,0,0.0
6,20,29,1,1,1,0,1,0,0.0
6,20,29,2,1,2,0,2,0,0.0
6,20,29,2,3,10,10,0,0,1.0
6,20,29,1,1,2,3,0,0,1.0
6,20,29,2,4,14,2,3,0,3.0
6,20,29,2,2,12,1,8,0,0.0
6,20,29,2,3,11,9,2,1,2.0
6,20,29,2,4,7,5,3,0,2.0
6,20,29,2,1,3,1,0,1,0.0
6,20,29,1,1,1,0,1,0,0.0
6,20,29,2,1,4,2,3,0,1.0
6,20,9,1,1,3,0,0,3,0.0
6,20,46,1,2,4,3,0,1,0.0
6,20,44,1,1,1,1,0,0,0.0
6,20,29,1,1,1,0,1,0,0.0
6,20,29,2,3,15,6,1,3,1.0
6,20,46,1,1,1,0,0,0,0.0
6,20,29,2,1,6,0,0,11,4.0
6,20,29,2,2,3,2,0,1,0.0
6,20,29,2,1,6,3,0,0,0.0
6,20,29,2,1,10,1,2,3,0.0
6,20,29,1,1,1,0,1,0,0.0
6,20,29,1,1,1,0,0,1,0.0
6,20,29,1,1,1,0,1,0,0.0
6,20,29,1,1,3,0,3,0,0.0
6,20,29,2,2,8,8,0,0,0.0
6,20,29,1,1,3,0,0,3,0.0
6,20,29,2,3,8,1,3,2,0.0
6,20,29,1,1,3,2,2,0,2.0
6,20,29,1,1,1,0,0,0,0.0
6,20,29,1,1,2,0,2,0,0.0
6,20,29,1,1,1,0,1,0,0.0
6,20,29,1,1,2,0,0,2,0.0
6,20,29,1,2,3,3,0,0,0.0
6,20,29,2,2,4,0,1,1,0.0
6,20,29,1,1,1,1,0,0,0.0
6,20,29,1,1,1,0,1,0,0.0
6,20,29,2,1,4,0,0,0,0.0
6,20,29,1,1,2,1,1,0,0.0
6,20,29,1,1,1,0,0,0,0.0
6,20,29,1,2,2,0,0,2,0.0
6,20,29,1,2,4,0,3,0,0.0
6,20,46,2,4,12,4,1,7,0.0
6,20,29,2,2,3,1,1,0,0.0
6,20,29,1,1,1,0,0,0,0.0
6,20,9,2,3,11,9,0,5,3.0
6,20,29,2,2,10,1,8,0,0.0
6,20,29,2,3,10,7,1,0,0.0
6,20,29,1,1,2,0,1,1,0.0
6,20,9,1,2,3,1,0,2,0.0
6,20,29,1,1,3,0,3,0,0.0
6,20,29,1,1,2,2,0,0,0.0
6,20,29,1,1,2,0,2,0,0.0
6,20,29,1,1,1,1,0,0,0.0
6,20,29,1,1,1,0,0,0,0.0
6,20,16,1,1,2,0,0,2,0.0
6,20,29,2,3,10,1,2,0,1.0
6,20,29,1,1,3,0,2,0,0.0
6,20,29,1,1,1,0,1,0,0.0
6,20,34,1,1,1,0,0,1,0.0
6,20,44,2,4,20,0,7,4,6.0
6,20,29,1,1,1,0,0,0,0.0
6,20,24,1,1,3,0,3,0,0.0
6,20,29,2,2,2,0,0,0,1.0
6,20,9,1,1,1,1,0,0,0.0
6,20,29,1,1,7,0,0,4,1.0
6,20,46,2,1,4,3,0,1,0.0
6,20,29,1,1,1,0,1,0,0.0
6,20,9,2,2,4,4,0,0,0.0
6,20,29,1,1,1,1,0,0,0.0
6,20,29,2,1,2,0,2,1,1.0
6,20,29,2,3,5,4,0,0,2.0
6,20,29,2,2,2,1,0,1,0.0
6,20,29,1,1,2,2,0,0,0.0
6,20,29,1,1,1,0,1,0,0.0
6,20,29,2,3,6,6,0,0,0.0
6,20,9,2,2,10,9,2,0,1.0
6,20,29,2,1,7,4,0,1,0.0
6,20,29,2,2,4,1,0,2,0.0
6,20,29,2,2,4,3,0,1,0.0
6,20,29,1,1,1,0,0,1,0.0
6,20,9,2,1,2,2,0,0,0.0
6,20,29,2,2,8,4,0,0,0.0
6,20,29,1,1,1,1,0,0,0.0
6,20,29,2,4,25,7,1,7,3.0
6,21,29,1,1,1,0,1,0,0.0
6,21,29,1,1,1,0,0,1,0.0
6,21,29,1,2,2,2,0,0,0.0
6,21,29,2,4,21,0,0,16,0.0
6,21,29,1,1,1,0,0,0,0.0
6,21,29,2,2,6,0,4,0,0.0
6,21,29,2,2,3,2,0,1,0.0
6,21,29,1,1,1,0,1,0,0.0
6,21,29,2,2,13,4,9,1,1.0
6,21,29,1,1,1,0,0,1,0.0
6,21,24,1,1,2,0,0,2,0.0
6,21,21,1,1,4,3,0,0,0.0
6,21,29,2,2,3,2,0,1,0.0
6,21,29,2,3,5,0,0,1,0.0
6,21,29,2,3,5,3,0,0,1.0
6,21,24,2,2,6,3,2,1,0.0
6,21,29,2,2,5,0,0,4,0.0
6,21,29,2,2,8,0,8,0,0.0
6,21,29,2,1,2,2,0,0,0.0
6,21,29,1,1,1,1,0,0,0.0
6,21,29,1,1,1,1,0,0,0.0
6,21,29,1,2,3,0,0,2,0.0
6,21,29,2,3,8,2,3,2,0.0
6,21,29,1,1,3,1,2,0,0.0
6,21,29,1,1,1,0,1,0,0.0
6,21,29,1,2,2,0,0,4,1.0
6,21,29,1,1,1,2,0,0,1.0
6,21,29,1,1,2,0,1,0,0.0
6,21,29,2,2,3,3,0,0,0.0
6,21,29,1,1,1,0,1,0,0.0
6,21,29,1,1,6,5,0,1,0.0
6,21,29,1,1,1,1,0,0,0.0
6,21,29,2,2,4,0,0,0,0.0
6,21,29,1,1,2,3,0,0,1.0
6,21,29,1,2,3,2,0,1,0.0
6,21,29,2,3,3,0,0,0,0.0
6,21,29,1,1,8,8,0,3,2.0
6,21,24,2,3,3,0,1,1,0.0
6,21,29,2,3,14,0,2,14,2.0
6,21,29,1,1,2,0,0,0,0.0
6,21,29,1,1,1,0,0,1,0.0
6,21,29,2,3,12,0,9,0,0.0
6,21,29,2,2,3,0,0,3,0.0
6,21,29,2,5,28,6,3,9,1.0
6,21,29,2,1,7,4,3,0,0.0
6,21,29,1,1,1,0,0,1,0.0
6,21,29,1,2,4,3,1,0,0.0
6,21,29,2,3,9,4,1,4,0.0
6,21,29,2,2,3,3,0,1,1.0
6,21,9,2,3,12,10,1,4,3.0
6,21,29,1,1,1,0,0,1,0.0
6,21,29,1,1,1,0,1,0,0.0
6,21,29,2,1,3,0,3,0,0.0
6,21,29,1,1,1,0,1,0,0.0
6,21,29,1,1,4,2,1,2,1.0
6,21,29,2,3,3,3,0,0,0.0
6,21,29,2,2,3,0,0,0,0.0
6,21,29,2,2,3,0,1,2,0.0
6,21,29,1,1,1,0,0,0,0.0
6,21,29,1,1,1,0,1,0,0.0
6,21,29,2,3,10,6,2,2,0.0
6,21,29,2,2,2,0,2,0,0.0
6,21,29,1,1,1,0,0,1,0.0
6,21,29,1,1,1,0,0,1,0.0
6,21,29,2,2,5,0,5,0,0.0
6,21,29,2,5,27,9,4,5,3.0
6,21,29,2,2,7,2,0,5,0.0
6,21,29,1,2,5,0,5,0,0.0
6,21,9,2,1,4,4,0,0,0.0
6,21,29,2,1,2,0,0,2,0.0
6,21,29,2,4,17,1,0,6,0.0
6,21,29,2,2,7,6,1,0,1.0
6,21,29,1,1,2,3,0,0,1.0
6,21,29,1,1,1,0,0,1,0.0
6,21,29,2,2,3,0,0,0,0.0
6,21,46,1,1,4,1,1,2,0.0
6,21,29,2,1,3,3,0,0,0.0
6,21,46,1,4,12,6,3,0,0.0
6,21,46,1,1,4,4,0,0,0.0
6,21,29,2,3,14,6,0,0,0.0
6,21,29,1,1,1,0,0,0,0.0
6,21,9,1,1,1,0,1,0,0.0
6,21,29,1,2,3,2,0,1,0.0
6,21,29,1,1,1,0,0,0,0.0
6,21,9,2,1,2,0,0,2,0.0
6,21,29,1,1,2,5,0,0,1.0
6,21,29,2,4,9,1,2,0,0.0
6,21,29,2,5,58,18,5,9,2.0
6,21,29,1,1,1,1,0,0,0.0
6,21,44,1,1,4,0,1,3,0.0
6,21,29,1,2,3,2,1,0,0.0
6,22,29,2,2,3,0,0,3,0.0
6,22,9,2,1,3,3,0,0,0.0
6,22,29,1,1,1,0,0,0,0.0
6,22,9,1,1,4,5,0,0,1.0
6,22,29,1,1,1,1,0,0,0.0
6,22,29,2,5,13,2,0,2,2.0
6,22,29,2,1,4,4,0,0,0.0
6,22,9,2,1,2,0,2,0,0.0
6,22,29,2,4,12,0,3,1,0.0
6,22,29,2,4,21,17,3,4,8.0
6,22,10,2,4,17,4,3,4,0.0
6,22,24,2,3,5,1,1,0,0.0
6,22,24,2,3,10,0,0,9,0.0
6,22,21,2,3,8,0,0,8,0.0
6,22,21,2,4,13,5,0,8,0.0
6,22,29,1,1,5,0,2,3,1.0
6,22,9,2,3,6,5,1,2,2.0
6,22,24,2,4,17,6,5,0,0.0
6,22,29,1,1,1,0,1,0,0.0
6,22,29,2,4,7,2,2,4,1.0
6,22,29,2,3,9,4,2,0,0.0
6,22,29,1,1,1,0,1,0,0.0
6,22,29,2,3,5,0,2,0,0.0
6,22,29,2,5,17,3,0,1,0.0
6,22,29,1,3,3,0,1,1,0.0
6,22,29,1,1,1,0,0,0,0.0
6,22,29,2,3,7,5,2,2,1.0
6,22,29,2,2,8,3,0,5,0.0
6,22,29,2,3,5,1,0,0,0.0
6,22,29,1,1,1,0,0,1,0.0
6,22,29,1,1,1,1,0,0,0.0
6,22,29,2,3,4,1,0,4,1.0
6,22,29,1,1,2,0,2,1,1.0
6,22,29,2,1,14,3,5,6,0.0
6,22,29,2,3,5,1,2,2,0.0
6,22,29,2,2,3,1,0,0,0.0
6,22,29,1,1,1,0,0,1,0.0
6,22,29,2,1,6,2,0,4,2.0
6,22,29,2,3,6,3,3,0,0.0
6,22,29,1,3,3,0,0,3,0.0
6,22,29,2,3,5,6,0,0,1.0
6,22,29,2,2,7,1,0,0,0.0
6,22,29,1,1,1,1,0,0,0.0
6,22,29,2,2,4,0,0,0,0.0
6,22,29,2,5,40,2,2,5,2.0
6,22,29,1,1,3,0,0,0,0.0
6,22,29,2,3,9,0,8,2,1.0
6,22,29,2,4,25,0,7,3,2.0
6,22,29,2,3,7,0,1,2,0.0
6,22,29,2,4,55,35,11,36,21.0
6,22,29,2,2,3,0,1,2,0.0
6,22,29,2,3,5,1,0,0,0.0
6,22,24,1,1,2,3,0,0,1.0
6,22,44,1,1,1,0,0,1,0.0
6,22,29,2,2,6,2,0,4,0.0
6,22,29,2,2,2,0,0,1,0.0
6,22,29,1,1,1,0,1,0,0.0
6,22,29,1,1,1,0,0,1,0.0
6,22,29,1,1,2,2,0,0,0.0
6,22,29,1,1,2,2,0,0,0.0
6,22,29,2,4,10,4,2,4,0.0
6,22,29,2,4,11,5,2,2,0.0
6,22,16,2,3,7,3,3,0,0.0
6,22,29,1,1,2,2,0,0,0.0
6,22,29,1,1,1,0,1,0,0.0
6,22,29,2,2,6,0,4,0,0.0
6,22,29,1,1,1,1,0,0,0.0
6,22,46,2,1,5,1,0,2,0.0
6,22,29,1,1,1,1,0,0,0.0
6,22,29,1,2,2,0,2,0,0.0
6,22,29,2,2,3,0,0,0,0.0
6,22,9,1,1,3,4,0,0,1.0
6,22,29,2,5,12,0,1,1,0.0
6,22,29,1,1,2,2,0,0,0.0
6,22,29,1,1,1,1,0,0,0.0
6,22,29,2,3,10,0,6,0,0.0
6,22,29,1,1,2,0,2,0,0.0
6,22,29,1,1,1,0,1,0,0.0
6,22,29,2,1,2,0,1,0,1.0
6,22,29,2,2,8,6,0,1,0.0
6,22,9,1,1,1,0,1,0,0.0
6,22,29,2,4,7,3,1,2,0.0
6,22,29,2,2,2,1,0,1,0.0
6,22,29,2,2,5,0,1,4,0.0
6,22,46,1,2,5,0,4,1,0.0
6,22,29,1,3,7,2,1,4,0.0
6,22,29,1,1,1,0,0,1,0.0
6,22,29,2,1,8,2,0,4,0.0
6,22,9,1,1,1,1,0,0,0.0
6,22,29,2,1,4,0,0,1,0.0
6,22,29,1,3,10,0,6,3,0.0
6,22,29,1,1,1,0,1,0,0.0
6,22,9,1,1,1,1,0,0,0.0
6,22,9,2,2,7,4,6,0,3.0
6,22,29,1,1,1,0,0,1,0.0
6,22,29,2,3,8,0,0,5,1.0
6,22,29,2,2,4,3,0,0,0.0
6,23,29,1,1,4,4,0,0,0.0
6,23,9,1,3,3,3,0,0,0.0
6,23,29,1,1,2,0,2,0,0.0
6,23,9,1,2,2,0,2,0,0.0
6,23,29,1,1,1,0,1,0,0.0
6,23,9,1,1,4,2,2,1,1.0
6,23,29,2,1,4,2,1,1,0.0
6,23,9,2,1,2,2,0,0,0.0
6,23,29,2,4,9,5,2,2,1.0
6,23,29,2,2,3,1,2,0,0.0
6,23,29,1,1,1,1,0,0,0.0
6,23,29,2,4,12,7,0,0,0.0
6,23,29,1,3,9,8,0,0,1.0
6,23,9,2,1,2,0,0,2,0.0
6,23,29,2,2,4,4,0,0,0.0
6,23,9,1,1,2,0,0,2,0.0
6,23,9,1,3,12,4,3,5,0.0
6,23,9,1,1,1,0,0,0,0.0
6,23,29,2,3,7,1,3,3,0.0
6,23,9,1,1,1,1,0,0,0.0
6,23,29,2,4,6,4,0,0,0.0
6,23,29,1,1,2,0,2,0,0.0
6,23,29,1,1,1,0,1,0,0.0
6,23,29,1,2,4,0,4,0,0.0
6,23,29,1,2,4,0,5,0,1.0
6,23,29,1,1,1,0,1,0,0.0
6,23,29,2,1,2,2,0,0,0.0
6,23,37,2,2,9,1,1,2,0.0
6,23,29,2,1,8,3,1,4,0.0
6,23,21,1,2,2,0,0,0,0.0
6,23,29,2,2,4,0,2,1,0.0
6,23,29,1,1,1,1,0,0,0.0
6,23,29,2,2,9,0,9,0,0.0
6,23,29,1,1,1,1,0,0,0.0
6,23,29,1,1,1,2,0,0,1.0
6,23,29,2,1,7,2,3,1,0.0
6,23,9,1,2,5,2,0,3,0.0
6,23,9,2,3,4,0,0,5,1.0
6,23,29,2,4,20,16,0,3,4.0
6,23,29,1,1,2,1,1,0,0.0
6,23,29,2,3,5,1,2,1,0.0
6,23,29,2,4,5,1,1,2,0.0
6,23,29,2,1,4,0,1,1,0.0
6,23,29,2,1,2,0,0,0,0.0
6,23,29,1,1,1,0,1,0,0.0
6,23,29,2,2,5,6,0,0,1.0
6,23,29,1,1,2,2,0,0,0.0
6,23,29,2,2,2,0,0,0,0.0
6,23,29,2,1,4,0,0,6,2.0
6,23,29,1,2,2,0,0,0,0.0
6,23,29,1,1,3,3,0,0,0.0
6,23,29,1,2,2,2,0,0,0.0
6,23,29,1,2,4,0,4,0,0.0
6,23,29,2,2,5,3,1,0,0.0
6,23,29,1,1,1,0,1,0,0.0
6,23,29,2,1,2,0,0,2,1.0
6,23,29,2,2,7,0,5,2,0.0
6,23,29,1,1,1,1,0,0,0.0
6,23,29,2,4,6,0,3,0,0.0
6,23,29,2,2,9,3,2,4,0.0
6,23,29,1,1,1,0,1,0,0.0
6,23,29,2,1,3,2,1,0,0.0
6,23,34,2,4,7,3,2,3,1.0
6,23,29,1,1,1,1,0,0,0.0
6,23,29,1,3,3,0,0,0,0.0
6,23,29,1,1,2,1,0,1,0.0
6,23,29,2,4,4,0,1,1,0.0
6,23,29,2,3,3,0,0,0,0.0
6,23,29,2,3,6,1,4,1,1.0
6,23,29,1,1,3,2,0,0,0.0
6,23,29,1,1,1,0,1,0,0.0
6,23,29,2,4,5,1,3,0,0.0
6,23,29,1,1,1,0,2,0,1.0
6,23,29,2,1,4,1,3,0,0.0
6,23,29,2,4,7,0,2,0,0.0
6,23,29,2,3,17,10,4,0,2.0
6,23,29,1,1,1,0,1,0,0.0
6,23,29,1,1,1,0,0,1,0.0
6,23,29,1,1,4,3,0,0,1.0
6,23,29,2,2,4,0,3,1,0.0
6,23,29,1,1,1,1,0,0,0.0
6,23,29,1,1,1,1,0,0,0.0
6,23,29,1,1,1,1,0,0,0.0
6,23,29,1,1,1,0,1,0,0.0
6,23,29,2,1,2,1,1,0,0.0
6,23,29,2,1,2,1,0,1,0.0
6,23,29,1,1,1,0,1,0,0.0
6,23,9,2,3,6,5,0,1,0.0
6,23,29,1,1,1,2,0,0,1.0
6,23,29,1,1,1,1,0,0,0.0
6,23,29,2,3,7,0,4,0,0.0
6,23,29,1,1,1,0,1,0,0.0
6,23,29,1,1,3,0,3,0,0.0
6,23,29,1,2,2,0,2,0,0.0
6,23,29,1,1,1,0,0,2,1.0
6,23,29,2,2,4,0,4,0,0.0
6,23,29,2,2,5,2,2,0,0.0
6,23,29,1,1,1,0,0,1,0.0
6,23,29,2,5,41,5,8,11,3.0
6,23,29,2,1,5,0,6,0,1.0
6,23,29,1,1,1,0,1,0,0.0
6,23,29,2,4,7,0,1,1,0.0
6,23,29,1,2,5,3,3,0,1.0
6,23,29,2,2,6,6,0,0,0.0
6,23,29,2,3,15,13,0,0,0.0
6,23,29,1,1,1,0,2,0,1.0
6,23,29,1,1,1,0,2,0,1.0
6,23,29,2,1,10,0,5,5,0.0
6,23,29,2,1,3,0,0,3,0.0
6,23,29,1,1,1,0,0,0,0.0
6,23,29,2,5,15,4,3,4,0.0
6,23,29,2,3,6,5,1,0,0.0
6,23,29,2,1,2,0,2,0,0.0
6,23,29,1,1,1,0,1,0,0.0
6,23,29,1,1,3,1,1,2,1.0
6,23,44,1,2,4,4,0,0,0.0
6,23,12,2,3,17,0,13,5,1.0
6,23,29,1,1,1,0,1,0,0.0
6,23,9,1,1,2,0,2,0,0.0
6,23,29,1,1,1,1,0,0,0.0
6,23,29,1,1,1,0,1,0,0.0
6,23,9,1,2,11,0,17,0,4.0
6,23,29,2,1,3,0,3,0,0.0
6,23,29,2,2,2,2,0,0,0.0
6,23,29,1,1,1,1,0,0,0.0
6,23,29,1,2,3,0,1,2,0.0
6,23,29,1,1,5,5,0,0,0.0
6,23,29,2,1,4,2,1,1,0.0
6,23,29,2,1,4,2,2,0,0.0
6,23,29,1,1,1,1,0,0,0.0
6,23,29,1,2,3,4,0,0,1.0
6,23,29,2,4,23,3,0,0,0.0
6,23,29,2,2,7,4,2,0,0.0
6,23,44,1,1,1,0,0,0,0.0
6,23,29,1,1,3,1,1,1,0.0
6,23,29,2,3,8,1,3,3,0.0
6,23,29,2,2,5,0,5,0,0.0
6,23,29,1,1,1,1,0,0,0.0
6,23,29,1,1,1,1,0,0,0.0
6,23,29,2,4,5,1,2,1,0.0
6,23,9,2,2,3,0,0,3,0.0
6,23,29,1,1,1,0,0,0,0.0
6,23,46,1,1,2,0,1,1,0.0
6,23,46,1,1,1,1,0,0,0.0
6,23,29,2,4,9,2,1,4,2.0
6,23,29,1,1,1,0,0,1,0.0
6,23,29,2,2,6,6,0,0,0.0
6,23,29,2,5,11,0,0,5,1.0
6,23,29,2,1,6,0,5,1,0.0
6,23,29,2,1,5,1,3,0,0.0
6,23,9,2,3,5,3,3,0,1.0
6,23,9,1,2,8,6,0,2,0.0
6,23,29,1,1,3,0,0,0,0.0
6,23,46,2,2,4,0,0,5,1.0
6,23,29,2,3,13,1,1,9,0.0
6,23,9,1,2,3,1,2,0,0.0
6,23,9,2,2,12,2,10,4,4.0
6,23,29,1,1,1,0,0,0,0.0
6,23,29,1,2,6,1,0,5,0.0
6,23,9,2,3,11,4,3,4,0.0
6,23,9,2,1,3,1,2,0,0.0
6,23,29,2,4,13,9,3,0,3.0
6,23,9,2,3,10,4,1,5,0.0
6,23,24,2,2,7,0,3,2,0.0
6,23,29,1,1,1,0,1,0,0.0
6,23,29,2,3,9,4,0,0,0.0
6,23,29,1,2,7,0,7,0,0.0
6,23,29,1,5,6,0,0,3,0.0
6,23,29,2,4,5,1,1,0,0.0
6,23,29,1,1,1,1,0,0,0.0
6,23,29,2,4,10,4,1,4,0.0
6,23,29,1,1,1,0,1,0,0.0
6,24,29,1,1,6,8,0,0,2.0
6,24,29,2,3,17,8,0,9,0.0
6,24,29,2,3,7,3,2,0,0.0
6,24,29,2,4,5,2,0,0,3.0
6,24,9,2,4,13,8,6,2,3.0
6,24,9,1,1,1,1,0,0,0.0
6,24,29,2,1,2,0,1,0,0.0
6,24,29,2,2,3,0,0,1,0.0
6,24,29,2,1,6,1,3,0,0.0
6,24,29,2,2,2,1,0,1,0.0
6,24,9,2,4,25,11,6,9,1.0
6,24,29,2,2,7,1,2,3,0.0
6,24,9,2,1,4,0,4,0,0.0
6,24,29,1,2,4,2,1,0,0.0
6,24,12,2,2,4,3,0,1,0.0
6,24,29,1,2,7,0,7,0,0.0
6,24,29,1,2,3,0,2,1,0.0
6,24,9,2,2,4,1,3,0,0.0
6,24,29,1,1,1,0,0,0,0.0
6,24,29,2,2,3,2,0,0,0.0
6,24,29,1,1,5,6,0,1,1.0
6,24,29,1,2,2,0,0,1,0.0
6,24,29,1,1,1,0,1,0,0.0
6,24,29,1,1,1,0,1,0,0.0
6,24,21,1,1,2,0,0,0,0.0
6,24,29,1,1,2,1,0,1,0.0
6,24,24,2,3,12,0,0,11,0.0
6,24,29,1,1,1,0,0,2,1.0
6,24,2,1,1,3,2,0,0,0.0
6,24,21,2,3,6,2,3,0,1.0
6,24,29,1,1,1,0,0,0,0.0
6,24,16,1,1,2,0,0,0,1.0
6,24,9,1,2,3,0,2,1,0.0
6,24,24,2,3,9,10,0,0,1.0
6,24,29,1,2,2,1,1,0,0.0
6,24,29,1,1,2,0,2,0,0.0
6,24,29,1,1,1,0,0,1,0.0
6,24,29,2,4,15,8,2,2,0.0
6,24,29,1,1,1,0,0,1,0.0
6,24,29,1,1,4,4,0,0,0.0
6,24,29,2,1,3,0,3,0,0.0
6,24,29,2,2,10,4,3,1,1.0
6,24,24,2,2,3,3,0,0,0.0
6,24,13,1,1,1,1,0,0,0.0
6,24,28,1,1,1,1,0,0,0.0
6,24,9,1,1,2,1,0,1,0.0
6,24,29,1,2,3,0,3,0,0.0
6,24,29,2,4,11,3,0,5,0.0
6,24,29,2,1,4,2,1,1,0.0
6,24,29,2,4,24,0,4,11,1.0
6,24,29,1,2,5,4,1,0,0.0
6,24,29,2,4,7,2,0,5,0.0
6,24,29,1,1,1,1,0,0,0.0
6,24,29,1,1,1,0,0,1,0.0
6,24,29,2,1,3,1,1,0,0.0
6,24,29,1,2,2,0,0,0,1.0
6,24,29,1,2,3,0,3,0,0.0
6,24,29,2,3,19,12,0,0,9.0
6,24,29,1,1,2,0,0,0,0.0
6,24,29,1,1,1,0,1,0,0.0
6,24,29,2,2,3,0,3,0,0.0
6,24,29,1,1,2,0,2,0,0.0
6,24,29,1,1,3,3,0,0,0.0
6,24,46,2,2,3,2,0,1,0.0
6,24,29,2,3,19,5,2,5,2.0
6,24,29,1,1,1,1,0,0,0.0
6,24,9,1,2,15,2,11,2,0.0
6,24,29,2,3,10,4,0,0,0.0
6,24,29,2,5,14,5,0,5,1.0
6,24,29,2,4,16,7,3,4,0.0
6,24,29,1,1,1,0,1,0,0.0
6,24,29,1,2,3,1,1,1,0.0
6,24,29,2,4,21,15,3,7,4.0
6,24,29,1,1,1,0,1,0,0.0
6,24,29,2,4,8,3,0,5,0.0
6,24,29,1,1,1,0,0,1,0.0
6,24,29,2,2,11,0,11,0,0.0
6,24,29,2,3,11,3,1,7,0.0
6,24,29,2,3,8,3,0,5,2.0
6,24,29,2,1,2,0,2,0,0.0
6,24,29,1,1,1,0,1,0,0.0
6,24,29,1,1,1,0,0,1,0.0
6,24,29,2,2,5,1,3,1,0.0
6,24,29,1,1,2,0,2,0,0.0
6,24,29,2,5,11,0,0,1,0.0
6,24,29,2,1,2,0,2,0,0.0
6,24,29,2,2,2,2,0,0,0.0
6,24,29,2,2,2,1,0,0,1.0
6,24,29,2,2,8,5,2,0,0.0
6,24,29,2,2,3,1,1,1,0.0
6,24,29,1,2,5,0,5,0,0.0
6,24,29,1,1,2,0,0,2,0.0
6,24,29,1,1,1,0,1,0,0.0
6,24,24,1,1,2,0,1,1,0.0
6,24,29,2,4,10,6,1,2,0.0
6,24,29,2,2,6,1,5,0,1.0
6,24,29,2,2,3,3,0,0,0.0
6,24,29,2,3,3,3,0,0,0.0
6,24,29,1,1,1,0,1,0,0.0
6,24,29,2,2,5,0,4,0,0.0
6,24,29,2,3,11,4,1,6,0.0
6,24,29,1,1,1,0,1,0,0.0
6,24,29,1,2,6,0,6,0,0.0
6,24,29,2,3,12,1,7,0,2.0
6,24,29,1,2,2,0,0,0,0.0
6,24,29,2,1,3,1,2,0,0.0
6,24,29,2,2,7,3,2,2,0.0
6,24,29,1,2,4,0,4,0,0.0
6,24,29,2,2,13,2,5,6,0.0
6,24,29,1,1,1,1,0,0,0.0
6,24,29,2,3,5,0,2,3,0.0
6,24,29,2,4,15,5,2,8,0.0
6,24,29,1,1,5,0,2,2,0.0
6,24,29,1,1,1,0,1,0,0.0
6,24,29,1,1,2,0,0,2,0.0
6,24,29,1,2,3,0,3,0,0.0
6,24,29,1,1,1,0,1,0,0.0
6,24,29,2,5,21,4,5,6,0.0
6,24,29,1,2,3,0,2,1,0.0
6,24,29,1,2,2,0,0,0,0.0
6,24,29,1,2,2,0,1,1,0.0
6,24,29,1,1,1,0,0,1,0.0
6,24,9,2,3,4,1,5,0,2.0
6,24,9,2,3,11,8,2,1,0.0
6,24,29,2,2,6,0,6,0,0.0
6,24,29,1,1,2,0,2,0,0.0
6,24,29,1,1,1,1,0,0,0.0
6,24,29,2,1,4,0,2,1,0.0
6,24,29,2,3,4,4,0,0,0.0
6,24,29,2,2,4,1,0,1,0.0
6,24,29,2,3,8,0,1,4,0.0
6,24,29,2,4,12,0,5,0,0.0
6,24,29,1,2,3,0,0,1,0.0
6,24,29,1,1,1,0,0,2,1.0
6,24,29,2,1,8,1,0,7,0.0
6,24,29,2,5,9,2,1,1,0.0
6,24,29,1,2,4,1,3,0,0.0
6,24,29,2,1,8,0,0,2,2.0
6,24,29,1,1,1,0,0,0,0.0
6,24,29,1,1,2,0,2,0,0.0
6,24,29,2,4,16,2,6,6,0.0
6,24,29,2,1,2,0,2,0,0.0
6,24,9,2,2,9,7,1,1,0.0
6,24,9,1,1,1,0,0,1,0.0
6,24,29,1,1,1,1,0,0,0.0
6,24,24,1,1,1,0,0,1,0.0
6,24,29,1,1,7,4,2,1,0.0
6,24,29,2,4,15,1,1,0,0.0
6,24,29,2,2,4,2,0,2,0.0
6,24,27,1,1,1,0,0,1,0.0
6,24,29,2,5,30,1,2,11,3.0
6,24,29,1,3,10,1,8,1,0.0
6,24,29,2,4,6,3,0,3,0.0
6,24,9,2,1,4,1,2,1,0.0
6,24,29,2,2,3,0,0,0,0.0
6,24,4,1,1,1,0,1,0,0.0
6,24,29,2,3,12,1,6,0,1.0
6,24,46,1,1,2,0,2,0,0.0
6,24,29,1,1,1,0,1,0,0.0
6,24,29,1,1,1,0,1,0,0.0
6,24,29,2,2,4,1,0,1,0.0
6,24,29,1,2,5,3,0,2,0.0
6,24,29,1,1,1,0,1,0,0.0
6,24,9,1,1,1,1,0,0,0.0
6,24,9,2,1,2,1,0,1,0.0
6,24,9,2,2,8,2,1,5,0.0
6,24,9,1,1,2,0,2,0,0.0
6,24,9,1,3,3,3,0,0,0.0
6,24,29,2,3,12,2,0,10,0.0
6,24,29,2,1,3,0,3,0,0.0
6,24,29,2,2,2,0,0,3,1.0
6,24,29,2,1,7,3,2,2,0.0
6,24,29,1,1,1,1,0,0,0.0
6,24,46,2,2,8,0,9,0,3.0
6,24,29,1,1,1,1,0,0,0.0
6,24,29,2,4,15,0,0,0,1.0
6,24,29,1,1,2,0,2,0,0.0
6,24,29,1,2,2,0,2,0,0.0
6,25,29,1,1,1,0,0,1,0.0
6,25,29,1,2,5,3,2,0,0.0
6,25,21,1,1,2,1,0,1,0.0
6,25,21,1,1,1,0,0,1,0.0
6,25,29,2,3,20,6,10,4,0.0
6,25,16,2,5,29,2,5,5,0.0
6,25,9,1,2,5,0,5,0,0.0
6,25,29,1,2,4,6,0,0,1.0
6,25,29,2,2,8,4,1,3,0.0
6,25,9,2,3,4,0,0,5,1.0
6,25,29,2,1,6,0,1,4,0.0
6,25,29,1,1,1,1,0,0,0.0
6,25,29,2,2,7,0,0,0,0.0
6,25,9,2,3,20,3,5,12,0.0
6,25,29,1,1,1,0,1,0,0.0
6,25,29,1,1,1,0,2,0,1.0
6,25,29,1,1,1,1,0,0,0.0
6,25,29,1,2,2,0,0,2,0.0
6,25,24,2,2,8,13,0,0,3.0
6,25,29,2,1,5,2,2,0,0.0
6,25,29,2,1,3,1,1,1,0.0
6,25,29,1,2,2,0,0,0,0.0
6,25,29,1,1,2,0,2,0,0.0
6,25,29,2,1,7,0,0,4,0.0
6,25,41,1,1,1,0,1,0,0.0
6,25,21,2,3,7,1,2,5,1.0
6,25,24,2,2,8,0,3,4,0.0
6,25,9,2,3,11,6,0,5,0.0
6,25,24,1,1,1,0,0,0,1.0
6,25,21,2,1,2,1,0,1,0.0
6,25,29,1,1,1,1,0,0,0.0
6,25,29,1,1,1,0,2,0,1.0
6,25,29,2,4,7,0,1,0,0.0
6,25,29,2,4,15,0,0,15,0.0
6,25,29,2,2,13,3,3,7,1.0
6,25,29,1,1,2,0,2,0,0.0
6,25,29,2,2,8,2,0,5,2.0
6,25,29,2,4,17,1,13,1,1.0
6,25,29,1,1,1,0,0,1,0.0
6,25,29,1,1,5,5,0,0,0.0
6,25,29,2,4,7,4,0,0,0.0
6,25,29,1,1,2,1,1,0,0.0
6,25,29,2,3,6,3,0,2,0.0
6,25,29,2,2,2,3,1,0,1.0
6,25,29,1,1,2,0,0,1,0.0
6,25,29,1,1,3,2,2,0,1.0
6,25,29,2,1,8,2,5,1,0.0
6,25,29,1,1,2,0,2,0,0.0
6,25,29,2,2,5,0,2,1,0.0
6,25,29,2,3,20,0,4,8,0.0
6,25,29,2,1,3,3,0,0,0.0
6,25,34,2,2,5,3,1,1,0.0
6,25,29,1,1,1,0,0,1,0.0
6,25,29,1,1,1,0,0,0,0.0
6,25,29,2,1,6,4,0,0,0.0
6,25,29,1,1,1,1,0,0,0.0
6,25,29,1,1,3,2,0,1,0.0
6,25,29,2,2,4,2,2,0,0.0
6,25,29,1,1,1,0,0,0,0.0
6,25,29,1,1,1,0,0,0,0.0
6,25,29,1,1,1,0,0,1,0.0
6,25,9,2,3,6,6,0,4,4.0
6,25,29,1,1,1,0,1,0,0.0
6,25,29,1,1,1,1,0,0,0.0
6,25,29,1,1,1,0,1,0,0.0
6,25,29,2,3,6,0,0,3,0.0
6,25,29,2,3,4,0,0,0,0.0
6,25,29,2,3,14,0,0,7,3.0
6,25,29,2,3,8,2,4,2,0.0
6,25,29,2,3,19,8,4,7,0.0
6,25,29,2,3,3,1,0,1,1.0
6,25,29,1,2,6,5,0,1,0.0
6,25,29,2,2,2,0,0,1,1.0
6,25,29,2,3,13,7,3,3,0.0
6,25,29,1,1,3,3,0,0,0.0
6,25,29,2,3,4,0,0,4,0.0
6,25,29,1,1,1,1,0,0,0.0
6,25,29,2,5,9,0,1,0,0.0
6,25,29,2,3,19,6,5,2,0.0
6,25,29,1,1,1,0,0,1,0.0
6,25,29,2,1,4,2,1,1,0.0
6,25,29,1,3,6,0,2,1,0.0
6,25,29,1,1,2,2,0,0,0.0
6,25,29,2,2,7,0,7,0,0.0
6,25,29,1,1,1,1,0,0,0.0
6,25,29,1,2,3,1,0,2,0.0
6,25,29,1,2,5,0,5,0,0.0
6,25,29,1,1,4,4,0,0,0.0
6,25,29,2,3,7,0,2,5,0.0
6,25,29,2,2,5,3,2,0,0.0
6,25,29,1,1,2,0,2,1,1.0
6,25,9,1,1,1,1,0,0,0.0
6,25,29,2,2,2,0,0,2,0.0
6,25,29,2,1,3,2,0,1,0.0
6,25,29,1,1,1,0,1,0,0.0
6,25,29,2,3,8,3,2,1,0.0
6,25,29,1,1,1,1,0,0,0.0
6,25,29,2,1,6,2,3,1,0.0
6,25,29,1,1,1,0,0,1,0.0
6,25,29,2,2,6,2,3,1,0.0
6,25,29,2,2,5,4,1,0,0.0
6,25,9,1,1,1,0,1,0,0.0
6,25,29,2,3,13,0,3,8,0.0
6,25,29,2,1,4,3,0,0,0.0
6,25,29,2,5,24,8,1,8,0.0
6,25,29,2,2,4,3,0,0,0.0
6,25,29,2,4,18,14,2,7,6.0
6,25,29,2,3,6,3,1,0,0.0
6,25,29,2,3,6,5,0,1,0.0
6,25,29,2,3,7,1,0,4,0.0
6,25,29,1,1,5,4,1,0,0.0
6,25,29,2,2,3,0,0,2,0.0
6,25,29,1,1,1,0,0,0,0.0
6,25,29,2,3,7,7,0,0,0.0
6,25,29,1,1,2,0,2,2,2.0
6,25,29,1,1,1,0,1,0,0.0
6,25,29,1,4,12,1,1,3,1.0
6,25,29,1,1,3,1,2,0,0.0
6,25,29,1,1,2,0,2,0,0.0
6,25,29,2,2,6,5,1,2,3.0
6,25,29,1,2,3,0,3,0,0.0
6,25,29,1,1,1,0,0,0,0.0
6,25,29,2,2,5,4,2,0,1.0
6,25,29,1,1,3,3,0,0,0.0
6,25,29,2,5,11,1,0,2,0.0
6,25,29,2,2,15,2,6,4,0.0
6,25,9,1,1,1,0,0,1,0.0
6,25,29,1,1,1,0,1,0,0.0
6,25,29,1,3,4,0,1,2,0.0
6,25,29,2,1,5,0,1,5,1.0
6,25,29,2,3,6,1,1,2,0.0
6,25,29,1,1,1,1,0,0,0.0
6,25,9,2,4,8,4,1,3,0.0
6,25,29,1,1,1,0,0,1,0.0
6,25,29,1,1,2,1,0,1,0.0
6,25,29,1,2,7,0,5,2,1.0
6,25,29,2,2,2,0,1,0,0.0
6,25,29,2,1,2,2,0,0,1.0
6,25,29,2,2,5,0,0,2,0.0
6,25,29,2,3,16,3,4,5,0.0
6,25,29,1,1,2,0,0,0,0.0
6,25,29,2,3,4,1,2,0,0.0
6,25,29,1,2,2,1,1,0,0.0
6,25,29,1,1,1,1,0,0,0.0
6,25,29,1,1,2,0,0,0,0.0
6,25,29,2,3,5,2,1,1,0.0
6,25,9,2,3,6,0,0,6,0.0
6,25,46,2,1,5,2,1,2,0.0
6,25,29,2,1,6,1,2,3,0.0
6,25,9,1,2,10,1,6,3,0.0
6,25,46,1,1,1,0,0,1,0.0
6,25,16,1,1,1,0,1,0,0.0
6,25,9,2,3,4,4,0,0,0.0
6,25,29,1,2,3,0,3,0,0.0
6,25,29,2,1,11,6,0,6,1.0
6,25,9,1,2,6,0,3,3,0.0
6,25,29,1,1,1,0,2,0,1.0
6,25,29,1,1,1,0,0,1,0.0
6,25,29,1,1,2,0,2,0,0.0
6,25,29,2,3,7,0,1,4,0.0
6,25,9,2,3,7,1,3,3,0.0
6,25,46,1,1,1,0,0,0,0.0
6,25,44,1,1,1,0,1,0,0.0
6,25,29,2,2,10,4,0,0,0.0
6,25,29,1,2,7,1,6,0,0.0
6,26,29,1,2,7,5,1,1,0.0
6,26,29,2,2,9,7,2,0,0.0
6,26,21,1,2,3,0,3,0,0.0
6,26,9,2,3,5,0,2,3,0.0
6,26,25,2,5,22,0,0,0,1.0
6,26,16,2,4,19,0,0,4,1.0
6,26,29,2,2,9,1,8,0,0.0
6,26,27,1,1,1,1,0,0,0.0
6,26,27,2,2,2,0,0,0,0.0
6,26,9,2,2,10,2,8,0,0.0
6,26,29,2,3,15,6,3,7,1.0
6,26,29,1,1,1,0,1,0,0.0
6,26,29,1,1,2,0,0,2,0.0
6,26,9,2,2,7,2,5,0,0.0
6,26,29,1,1,1,0,1,0,0.0
6,26,29,1,1,1,0,0,1,0.0
6,26,29,1,1,1,0,0,0,0.0
6,26,29,1,1,1,0,0,0,0.0
6,26,44,2,4,29,10,5,15,1.0
6,26,9,1,1,1,0,1,0,0.0
6,26,29,1,1,1,0,0,1,0.0
6,26,29,2,3,5,0,0,3,2.0
6,26,9,1,2,3,0,3,0,0.0
6,26,41,2,4,19,0,0,5,0.0
6,26,29,2,2,11,7,0,3,0.0
6,26,29,1,3,14,0,1,12,1.0
6,26,22,2,3,6,0,2,1,1.0
6,26,24,2,3,7,1,0,2,1.0
6,26,24,1,1,1,1,0,0,0.0
6,26,24,2,3,19,12,3,11,3.0
6,26,29,2,2,8,3,6,0,1.0
6,26,29,1,1,1,0,0,1,0.0
6,26,29,1,2,5,0,5,0,0.0
6,26,29,2,2,6,4,0,0,0.0
6,26,29,1,1,1,0,0,0,0.0
6,26,24,1,1,2,2,0,0,0.0
6,26,29,2,3,5,3,2,0,2.0
6,26,21,2,1,5,2,0,3,0.0
6,26,29,1,2,2,0,2,0,0.0
6,26,29,1,2,2,1,1,0,0.0
6,26,9,1,1,1,1,0,0,0.0
6,26,29,2,1,5,2,1,2,0.0
6,26,21,2,2,2,0,0,2,0.0
6,26,29,1,1,1,1,0,0,0.0
6,26,29,1,1,2,0,0,2,0.0
6,26,29,1,1,1,0,1,0,0.0
6,26,29,1,1,1,1,0,0,0.0
6,26,29,2,1,2,0,0,2,0.0
6,26,29,2,2,8,5,3,0,0.0
6,26,29,1,1,4,0,3,1,0.0
6,26,29,1,1,1,0,0,1,0.0
6,26,29,1,1,1,0,1,0,0.0
6,26,29,1,1,8,9,0,0,1.0
6,26,29,1,1,1,1,0,0,0.0
6,26,29,1,1,1,0,0,1,0.0
6,26,29,2,2,3,1,0,0,0.0
6,26,29,1,2,7,0,7,0,0.0
6,26,29,1,3,3,0,0,2,0.0
6,26,29,2,1,7,7,0,0,1.0
6,26,29,2,1,8,4,1,3,0.0
6,26,29,1,1,2,0,2,0,0.0
6,26,29,1,1,1,1,0,0,0.0
6,26,29,1,1,2,0,2,0,0.0
6,26,29,1,1,1,0,0,1,0.0
6,26,29,1,1,1,0,0,0,0.0
6,26,29,2,2,6,3,0,1,0.0
6,26,29,1,1,2,2,0,0,0.0
6,26,29,1,1,1,0,0,0,1.0
6,26,29,1,2,4,2,0,0,0.0
6,26,29,1,1,1,0,1,0,0.0
6,26,29,1,1,3,0,3,0,0.0
6,26,29,2,2,5,2,1,0,0.0
6,26,29,2,2,5,3,2,0,0.0
6,26,29,1,1,1,0,0,1,0.0
6,26,30,2,1,3,0,0,0,0.0
6,26,29,2,4,22,8,7,8,1.0
6,26,29,2,3,43,12,0,33,2.0
6,26,11,1,1,1,1,0,0,0.0
6,26,29,2,5,30,0,2,5,0.0
6,26,29,2,1,6,0,2,4,0.0
6,26,29,2,2,4,1,0,0,0.0
6,26,29,2,1,3,0,3,0,0.0
6,26,29,1,1,2,0,2,0,0.0
6,26,29,1,1,6,3,3,0,0.0
6,26,29,2,2,2,0,0,1,0.0
6,26,29,2,2,6,0,6,0,0.0
6,26,29,1,1,1,0,0,0,0.0
6,26,29,1,1,2,0,0,0,0.0
6,26,29,2,1,3,0,1,2,0.0
6,26,29,1,1,1,1,0,0,0.0
6,26,29,2,3,13,0,12,1,0.0
6,26,44,1,1,1,1,0,0,0.0
6,26,29,2,2,10,7,1,0,0.0
6,26,29,1,1,1,0,0,0,0.0
6,26,29,1,1,1,1,0,0,0.0
6,26,29,2,1,4,0,4,0,0.0
6,26,29,2,2,2,1,0,1,0.0
6,26,29,1,1,2,0,2,0,0.0
6,26,29,1,1,1,1,0,0,0.0
6,26,29,1,1,3,3,0,0,0.0
6,26,29,2,1,4,4,0,0,0.0
6,26,29,1,1,2,0,0,2,0.0
6,26,29,1,1,2,0,2,0,0.0
6,26,29,1,1,1,1,0,0,0.0
6,26,29,1,2,4,4,0,0,0.0
6,26,29,2,4,8,2,1,5,0.0
6,26,29,1,1,3,2,0,1,0.0
6,26,29,2,2,7,0,6,0,0.0
6,26,29,1,1,1,1,0,0,0.0
6,26,29,2,4,10,0,2,3,1.0
6,26,29,2,1,3,1,1,0,0.0
6,26,29,2,2,3,2,0,1,0.0
6,26,29,1,2,4,2,2,0,0.0
6,26,29,1,2,7,0,5,0,0.0
6,26,29,1,1,1,0,0,0,0.0
6,26,29,1,1,3,2,0,0,0.0
6,26,29,1,1,2,0,0,0,1.0
6,26,29,2,1,11,1,6,4,0.0
6,26,29,2,3,9,0,4,0,0.0
6,26,29,2,2,10,0,2,0,1.0
6,26,29,1,1,1,1,0,0,0.0
6,26,44,1,2,2,1,0,2,1.0
6,26,29,2,4,9,3,0,5,0.0
6,26,29,1,1,1,0,1,0,0.0
6,26,29,2,5,13,0,0,4,0.0
6,26,29,1,1,4,2,0,2,0.0
6,26,29,2,4,8,0,2,3,0.0
6,26,29,2,2,3,2,0,1,0.0
6,26,29,1,3,3,0,1,2,0.0
6,26,29,1,1,1,0,0,2,1.0
6,26,29,2,2,2,2,0,0,0.0
6,26,29,2,3,3,0,0,0,0.0
6,26,29,2,3,5,0,0,1,0.0
6,26,44,1,2,2,2,0,0,0.0
6,26,29,2,2,4,0,4,0,0.0
6,26,29,2,4,11,1,1,0,0.0
6,26,29,1,3,4,1,1,0,0.0
6,26,29,2,4,31,13,11,6,3.0
6,26,29,2,3,6,0,2,0,0.0
6,26,16,2,4,21,0,7,14,0.0
6,26,29,2,2,2,0,1,1,0.0
6,26,9,2,3,27,23,0,6,2.0
6,26,29,1,1,1,1,0,0,0.0
6,26,29,2,2,6,2,0,4,0.0
6,26,29,1,3,6,6,0,0,0.0
6,26,29,1,1,1,1,0,0,0.0
6,26,24,1,1,1,0,1,0,0.0
6,26,29,1,1,1,1,0,0,0.0
6,26,29,2,2,7,6,0,1,1.0
6,26,29,2,2,3,1,1,0,0.0
6,26,29,2,3,4,0,0,4,0.0
6,26,46,2,1,6,3,2,1,0.0
6,26,24,2,1,7,7,0,0,1.0
6,26,29,2,2,6,2,3,3,2.0
6,26,29,1,1,5,1,2,2,0.0
6,26,29,1,1,2,0,0,0,0.0
6,26,44,1,1,2,2,0,0,0.0
6,26,29,2,3,43,8,12,20,1.0
6,26,29,2,1,3,0,0,3,0.0
6,26,16,1,2,6,1,3,2,0.0
6,26,29,2,3,3,2,0,0,0.0
6,26,29,1,1,1,0,1,0,0.0
6,26,29,1,2,3,0,0,2,0.0
6,26,29,2,1,5,0,0,3,0.0
6,26,9,1,1,1,0,1,0,0.0
6,26,9,1,1,1,1,0,0,0.0
6,26,9,2,1,5,3,2,2,2.0
6,26,9,1,1,2,0,1,2,1.0
6,26,29,2,5,17,3,0,5,1.0
6,26,29,2,1,5,1,0,4,0.0
6,26,29,2,1,3,0,3,0,0.0
6,26,9,1,2,3,1,1,1,0.0
6,26,29,1,1,1,1,0,0,0.0
6,26,29,2,5,19,5,6,0,0.0
6,26,29,2,1,2,0,2,0,0.0
6,26,29,2,4,12,0,2,0,0.0
6,26,29,2,1,3,0,3,0,0.0
6,26,29,2,2,2,0,0,2,0.0
6,27,29,2,3,13,6,0,3,0.0
6,27,29,2,1,4,4,0,0,0.0
6,27,29,2,3,12,20,0,0,5.0
6,27,21,2,4,9,2,2,5,0.0
6,27,29,2,2,7,0,7,0,0.0
6,27,24,1,1,3,5,0,0,1.0
6,27,29,2,2,2,1,0,0,0.0
6,27,29,2,3,10,4,3,3,0.0
6,27,27,1,1,2,1,0,0,0.0
6,27,41,1,1,1,0,1,0,0.0
6,27,9,1,1,3,0,3,0,0.0
6,27,29,1,1,1,0,1,0,0.0
6,27,29,1,1,2,0,2,0,0.0
6,27,9,1,2,6,5,0,1,0.0
6,27,41,1,1,1,0,1,0,0.0
6,27,29,2,3,3,0,1,2,0.0
6,27,9,1,1,2,2,0,0,0.0
6,27,29,1,1,1,1,0,0,0.0
6,27,29,1,1,5,5,0,0,0.0
6,27,29,2,4,27,10,0,4,2.0
6,27,9,2,1,3,2,0,1,0.0
6,27,24,2,2,2,0,0,1,0.0
6,27,9,1,2,3,2,0,1,0.0
6,27,24,2,5,17,0,0,0,3.0
6,27,24,1,2,2,0,1,0,0.0
6,27,29,1,1,1,1,0,0,0.0
6,27,29,1,1,1,0,0,0,0.0
6,27,29,1,2,11,0,10,0,0.0
6,27,21,2,4,5,0,0,5,2.0
6,27,29,1,2,2,0,1,1,0.0
6,27,29,1,1,2,2,0,0,0.0
6,27,29,1,1,1,1,0,0,0.0
6,27,29,2,2,6,0,7,0,1.0
6,27,29,1,1,1,1,0,0,0.0
6,27,29,1,1,1,2,0,0,1.0
6,27,29,2,2,8,6,0,0,0.0
6,27,29,2,2,5,0,5,0,0.0
6,27,29,1,3,3,1,1,1,0.0
6,27,29,1,1,1,1,0,0,0.0
6,27,29,1,1,2,0,2,0,0.0
6,27,29,2,2,3,0,0,3,0.0
6,27,29,2,4,11,5,0,0,0.0
6,27,29,1,1,1,1,0,0,0.0
6,27,29,2,3,6,2,1,1,0.0
6,27,29,2,4,6,1,0,1,0.0
6,27,29,1,1,6,6,0,0,0.0
6,27,29,2,2,6,0,0,2,0.0
6,27,29,2,1,14,0,8,3,0.0
6,27,29,1,1,1,0,1,0,0.0
6,27,29,2,2,12,7,5,1,1.0
6,27,29,1,1,2,0,7,0,1.0
6,27,29,2,3,9,7,0,9,4.0
6,27,29,2,3,13,0,2,5,0.0
6,27,29,1,1,1,1,0,0,0.0
6,27,29,1,1,1,0,1,0,0.0
6,27,29,1,1,1,0,1,0,0.0
6,27,29,1,2,3,3,1,0,1.0
6,27,29,1,1,2,2,0,0,0.0
6,27,29,1,1,1,0,0,0,0.0
6,27,29,1,1,1,0,1,0,0.0
6,27,29,2,2,4,4,0,0,0.0
6,27,29,2,2,9,5,0,4,0.0
6,27,29,2,1,8,0,0,0,0.0
6,27,29,2,3,5,0,0,1,0.0
6,27,29,2,2,5,3,3,0,1.0
6,27,29,2,5,10,0,0,4,3.0
6,27,29,2,5,12,2,0,2,0.0
6,27,29,1,1,3,1,2,0,0.0
6,27,29,2,3,5,0,0,1,0.0
6,27,29,1,1,1,0,0,1,0.0
6,27,29,2,3,11,1,2,0,0.0
6,27,29,2,3,6,0,1,1,0.0
6,27,29,1,2,3,1,1,0,1.0
6,27,29,2,4,21,4,3,4,2.0
6,27,24,2,2,19,15,2,0,1.0
6,27,29,1,2,3,0,2,0,0.0
6,27,29,2,2,3,3,0,0,0.0
6,27,29,2,1,3,1,1,0,0.0
6,27,29,2,3,18,8,7,3,2.0
6,27,29,2,2,4,0,2,1,0.0
6,27,29,2,2,16,5,6,4,0.0
6,27,29,2,3,12,0,0,12,0.0
6,27,29,2,3,10,0,0,0,1.0
6,27,29,1,1,1,0,0,1,0.0
6,27,29,2,1,4,3,0,0,0.0
6,27,29,2,1,2,0,2,0,0.0
6,27,29,2,1,5,0,2,3,1.0
6,27,29,2,4,15,0,0,7,0.0
6,27,29,1,1,1,0,0,0,0.0
6,27,29,2,1,5,0,4,1,0.0
6,27,29,1,1,1,0,0,1,0.0
6,27,29,2,1,2,1,0,1,0.0
6,27,29,2,2,10,2,5,2,0.0
6,27,29,1,4,9,1,3,5,0.0
6,27,29,2,4,5,1,2,2,0.0
6,27,9,2,3,9,6,2,1,0.0
6,27,29,1,1,2,0,2,0,0.0
6,27,29,1,3,5,2,2,0,0.0
6,27,29,2,2,3,3,0,0,0.0
6,27,31,2,3,12,2,2,8,0.0
6,27,29,2,1,3,3,1,0,1.0
6,27,46,1,1,2,4,0,0,1.0
6,27,29,1,1,1,0,0,1,0.0
6,27,29,2,4,10,0,3,3,0.0
6,27,29,1,1,2,1,0,0,0.0
6,27,29,2,4,17,4,1,2,1.0
6,27,29,1,1,1,0,1,0,0.0
6,27,29,2,1,2,0,0,2,0.0
6,27,29,2,3,4,2,2,0,0.0
6,27,29,2,4,19,6,1,12,0.0
6,27,34,1,1,2,2,0,0,0.0
6,27,29,1,2,2,0,2,0,0.0
6,27,29,2,2,10,4,0,0,0.0
6,27,29,1,1,2,1,0,0,0.0
6,27,29,1,2,5,0,4,0,0.0
6,27,29,2,3,13,2,1,0,0.0
6,27,29,2,1,3,0,0,3,0.0
6,27,9,2,4,8,2,0,6,0.0
6,27,24,2,2,6,0,4,2,0.0
6,27,29,1,1,1,0,0,0,0.0
6,27,46,1,1,1,1,0,0,0.0
6,27,9,2,3,58,25,13,43,17.0
6,27,29,1,1,1,0,0,0,0.0
6,27,29,2,2,5,3,1,1,0.0
6,27,29,2,4,14,3,3,8,2.0
6,27,46,1,2,3,1,1,0,0.0
6,27,29,1,1,1,0,0,1,0.0
6,27,29,1,1,2,0,2,0,0.0
6,27,29,2,2,10,8,1,3,2.0
6,27,9,1,1,1,1,0,0,0.0
6,27,29,1,2,2,0,0,0,0.0
6,27,29,1,3,5,3,0,2,0.0
6,27,29,1,1,1,0,1,0,0.0
6,27,29,2,1,3,0,0,0,0.0
6,27,29,2,1,17,19,0,3,4.0
6,27,29,1,1,1,0,0,0,0.0
6,28,29,1,1,1,0,0,0,0.0
6,28,29,2,3,3,0,0,0,0.0
6,28,24,1,1,1,0,0,1,0.0
6,28,29,1,1,2,2,0,0,0.0
6,28,29,2,1,2,0,0,2,0.0
6,28,29,2,4,13,8,0,3,0.0
6,28,29,1,1,1,1,0,0,0.0
6,28,29,2,2,6,0,6,0,0.0
6,28,29,2,1,3,3,0,0,0.0
6,28,24,1,1,1,1,0,0,0.0
6,28,9,1,1,1,1,0,0,0.0
6,28,29,2,2,4,3,1,0,0.0
6,28,29,2,5,29,5,0,16,2.0
6,28,29,1,1,2,2,0,0,0.0
6,28,29,1,2,2,1,1,0,0.0
6,28,21,2,1,10,3,4,0,0.0
6,28,29,1,2,2,0,2,0,0.0
6,28,29,1,2,2,0,2,0,0.0
6,28,29,2,1,2,0,2,0,0.0
6,28,24,1,1,2,0,1,1,0.0
6,28,24,2,1,4,0,0,0,0.0
6,28,24,1,1,4,2,0,1,0.0
6,28,29,1,1,2,2,0,0,0.0
6,28,29,1,2,10,0,10,0,0.0
6,28,29,2,3,7,4,0,3,0.0
6,28,29,2,2,3,0,0,2,0.0
6,28,29,2,4,13,0,6,1,4.0
6,28,29,1,1,1,1,0,0,0.0
6,28,29,2,2,2,0,0,1,0.0
6,28,29,1,1,2,0,1,1,0.0
6,28,29,1,1,1,0,1,0,0.0
6,28,29,1,1,1,0,1,0,0.0
6,28,29,1,1,4,3,0,1,0.0
6,28,29,1,1,4,3,0,0,0.0
6,28,29,1,1,1,0,0,0,0.0
6,28,29,2,3,8,0,4,3,0.0
6,28,29,2,2,7,2,1,3,0.0
6,28,29,1,1,1,0,1,0,0.0
6,28,29,2,1,7,3,1,0,1.0
6,28,29,1,1,4,4,0,1,1.0
6,28,29,1,1,3,3,0,0,0.0
6,28,29,2,2,6,0,5,1,0.0
6,28,29,2,3,7,2,0,0,0.0
6,28,29,2,1,5,1,4,0,0.0
6,28,29,1,1,1,1,0,0,0.0
6,28,29,1,2,3,0,3,0,0.0
6,28,29,1,1,3,0,1,2,0.0
6,28,29,1,2,7,1,6,0,0.0
6,28,29,2,5,23,7,5,6,0.0
6,28,29,1,1,2,0,0,2,0.0
6,28,29,1,1,1,0,0,1,0.0
6,28,29,1,2,3,0,4,0,1.0
6,28,29,1,1,1,0,0,1,0.0
6,28,29,2,1,5,4,0,0,0.0
6,28,29,1,2,4,0,4,0,0.0
6,28,29,2,3,10,0,3,0,0.0
6,28,29,1,1,3,3,0,0,0.0
6,28,29,1,1,1,1,0,0,0.0
6,28,29,2,2,4,0,0,4,0.0
6,28,29,2,2,4,0,3,1,0.0
6,28,29,2,1,2,1,0,0,0.0
6,28,29,2,2,2,2,0,0,0.0
6,28,29,1,1,1,1,0,0,0.0
6,28,24,1,1,1,1,0,0,0.0
6,28,29,2,1,8,0,1,12,3.0
6,28,44,2,5,10,1,0,5,0.0
6,28,29,1,1,7,8,0,0,1.0
6,28,29,1,1,1,0,2,0,1.0
6,28,29,2,3,5,0,3,4,2.0
6,28,29,2,2,5,0,0,0,0.0
6,28,29,2,3,4,1,0,0,0.0
6,28,29,2,2,8,5,2,2,1.0
6,28,29,2,1,2,0,2,0,0.0
6,28,29,1,1,2,1,0,1,0.0
6,28,29,1,2,3,1,1,1,0.0
6,28,29,2,3,15,9,4,5,4.0
6,28,29,1,1,1,0,0,0,0.0
6,28,29,2,3,5,1,1,0,0.0
6,28,29,2,1,3,1,2,0,0.0
6,28,29,1,1,1,0,1,0,0.0
6,28,29,2,3,4,0,3,0,0.0
6,28,29,1,1,1,0,1,0,0.0
6,28,46,1,2,4,0,4,0,0.0
6,28,29,2,2,8,3,2,2,0.0
6,28,44,1,1,1,1,0,0,0.0
6,28,29,2,2,3,0,3,0,0.0
6,28,44,2,4,12,4,1,4,0.0
6,28,29,2,2,2,0,0,1,0.0
6,28,29,1,1,1,1,0,0,0.0
6,28,29,1,2,7,2,0,5,0.0
6,28,29,1,1,2,2,0,0,0.0
6,28,29,1,1,2,2,0,0,0.0
6,28,29,2,1,10,0,5,6,1.0
6,28,29,2,4,11,0,3,3,0.0
6,28,29,1,2,3,1,0,2,0.0
6,28,29,1,1,1,0,1,0,0.0
6,28,29,1,1,3,2,0,1,0.0
6,28,29,1,1,1,0,1,0,0.0
6,28,29,2,2,5,0,4,0,0.0
6,28,29,1,1,1,1,0,0,0.0
6,28,46,2,1,5,3,2,0,0.0
6,28,29,2,2,6,2,4,0,1.0
6,28,24,1,2,4,0,5,0,1.0
6,28,9,2,1,4,3,0,1,0.0
6,28,29,2,2,4,1,2,1,0.0
6,28,32,2,2,9,6,2,1,0.0
6,28,29,1,2,2,0,0,2,0.0
6,28,9,1,1,4,4,0,0,0.0
6,28,29,1,1,1,0,1,0,0.0
6,28,29,2,2,6,2,4,0,0.0
6,28,29,2,4,19,6,5,4,0.0
6,28,46,2,2,3,2,0,1,0.0
6,28,29,1,1,1,1,0,0,0.0
6,28,24,2,2,3,3,0,0,0.0
6,28,9,1,1,1,0,0,1,0.0
6,28,44,1,1,3,0,3,0,0.0
6,28,29,2,1,6,5,0,0,1.0
6,28,29,2,3,29,23,8,14,13.0
6,29,29,1,2,5,3,0,0,0.0
6,29,29,1,1,2,2,0,0,0.0
6,29,9,2,3,4,2,2,0,0.0
6,29,9,1,2,4,0,5,0,1.0
6,29,29,2,1,4,0,4,0,0.0
6,29,29,2,3,7,0,0,7,1.0
6,29,29,1,2,2,0,1,0,0.0
6,29,29,2,2,7,1,3,1,0.0
6,29,9,2,3,6,0,0,6,0.0
6,29,29,1,1,1,0,0,1,0.0
6,29,29,2,3,9,0,6,0,1.0
6,29,29,2,1,6,3,3,0,0.0
6,29,29,1,1,1,2,0,0,1.0
6,29,29,2,2,7,0,0,0,0.0
6,29,24,2,4,5,1,2,1,0.0
6,29,29,2,2,3,0,0,4,1.0
6,29,9,1,1,3,3,0,0,0.0
6,29,24,2,1,3,0,0,3,0.0
6,29,24,2,1,4,0,4,0,0.0
6,29,24,2,1,2,1,0,0,0.0
6,29,29,2,3,7,4,3,0,0.0
6,29,29,1,1,2,0,1,0,0.0
6,29,38,1,1,5,1,1,3,0.0
6,29,29,1,2,5,0,4,1,0.0
6,29,9,1,1,1,0,0,1,0.0
6,29,29,2,3,4,0,0,2,0.0
6,29,29,1,1,1,1,0,0,0.0
6,29,29,1,1,3,3,0,0,0.0
6,29,24,2,4,32,13,6,10,5.0
6,29,29,2,4,29,9,5,10,1.0
6,29,29,1,1,1,1,0,0,0.0
6,29,29,1,2,3,0,2,1,0.0
6,29,29,1,1,4,1,2,1,2.0
6,29,29,2,1,2,1,0,0,0.0
6,29,29,1,1,1,1,0,0,0.0
6,29,29,2,3,8,0,3,4,0.0
6,29,29,1,1,1,1,0,0,0.0
6,29,29,1,1,1,0,1,0,0.0
6,29,29,1,1,2,2,0,0,0.0
6,29,29,1,1,1,1,0,0,0.0
6,29,29,1,1,1,1,0,0,0.0
6,29,29,2,2,3,2,0,0,0.0
6,29,29,1,1,3,3,0,0,0.0
6,29,29,1,1,1,0,0,0,0.0
6,29,29,1,1,2,1,0,0,0.0
6,29,29,2,4,17,0,0,10,0.0
6,29,29,2,1,5,1,3,1,0.0
6,29,29,2,1,2,2,0,0,0.0
6,29,29,1,2,2,0,0,0,0.0
6,29,29,2,2,3,2,0,0,0.0
6,29,29,1,1,2,1,1,0,0.0
6,29,29,1,1,1,0,0,1,0.0
6,29,29,2,2,3,1,1,0,0.0
6,29,29,2,1,2,2,0,0,0.0
6,29,29,2,3,11,2,0,11,3.0
6,29,29,2,4,12,1,3,2,1.0
6,29,29,2,1,5,2,3,0,0.0
6,29,29,2,2,2,1,0,1,0.0
6,29,29,2,1,7,0,1,1,0.0
6,29,29,1,1,2,1,0,0,0.0
6,29,29,1,2,4,3,1,0,0.0
6,29,29,2,1,6,0,0,2,0.0
6,29,29,2,4,14,5,0,3,0.0
6,29,29,2,3,5,3,0,0,0.0
6,29,29,1,1,1,0,0,1,0.0
6,29,29,2,2,7,0,7,0,0.0
6,29,29,1,1,1,0,1,0,0.0
6,29,29,1,1,3,2,0,0,0.0
6,29,29,2,4,6,1,0,2,0.0
6,29,9,2,3,8,0,4,4,0.0
6,29,29,2,1,3,2,0,1,0.0
6,29,46,1,1,2,1,1,0,0.0
6,29,29,1,1,5,2,0,1,0.0
6,29,27,2,2,5,5,0,0,2.0
6,29,24,1,1,4,1,1,0,0.0
6,29,9,1,2,5,1,0,7,3.0
6,29,29,1,1,1,1,0,0,0.0
6,29,29,1,1,2,1,1,0,0.0
6,29,29,1,1,4,0,0,4,0.0
6,29,29,1,1,1,0,0,0,0.0
6,29,29,2,5,23,10,2,8,0.0
6,29,29,1,1,1,0,1,0,0.0
6,29,29,1,1,1,0,0,0,0.0
6,29,29,2,1,9,0,5,0,0.0
6,29,29,2,1,2,2,0,0,0.0
6,29,29,1,2,8,5,2,0,0.0
6,29,29,2,4,19,1,4,5,0.0
6,29,29,1,1,1,0,0,0,0.0
6,29,29,2,3,18,6,4,7,1.0
6,29,29,2,1,5,0,4,0,1.0
6,29,29,1,3,6,4,1,1,0.0
6,29,29,2,1,4,0,3,0,0.0
6,29,29,2,1,4,1,1,1,0.0
6,29,29,1,1,3,0,3,0,0.0
6,29,29,2,5,17,13,0,5,7.0
6,29,29,2,2,5,1,2,0,0.0
6,29,29,1,2,3,1,2,0,0.0
6,29,9,1,1,3,3,0,0,0.0
6,29,29,1,1,1,0,1,0,0.0
6,29,29,1,1,1,0,0,1,0.0
6,29,29,2,3,13,3,6,0,0.0
6,29,29,2,2,3,1,0,0,0.0
6,29,29,1,1,1,1,0,0,0.0
6,29,29,2,3,5,0,0,3,0.0
6,29,29,1,1,1,0,0,0,0.0
6,29,29,2,3,5,4,1,0,0.0
6,29,29,1,1,1,0,1,0,0.0
6,29,29,2,3,28,5,0,0,3.0
6,29,29,2,2,11,13,3,1,3.0
6,29,29,2,3,8,2,5,2,2.0
6,29,29,1,1,1,1,0,0,0.0
6,29,29,2,3,4,0,2,1,0.0
6,29,29,1,1,1,0,0,0,0.0
6,29,29,2,3,9,8,0,2,1.0
6,29,29,2,2,7,5,0,0,0.0
6,29,9,2,2,6,6,0,0,0.0
6,29,24,1,2,3,0,3,0,0.0
6,29,29,2,1,2,0,0,0,0.0
6,29,29,1,2,3,0,3,0,0.0
6,29,29,1,3,4,0,3,0,0.0
6,29,46,1,1,5,3,1,1,0.0
6,29,9,1,2,4,3,0,1,0.0
6,29,29,1,1,1,0,0,0,0.0
6,29,29,2,2,7,6,4,0,3.0
6,29,29,1,2,5,0,3,0,0.0
6,29,29,1,2,9,10,1,0,2.0
6,29,9,2,2,9,1,7,1,0.0
6,29,46,1,1,6,4,0,0,0.0
6,29,29,1,1,4,4,0,0,0.0
6,29,29,1,1,3,0,0,3,1.0
6,29,29,1,1,1,0,0,1,0.0
6,29,29,1,1,7,1,0,0,0.0
6,29,29,1,1,2,1,0,0,0.0
6,29,46,1,2,2,1,0,1,0.0
6,29,46,2,4,9,0,4,0,0.0
6,29,29,2,3,6,0,0,1,0.0
6,29,29,2,4,13,7,2,2,2.0
6,30,29,2,2,3,3,0,0,0.0
6,30,29,1,1,1,1,0,0,0.0
6,30,29,1,1,1,0,0,1,0.0
6,30,29,2,2,4,0,0,0,0.0
6,30,29,1,1,2,0,0,2,0.0
6,30,29,1,1,1,0,0,1,0.0
6,30,29,1,2,2,0,1,0,0.0
6,30,29,2,3,10,1,7,2,0.0
6,30,29,1,1,1,0,0,1,0.0
6,30,29,1,1,1,1,0,0,0.0
6,30,29,2,2,3,1,3,0,1.0
6,30,29,1,1,1,0,1,0,0.0
6,30,9,2,1,3,3,0,0,0.0
6,30,29,2,4,7,2,0,2,0.0
6,30,9,2,3,5,3,0,5,3.0
6,30,29,2,1,2,0,2,0,0.0
6,30,29,1,1,1,0,0,0,0.0
6,30,29,1,1,2,0,2,0,0.0
6,30,29,2,2,3,0,0,0,0.0
6,30,29,2,3,10,1,3,1,0.0
6,30,29,1,1,2,0,0,0,1.0
6,30,29,1,1,2,0,2,0,0.0
6,30,29,2,2,5,0,0,5,0.0
6,30,29,2,2,3,0,3,0,0.0
6,30,24,2,4,10,2,2,4,1.0
6,30,24,2,1,2,1,0,0,0.0
6,30,24,1,1,1,0,1,0,0.0
6,30,41,2,3,3,2,0,0,0.0
6,30,29,2,2,5,1,1,2,0.0
6,30,29,2,3,7,2,0,1,0.0
6,30,29,2,4,16,7,0,3,0.0
6,30,29,2,3,6,1,0,5,0.0
6,30,29,2,1,3,0,3,0,0.0
6,30,29,2,1,3,3,0,0,0.0
6,30,24,2,3,6,3,1,2,0.0
6,30,29,2,1,5,5,0,0,0.0
6,30,29,1,1,3,0,0,2,1.0
6,30,29,2,2,3,0,2,1,0.0
6,30,24,2,4,9,0,2,4,0.0
6,30,29,2,5,26,3,5,13,0.0
6,30,29,1,4,6,2,0,0,0.0
6,30,29,1,1,1,0,1,0,0.0
6,30,29,1,2,2,0,0,1,0.0
6,30,29,1,2,2,1,1,0,0.0
6,30,29,1,1,2,2,0,0,0.0
6,30,29,1,1,1,0,0,0,0.0
6,30,29,1,1,1,0,0,1,0.0
6,30,29,2,3,11,0,0,0,1.0
6,30,29,2,3,14,2,3,3,0.0
6,30,29,2,4,10,1,0,6,0.0
6,30,29,1,1,1,1,0,0,0.0
6,30,29,2,3,4,0,0,0,0.0
6,30,29,2,2,5,2,2,0,0.0
6,30,29,2,1,2,0,1,1,0.0
6,30,29,1,1,3,2,1,0,0.0
6,30,29,2,3,6,3,0,1,0.0
6,30,29,1,3,3,0,0,3,0.0
6,30,29,1,1,2,1,2,0,1.0
6,30,29,2,4,9,0,2,6,0.0
6,30,29,1,1,1,0,1,0,0.0
6,30,29,1,1,1,0,1,0,0.0
6,30,29,1,1,1,1,0,0,0.0
6,30,29,2,1,2,2,0,0,0.0
6,30,29,1,2,3,2,0,0,0.0
6,30,29,2,1,5,2,3,0,0.0
6,30,29,1,1,1,0,0,1,0.0
6,30,29,2,2,11,0,11,0,0.0
6,30,29,2,4,26,11,3,16,6.0
6,30,29,2,2,6,6,1,6,4.0
6,30,29,2,1,2,0,0,2,0.0
6,30,29,1,1,1,2,0,0,1.0
6,30,29,2,1,2,0,3,0,1.0
6,30,29,2,3,7,1,2,4,0.0
6,30,29,2,3,17,4,5,10,2.0
6,30,29,2,1,2,0,2,0,0.0
6,30,29,2,5,13,4,0,0,0.0
6,30,46,1,1,3,0,3,0,0.0
6,30,16,1,1,1,0,0,1,0.0
6,30,29,1,1,1,0,1,0,0.0
6,30,29,2,2,3,1,0,0,0.0
6,30,29,1,1,2,0,0,0,0.0
6,30,29,2,5,11,3,0,0,0.0
6,30,29,2,3,3,1,1,1,0.0
6,30,29,1,1,2,0,2,0,0.0
6,30,29,2,2,4,0,4,0,0.0
6,30,29,2,3,4,0,1,5,2.0
6,30,29,2,1,3,1,0,2,0.0
6,30,29,1,3,3,0,1,2,0.0
6,30,29,2,4,14,6,0,3,1.0
6,30,29,2,4,7,0,5,0,1.0
6,30,29,2,1,2,2,0,0,0.0
6,30,29,1,1,1,0,0,1,0.0
6,30,29,2,3,9,2,6,0,0.0
6,30,29,2,1,6,0,3,0,0.0
6,30,29,2,3,3,1,1,1,0.0
6,30,29,1,4,8,0,4,1,0.0
6,30,29,1,1,1,0,0,1,0.0
6,30,29,2,1,3,2,0,1,0.0
6,30,29,1,1,1,1,0,0,0.0
6,30,29,1,1,2,0,2,1,1.0
6,30,29,1,1,1,0,1,0,0.0
6,30,29,1,1,5,0,6,0,1.0
6,30,29,2,2,5,4,0,1,0.0
6,30,29,2,2,7,6,0,1,0.0
6,30,29,1,1,4,0,4,0,0.0
6,30,29,2,1,4,1,3,0,0.0
6,30,29,2,2,2,0,1,0,0.0
6,30,29,2,1,3,0,0,3,0.0
6,30,29,1,1,1,1,0,0,0.0
6,30,29,2,1,2,1,2,0,1.0
6,30,29,2,1,5,2,0,4,1.0
6,30,29,2,4,9,7,0,3,2.0
6,30,29,1,2,4,0,3,1,0.0
6,30,29,1,1,1,1,0,0,0.0
6,30,29,1,3,4,0,3,1,0.0
6,30,29,1,4,6,10,0,0,5.0
6,30,29,2,3,6,0,0,5,0.0
6,30,29,1,1,1,1,0,0,0.0
6,30,29,1,1,2,0,2,0,0.0
6,30,29,2,2,5,0,5,0,0.0
6,30,29,1,2,2,0,1,1,0.0
6,30,29,1,1,2,0,2,0,0.0
6,30,29,2,5,32,1,5,0,0.0
6,30,29,1,2,3,2,0,0,0.0
6,30,46,1,2,2,0,1,0,0.0
6,30,29,2,4,13,0,7,1,0.0
6,30,29,2,3,3,1,0,2,0.0
6,30,29,1,2,2,1,1,0,0.0
6,30,29,1,2,2,0,2,0,0.0
6,30,29,1,1,2,2,0,0,0.0
6,30,29,1,1,1,0,1,0,0.0
6,30,29,2,4,15,1,7,7,0.0
6,30,29,1,1,2,0,0,2,0.0
6,30,29,2,3,17,8,4,5,0.0
6,30,29,1,2,7,1,8,0,2.0
6,30,29,1,3,7,2,2,3,0.0
6,30,29,2,1,3,0,0,0,0.0
6,30,29,1,1,1,0,1,0,0.0
6,30,29,2,2,9,7,1,1,0.0
6,30,29,2,1,3,1,2,0,0.0
6,30,29,1,1,1,0,1,0,0.0
6,30,29,1,1,1,0,0,0,0.0
6,30,29,1,1,1,1,0,0,0.0
6,30,44,2,1,5,1,4,0,0.0
6,30,29,2,4,18,1,1,9,0.0
6,30,29,2,2,2,0,0,0,0.0
6,30,29,1,1,1,0,0,0,0.0
6,30,29,2,1,4,0,4,0,0.0
6,30,29,1,1,1,1,0,0,0.0
6,30,29,1,1,2,1,0,1,0.0
6,30,29,1,1,2,0,1,0,0.0
6,30,29,1,2,4,0,3,0,0.0
6,30,24,2,2,5,0,3,1,0.0
6,30,29,2,4,7,2,0,0,0.0
6,30,29,1,1,1,1,0,0,0.0
6,30,29,2,3,6,2,3,0,0.0
6,30,29,2,2,2,1,1,0,0.0
6,30,24,2,1,6,7,0,0,1.0
6,30,29,2,3,20,0,5,9,0.0
6,30,46,2,1,4,0,1,3,0.0
6,30,29,2,2,3,2,1,0,0.0
6,30,29,2,2,9,1,4,2,0.0
6,30,41,1,1,2,0,1,1,0.0
6,30,29,2,2,6,1,1,2,0.0
6,30,29,2,2,6,0,4,0,0.0
6,30,9,2,2,4,1,0,3,0.0
6,30,29,2,3,9,4,2,1,1.0
6,30,29,1,1,1,0,0,1,0.0
6,30,29,1,2,3,3,0,0,0.0
6,30,9,1,1,1,0,1,0,0.0
6,30,9,1,2,7,1,5,1,0.0
6,30,9,2,2,4,4,0,0,0.0
6,30,29,1,1,2,0,0,2,0.0
6,30,24,2,2,4,0,4,0,0.0
6,30,46,2,2,7,0,7,0,0.0
6,30,9,2,1,2,1,1,0,0.0
6,30,44,1,1,9,2,3,3,0.0
6,30,9,2,2,7,5,2,0,0.0
6,30,9,2,1,5,2,1,2,0.0
6,30,29,1,1,2,0,2,0,0.0
6,30,29,2,2,4,0,4,0,0.0
6,30,29,2,3,17,9,4,3,3.0
7,1,9,1,1,2,0,2,0,0.0
7,1,29,1,1,2,0,2,0,0.0
7,1,29,2,4,19,14,3,2,1.0
7,1,29,2,3,11,8,0,1,2.0
7,1,29,2,1,2,1,1,0,0.0
7,1,29,2,2,3,0,0,0,0.0
7,1,29,2,3,3,1,0,0,0.0
7,1,29,1,1,1,1,0,0,0.0
7,1,29,1,1,2,0,2,0,0.0
7,1,29,1,2,4,3,0,0,0.0
7,1,29,1,1,1,1,0,0,0.0
7,1,29,2,3,6,0,0,1,0.0
7,1,29,2,2,6,5,0,1,0.0
7,1,29,2,3,7,1,6,0,0.0
7,1,29,2,5,11,0,2,0,1.0
7,1,29,1,1,1,1,0,0,0.0
7,1,24,2,4,10,6,2,1,0.0
7,1,29,1,1,1,1,0,0,0.0
7,1,29,2,1,4,0,3,2,2.0
7,1,29,1,1,1,1,0,0,0.0
7,1,29,2,4,21,7,1,10,2.0
7,1,29,1,1,1,0,0,0,0.0
7,1,24,1,1,1,0,0,1,0.0
7,1,24,2,2,3,0,0,3,0.0
7,1,29,1,1,3,6,0,0,2.0
7,1,24,1,1,1,0,0,1,0.0
7,1,24,1,1,1,0,0,1,0.0
7,1,29,1,1,2,2,0,0,0.0
7,1,29,2,1,2,0,2,0,0.0
7,1,29,1,1,2,0,0,2,1.0
7,1,29,1,1,1,0,1,0,0.0
7,1,29,2,4,8,3,0,3,0.0
7,1,29,2,2,3,0,0,0,0.0
7,1,29,2,2,4,1,1,2,0.0
7,1,29,2,2,4,0,0,0,0.0
7,1,29,1,1,1,1,0,0,0.0
7,1,29,1,2,3,0,3,0,0.0
7,1,29,1,1,3,0,3,0,0.0
7,1,29,1,2,3,3,0,0,0.0
7,1,29,1,1,1,1,0,0,0.0
7,1,29,2,4,12,2,2,3,0.0
7,1,29,1,2,2,0,0,0,1.0
7,1,29,2,1,3,0,4,0,1.0
7,1,29,1,1,5,5,0,0,1.0
7,1,29,2,1,6,0,6,0,0.0
7,1,29,1,1,1,1,0,0,0.0
7,1,29,1,1,1,0,1,0,0.0
7,1,29,2,2,3,0,3,0,0.0
7,1,29,1,1,4,4,0,0,0.0
7,1,29,1,1,1,0,1,0,0.0
7,1,29,1,1,1,0,1,0,0.0
7,1,29,1,1,1,0,1,0,0.0
7,1,29,1,1,3,2,1,0,0.0
7,1,29,2,1,3,2,1,0,0.0
7,1,29,1,1,1,0,0,0,0.0
7,1,34,1,2,3,1,1,1,0.0
7,1,29,2,2,2,1,1,0,0.0
7,1,29,1,1,1,0,0,1,0.0
7,1,29,2,1,4,6,2,0,3.0
7,1,29,2,1,2,0,0,0,0.0
7,1,29,2,2,2,0,1,0,0.0
7,1,29,1,1,2,1,1,0,0.0
7,1,29,1,3,5,1,1,1,0.0
7,1,29,2,3,4,2,0,0,0.0
7,1,29,1,1,3,0,3,0,0.0
7,1,29,2,1,8,5,1,2,0.0
7,1,29,2,2,3,1,0,0,0.0
7,1,29,1,1,1,0,0,0,0.0
7,1,29,2,2,3,2,1,0,0.0
7,1,29,1,1,1,1,0,0,0.0
7,1,29,2,3,11,2,3,4,0.0
7,1,29,1,1,1,1,0,0,0.0
7,1,29,2,2,4,2,2,0,0.0
7,1,29,1,1,1,1,0,0,0.0
7,1,29,2,3,6,1,1,4,0.0
7,1,29,2,2,6,0,1,0,2.0
7,1,29,1,1,1,0,1,0,0.0
7,1,29,2,4,13,1,2,9,0.0
7,1,29,2,1,3,0,3,0,0.0
7,1,29,2,2,8,0,9,0,1.0
7,1,29,1,1,2,2,1,0,1.0
7,1,29,1,1,5,4,0,1,1.0
7,1,29,2,2,2,0,0,0,0.0
7,1,29,1,1,1,1,0,0,0.0
7,1,29,2,1,2,2,0,0,0.0
7,1,29,1,2,4,1,3,0,0.0
7,1,29,1,1,1,0,1,0,0.0
7,1,29,2,1,3,0,3,0,0.0
7,1,29,1,1,1,0,1,0,0.0
7,1,29,2,5,7,2,0,0,0.0
7,1,29,1,1,2,0,2,0,0.0
7,1,29,2,4,23,11,0,0,1.0
7,1,29,2,4,15,0,5,10,0.0
7,1,29,1,2,5,5,0,0,0.0
7,1,29,1,2,2,0,1,0,0.0
7,1,29,2,1,3,0,0,1,0.0
7,1,29,2,1,4,5,0,0,1.0
7,1,29,1,1,2,0,0,2,0.0
7,1,29,2,2,4,0,4,0,0.0
7,1,29,1,3,8,1,2,3,1.0
7,1,29,2,1,2,0,2,0,0.0
7,1,29,1,2,6,12,0,0,5.0
7,1,29,1,1,1,0,0,0,0.0
7,1,29,1,1,1,0,1,0,0.0
7,1,29,2,3,4,2,1,1,0.0
7,1,29,2,1,3,2,0,0,0.0
7,1,29,1,1,1,0,0,1,0.0
7,1,29,1,3,8,6,1,1,0.0
7,1,29,1,1,1,0,0,1,0.0
7,1,29,2,2,12,0,12,1,1.0
7,1,29,2,2,7,2,1,3,0.0
7,1,29,1,1,1,1,0,0,0.0
7,1,29,1,1,1,0,0,1,0.0
7,1,29,2,3,4,3,0,0,0.0
7,1,29,2,3,5,5,0,0,2.0
7,1,44,1,3,4,0,0,0,0.0
7,1,29,2,5,17,3,1,5,1.0
7,1,29,1,1,1,1,0,0,0.0
7,1,29,2,2,3,1,0,2,0.0
7,1,29,1,2,2,0,1,1,0.0
7,1,29,2,4,10,1,0,7,0.0
7,1,29,2,5,21,0,3,6,0.0
7,1,29,1,1,1,0,0,0,0.0
7,1,29,2,3,9,3,3,3,0.0
7,1,29,1,1,1,0,0,1,0.0
7,1,29,2,3,21,9,6,3,2.0
7,1,29,2,3,12,1,0,11,0.0
7,1,44,1,1,1,0,1,0,0.0
7,1,29,1,1,2,2,0,0,0.0
7,1,46,1,1,3,2,0,1,0.0
7,1,9,2,1,3,0,3,0,0.0
7,1,9,1,1,2,2,0,0,0.0
7,1,29,1,1,4,2,0,0,0.0
7,1,29,2,2,4,1,3,0,0.0
7,1,44,2,1,4,0,4,0,0.0
7,1,24,2,2,3,0,1,1,0.0
7,1,29,1,1,1,0,0,1,0.0
7,1,46,2,1,7,3,4,0,0.0
7,1,29,1,3,3,2,0,0,2.0
7,1,9,2,3,9,5,1,0,1.0
7,1,29,2,3,12,0,5,3,0.0
7,1,9,1,1,8,6,0,2,0.0
7,1,29,1,1,1,0,1,0,0.0
7,1,29,2,2,5,0,5,0,0.0
7,1,29,2,1,4,3,0,0,0.0
7,1,29,1,1,1,0,1,0,0.0
7,1,29,1,1,1,0,1,0,0.0
7,1,29,2,4,8,0,0,4,0.0
7,1,29,2,4,15,0,8,0,0.0
7,1,29,2,3,13,4,0,9,0.0
7,1,29,1,1,2,0,1,1,0.0
7,1,29,2,2,2,2,0,0,0.0
7,2,29,2,1,2,0,1,0,0.0
7,2,29,2,3,8,4,0,3,0.0
7,2,29,1,1,1,0,0,0,0.0
7,2,29,2,1,5,0,6,0,1.0
7,2,29,1,1,1,1,0,0,0.0
7,2,29,2,2,4,1,0,0,0.0
7,2,29,2,2,4,1,0,0,0.0
7,2,29,1,1,3,0,3,0,0.0
7,2,29,1,1,1,0,0,0,1.0
7,2,29,2,4,54,34,9,16,16.0
7,2,29,1,1,1,0,1,0,0.0
7,2,9,1,1,2,1,0,1,0.0
7,2,29,1,1,1,0,0,1,0.0
7,2,29,1,1,1,0,0,0,0.0
7,2,29,2,3,19,6,4,8,0.0
7,2,42,1,1,1,1,0,0,0.0
7,2,46,1,1,1,1,0,0,0.0
7,2,24,1,2,3,2,0,1,0.0
7,2,29,1,1,1,1,0,0,0.0
7,2,29,1,1,4,0,4,0,0.0
7,2,24,1,1,2,0,0,2,0.0
7,2,29,1,3,4,3,0,1,0.0
7,2,29,1,1,1,0,0,1,0.0
7,2,29,1,2,2,0,0,2,0.0
7,2,24,2,2,2,3,0,0,1.0
7,2,29,1,1,2,0,1,1,0.0
7,2,29,1,1,2,0,3,0,1.0
7,2,29,1,1,1,0,0,1,0.0
7,2,29,1,1,1,2,0,0,1.0
7,2,29,1,1,1,1,0,0,0.0
7,2,29,2,3,13,6,4,1,0.0
7,2,29,1,1,3,1,0,1,0.0
7,2,29,2,3,4,0,0,1,0.0
7,2,29,2,3,15,0,18,3,5.0
7,2,29,2,5,21,0,7,5,1.0
7,2,29,1,1,1,0,2,0,1.0
7,2,29,2,3,15,9,2,2,1.0
7,2,29,2,3,14,0,0,10,3.0
7,2,29,2,3,9,0,0,10,1.0
7,2,29,1,1,1,0,0,0,0.0
7,2,29,2,1,2,0,1,0,0.0
7,2,29,1,1,1,0,1,0,0.0
7,2,29,1,1,1,0,1,0,0.0
7,2,29,2,3,10,0,8,0,0.0
7,2,29,2,4,10,3,0,4,0.0
7,2,29,1,1,2,0,0,3,1.0
7,2,29,2,3,31,13,0,5,6.0
7,2,29,1,1,1,0,0,0,0.0
7,2,29,1,1,1,0,0,0,1.0
7,2,29,1,1,2,0,2,0,0.0
7,2,29,1,1,1,0,1,0,0.0
7,2,29,1,1,1,0,1,0,0.0
7,2,9,2,1,5,0,3,2,0.0
7,2,29,1,1,1,1,0,0,0.0
7,2,29,2,2,4,0,2,1,0.0
7,2,29,2,4,7,0,0,5,0.0
7,2,29,1,1,1,1,0,0,0.0
7,2,29,2,2,4,2,0,2,0.0
7,2,29,1,1,1,0,1,0,0.0
7,2,29,2,2,6,3,2,0,0.0
7,2,29,1,1,1,1,0,0,0.0
7,2,29,1,1,1,0,1,0,0.0
7,2,29,2,1,3,0,1,0,0.0
7,2,29,2,2,5,0,5,0,0.0
7,2,29,1,1,1,0,0,1,0.0
7,2,29,2,2,4,1,1,0,0.0
7,2,29,2,1,4,3,0,1,0.0
7,2,29,1,1,2,0,0,1,0.0
7,2,29,1,1,1,1,0,0,0.0
7,2,29,2,4,5,0,0,3,0.0
7,2,29,1,1,2,0,1,0,0.0
7,2,29,1,1,4,0,4,0,0.0
7,2,29,1,1,3,0,1,2,2.0
7,2,29,2,1,3,1,1,1,0.0
7,2,29,2,2,3,1,0,2,0.0
7,2,29,2,2,3,2,0,1,0.0
7,2,29,1,1,1,0,1,0,0.0
7,2,29,2,3,12,3,2,2,1.0
7,2,29,2,5,14,2,0,2,3.0
7,2,29,1,1,1,0,2,0,1.0
7,2,29,2,3,9,0,2,0,0.0
7,2,29,1,1,1,1,0,0,0.0
7,2,29,1,1,3,3,0,0,0.0
7,2,29,2,1,18,16,0,2,0.0
7,2,29,1,2,2,2,0,0,0.0
7,2,29,1,1,2,1,0,2,1.0
7,2,29,1,1,1,0,1,0,0.0
7,2,29,1,1,1,0,1,0,0.0
7,2,29,1,2,4,0,4,0,0.0
7,2,29,1,2,4,2,0,1,0.0
7,2,29,1,1,1,1,0,0,0.0
7,2,29,2,2,3,0,0,0,0.0
7,2,29,1,1,1,0,0,0,0.0
7,2,9,1,1,1,1,0,0,0.0
7,2,29,2,4,15,0,0,6,0.0
7,2,26,1,1,1,0,1,0,0.0
7,2,46,1,1,1,0,0,1,0.0
7,2,29,2,2,8,5,0,7,2.0
7,2,29,2,1,2,0,2,0,0.0
7,2,29,2,4,30,20,4,0,5.0
7,2,29,2,4,11,6,0,0,0.0
7,2,29,1,1,1,1,0,0,0.0
7,2,29,1,1,1,1,0,0,0.0
7,2,29,1,1,1,1,0,0,0.0
7,2,29,1,1,2,1,0,2,1.0
7,2,29,1,2,2,0,0,0,0.0
7,2,29,2,3,7,5,2,0,0.0
7,2,29,1,2,2,0,0,0,0.0
7,2,29,1,1,2,0,2,0,0.0
7,2,29,1,1,1,0,1,0,0.0
7,2,29,2,2,3,0,0,2,0.0
7,2,29,1,1,2,0,2,0,0.0
7,2,29,2,1,3,0,3,0,0.0
7,2,46,2,2,3,1,0,3,1.0
7,2,15,1,1,1,0,1,0,0.0
7,2,29,1,1,2,1,0,0,0.0
7,2,29,2,2,7,0,7,0,0.0
7,2,29,2,2,3,0,3,0,0.0
7,2,29,1,1,3,0,2,0,0.0
7,2,29,1,2,2,3,0,0,1.0
7,2,29,2,2,10,1,3,2,1.0
7,2,29,2,2,3,0,3,0,0.0
7,2,29,2,2,5,2,3,0,0.0
7,2,29,2,3,7,0,5,0,0.0
7,2,29,1,1,1,0,0,1,0.0
7,2,29,2,2,7,0,1,0,1.0
7,2,29,2,4,8,2,0,2,0.0
7,2,29,1,1,1,1,0,0,0.0
7,2,29,1,2,5,1,4,0,0.0
7,2,9,2,1,6,0,4,3,1.0
7,2,46,1,1,2,1,0,1,0.0
7,2,29,2,1,3,1,2,0,0.0
7,2,29,1,1,1,0,0,0,0.0
7,2,29,1,2,3,1,2,0,0.0
7,2,29,1,1,1,0,0,0,0.0
7,2,29,2,2,2,0,0,1,0.0
7,2,29,2,5,14,0,0,0,0.0
7,2,29,2,2,3,0,0,0,0.0
7,2,29,1,2,4,0,4,0,0.0
7,2,29,1,1,1,1,0,0,0.0
7,2,46,1,1,2,2,1,0,1.0
7,2,29,1,1,1,0,1,0,0.0
7,2,9,1,1,1,1,0,0,0.0
7,2,44,1,1,2,1,0,0,0.0
7,2,29,1,1,2,0,0,0,0.0
7,2,29,1,1,1,1,0,0,0.0
7,2,29,2,3,5,0,2,3,0.0
7,2,29,2,3,8,1,0,4,0.0
7,2,9,1,2,2,3,0,0,1.0
7,2,9,1,2,3,3,0,0,0.0
7,2,29,1,1,3,0,0,2,0.0
7,2,29,1,1,1,1,0,0,0.0
7,2,16,2,3,18,2,18,6,5.0
7,2,29,1,1,1,1,0,0,0.0
7,2,29,2,2,2,1,1,0,0.0
7,2,29,2,4,28,10,1,3,2.0
7,3,29,2,2,4,3,0,0,0.0
7,3,29,2,3,5,2,1,1,0.0
7,3,29,1,1,1,0,0,1,0.0
7,3,29,2,1,8,9,0,0,1.0
7,3,29,1,1,3,3,0,0,0.0
7,3,29,2,2,2,0,1,0,0.0
7,3,19,2,2,4,1,0,3,0.0
7,3,29,1,1,3,0,2,0,0.0
7,3,29,2,1,5,0,2,3,1.0
7,3,29,2,4,10,7,0,4,1.0
7,3,29,1,1,2,0,2,0,0.0
7,3,29,2,4,16,1,4,6,1.0
7,3,29,2,3,27,16,1,6,8.0
7,3,29,1,1,1,1,0,0,0.0
7,3,29,1,1,2,0,0,2,0.0
7,3,46,1,1,1,2,0,0,1.0
7,3,38,1,1,1,0,1,0,0.0
7,3,29,2,1,5,5,1,1,2.0
7,3,29,2,2,2,1,0,0,0.0
7,3,24,2,2,13,0,13,0,0.0
7,3,9,2,2,11,9,0,2,0.0
7,3,29,1,1,1,0,0,0,0.0
7,3,29,2,2,5,0,0,5,0.0
7,3,29,1,1,3,2,1,0,0.0
7,3,29,2,1,7,0,3,0,0.0
7,3,41,2,2,6,2,0,1,0.0
7,3,29,2,1,5,4,1,0,0.0
7,3,24,2,3,7,5,0,1,0.0
7,3,29,2,5,21,4,0,0,2.0
7,3,29,2,1,2,0,2,0,2.0
7,3,29,1,1,2,1,0,0,0.0
7,3,29,2,4,8,2,1,0,0.0
7,3,41,2,3,8,0,5,3,0.0
7,3,29,1,1,1,0,0,1,0.0
7,3,29,2,2,3,0,0,2,0.0
7,3,29,1,1,1,0,0,0,0.0
7,3,29,1,1,1,0,1,0,0.0
7,3,29,1,1,1,0,1,0,0.0
7,3,29,1,1,1,0,0,1,0.0
7,3,29,2,4,12,3,1,9,1.0
7,3,29,2,3,3,0,0,3,0.0
7,3,9,2,1,2,1,0,1,0.0
7,3,29,1,1,1,0,0,0,0.0
7,3,29,2,3,13,9,0,2,1.0
7,3,29,2,2,4,4,0,0,0.0
7,3,29,2,4,32,11,5,13,2.0
7,3,29,1,2,2,0,0,1,0.0
7,3,29,2,2,3,0,1,0,0.0
7,3,29,1,1,1,0,0,1,0.0
7,3,29,1,1,1,1,0,0,0.0
7,3,29,1,2,2,0,2,0,0.0
7,3,29,1,1,1,1,0,0,0.0
7,3,29,1,1,1,0,1,0,0.0
7,3,29,1,1,1,0,1,0,0.0
7,3,29,1,1,1,1,0,0,0.0
7,3,29,2,3,7,0,4,1,0.0
7,3,29,2,3,18,1,9,0,1.0
7,3,29,1,1,1,1,0,0,0.0
7,3,29,1,1,1,0,0,1,0.0
7,3,29,2,2,3,0,1,1,0.0
7,3,29,1,2,5,5,0,0,2.0
7,3,29,2,1,2,1,0,0,0.0
7,3,29,2,4,11,9,0,0,1.0
7,3,29,1,1,1,1,0,0,0.0
7,3,29,1,2,4,0,3,1,0.0
7,3,29,1,3,3,0,0,0,0.0
7,3,29,2,4,29,11,8,10,0.0
7,3,29,1,1,1,0,1,0,0.0
7,3,29,2,4,26,5,14,7,2.0
7,3,29,2,4,27,0,13,8,0.0
7,3,29,1,1,2,0,2,0,0.0
7,3,29,1,1,1,1,0,0,0.0
7,3,29,2,3,5,0,2,1,0.0
7,3,29,2,1,4,0,4,0,0.0
7,3,29,2,5,20,9,0,1,0.0
7,3,29,2,3,7,0,1,0,0.0
7,3,29,2,2,2,2,0,0,0.0
7,3,29,1,2,4,0,3,1,0.0
7,3,29,2,1,24,16,3,11,9.0
7,3,29,2,2,4,0,0,0,0.0
7,3,29,2,2,4,0,2,3,1.0
7,3,29,2,1,4,4,0,0,0.0
7,3,29,2,1,26,10,2,3,1.0
7,3,29,2,2,9,1,7,0,0.0
7,3,29,1,1,1,1,0,0,0.0
7,3,29,1,1,1,0,1,0,0.0
7,3,29,2,4,8,1,0,4,0.0
7,3,29,2,2,6,0,0,8,2.0
7,3,29,2,3,15,19,1,0,6.0
7,3,29,2,2,2,0,0,0,0.0
7,3,29,1,1,1,0,1,0,0.0
7,3,29,1,1,1,0,0,1,0.0
7,3,29,1,2,8,1,2,2,1.0
7,3,29,1,1,5,1,4,0,0.0
7,3,29,2,1,2,0,0,2,0.0
7,3,46,2,2,7,0,7,0,0.0
7,3,29,1,1,4,0,2,0,0.0
7,3,29,2,2,3,1,0,0,0.0
7,3,29,2,4,6,0,2,0,0.0
7,3,29,1,1,1,1,0,0,0.0
7,3,29,2,3,9,0,4,5,0.0
7,3,29,1,2,3,0,0,3,0.0
7,3,29,1,3,6,2,3,1,0.0
7,3,29,2,2,8,6,11,0,7.0
7,3,29,1,1,1,1,0,0,0.0
7,3,29,2,3,4,5,0,0,1.0
7,3,29,2,3,7,0,0,2,0.0
7,3,29,1,2,2,0,0,0,0.0
7,3,29,1,1,1,1,0,0,0.0
7,3,29,1,1,1,0,1,0,0.0
7,3,29,1,1,1,1,0,0,0.0
7,3,29,2,2,4,1,1,2,0.0
7,3,22,2,2,3,0,2,1,1.0
7,3,29,1,1,1,0,0,0,0.0
7,3,29,1,1,1,1,0,0,0.0
7,3,29,2,2,3,2,0,0,0.0
7,3,16,1,1,1,0,0,1,0.0
7,3,29,2,2,2,0,0,0,0.0
7,3,29,2,3,13,0,0,0,0.0
7,3,29,2,2,5,1,0,0,0.0
7,3,29,1,1,2,0,2,0,0.0
7,3,29,2,1,4,0,4,0,0.0
7,3,29,1,1,3,2,0,0,0.0
7,3,24,1,1,5,7,0,0,2.0
7,3,29,2,2,12,4,0,6,0.0
7,3,24,1,1,1,0,1,0,0.0
7,3,46,2,1,5,2,1,2,0.0
7,3,29,1,1,1,0,0,0,0.0
7,3,29,2,3,23,17,1,0,6.0
7,3,29,2,2,5,0,0,0,0.0
7,3,29,2,3,13,10,0,2,2.0
7,3,29,2,2,6,3,3,0,0.0
7,3,9,2,2,4,2,0,3,1.0
7,3,29,2,5,24,7,3,6,0.0
7,3,29,2,5,9,1,0,0,1.0
7,3,29,2,2,3,1,3,0,1.0
7,3,29,2,5,20,3,2,10,0.0
7,3,29,1,3,4,0,0,0,0.0
7,3,29,1,1,1,0,1,0,0.0
7,3,29,1,1,3,3,0,0,0.0
7,3,9,2,1,5,0,3,3,1.0
7,3,29,2,3,3,0,0,3,0.0
7,3,9,1,2,3,0,3,0,0.0
7,3,29,1,2,4,4,0,0,0.0
7,3,29,2,3,4,2,1,0,0.0
7,3,24,2,1,7,3,1,1,0.0
7,3,9,1,1,3,0,3,0,0.0
7,3,29,1,1,1,0,0,0,0.0
7,3,29,1,1,1,2,0,0,1.0
7,3,24,1,1,1,0,1,0,0.0
7,3,29,1,1,2,0,2,0,0.0
7,3,29,2,4,9,0,0,3,1.0
7,4,29,1,2,2,0,2,0,0.0
7,4,21,2,3,12,1,3,5,0.0
7,4,29,1,1,1,0,0,1,0.0
7,4,29,1,1,1,1,0,0,0.0
7,4,29,1,1,3,1,0,2,1.0
7,4,29,2,4,13,3,3,2,0.0
7,4,29,1,1,1,0,1,0,0.0
7,4,12,1,1,1,1,0,0,0.0
7,4,9,1,2,5,5,0,0,0.0
7,4,29,1,1,2,0,0,2,0.0
7,4,29,2,3,4,0,0,3,1.0
7,4,16,2,2,4,0,0,4,0.0
7,4,29,1,1,1,0,1,0,0.0
7,4,29,2,3,6,0,3,1,1.0
7,4,9,2,4,12,6,2,12,6.0
7,4,29,2,2,17,4,8,2,0.0
7,4,29,1,1,3,1,1,0,0.0
7,4,29,2,3,5,0,0,3,0.0
7,4,29,2,1,2,0,2,0,0.0
7,4,29,2,1,2,0,2,0,0.0
7,4,29,2,1,7,0,0,3,1.0
7,4,9,2,2,4,2,0,2,0.0
7,4,29,1,1,2,1,0,2,1.0
7,4,29,1,1,1,0,1,0,0.0
7,4,29,1,1,1,1,0,0,0.0
7,4,29,1,1,1,0,0,0,1.0
7,4,29,1,1,1,1,0,0,0.0
7,4,29,2,2,3,0,0,3,0.0
7,4,29,1,1,1,0,1,0,0.0
7,4,24,1,1,1,1,0,0,0.0
7,4,29,1,2,2,0,2,0,0.0
7,4,29,2,3,20,10,0,0,4.0
7,4,29,1,1,1,0,0,1,0.0
7,4,29,1,1,1,1,0,0,0.0
7,4,29,1,1,1,0,0,0,0.0
7,4,29,2,1,9,3,2,1,0.0
7,4,24,1,1,1,1,0,0,0.0
7,4,24,1,2,3,1,0,0,0.0
7,4,29,2,2,6,4,1,1,0.0
7,4,29,2,1,2,2,0,0,0.0
7,4,29,2,1,4,4,0,0,0.0
7,4,29,1,3,4,4,0,0,0.0
7,4,29,2,3,10,3,3,3,0.0
7,4,29,2,1,2,0,2,0,0.0
7,4,29,1,1,1,0,1,0,0.0
7,4,29,2,1,2,0,2,0,0.0
7,4,29,1,1,2,2,0,0,0.0
7,4,29,1,1,1,0,0,1,0.0
7,4,29,2,2,3,0,1,0,0.0
7,4,29,1,1,1,0,1,0,0.0
7,4,29,1,1,2,0,0,0,0.0
7,4,29,1,1,1,1,0,0,0.0
7,4,29,1,1,10,8,0,0,0.0
7,4,29,1,1,1,0,0,1,0.0
7,4,29,2,2,9,1,8,0,0.0
7,4,29,2,3,4,0,0,0,0.0
7,4,29,2,1,3,0,1,2,0.0
7,4,29,1,1,2,0,2,0,0.0
7,4,29,1,1,1,0,2,0,1.0
7,4,29,1,1,1,0,0,0,0.0
7,4,29,1,1,1,0,1,0,0.0
7,4,29,2,1,4,0,1,0,0.0
7,4,29,2,4,5,1,0,2,0.0
7,4,29,2,3,20,11,0,9,0.0
7,4,46,2,2,6,0,7,0,1.0
7,4,29,2,1,3,0,3,0,0.0
7,4,29,1,2,2,0,0,2,0.0
7,4,29,1,1,1,1,0,0,0.0
7,4,29,2,5,8,0,0,4,0.0
7,4,29,1,1,1,0,0,1,0.0
7,4,29,2,4,34,5,4,7,1.0
7,4,29,1,1,1,1,0,0,0.0
7,4,29,2,2,4,2,0,2,1.0
7,4,29,2,1,8,2,1,5,1.0
7,4,29,2,4,8,2,2,0,0.0
7,4,29,1,2,11,0,11,0,0.0
7,4,29,2,4,23,10,0,0,1.0
7,4,29,1,1,2,0,0,2,0.0
7,4,29,1,1,2,0,2,0,0.0
7,4,29,1,1,1,0,1,0,0.0
7,4,29,2,2,5,2,3,0,1.0
7,4,29,1,2,2,1,0,1,0.0
7,4,29,2,3,5,0,0,0,3.0
7,4,29,2,3,11,6,0,1,0.0
7,4,29,2,3,6,5,0,0,0.0
7,4,29,1,2,4,0,4,1,1.0
7,4,29,1,1,1,1,0,0,0.0
7,4,29,1,1,1,0,1,0,0.0
7,4,29,2,2,3,2,0,0,0.0
7,4,29,2,1,2,2,0,0,0.0
7,4,29,2,4,6,1,0,0,0.0
7,4,46,2,2,3,0,1,3,1.0
7,4,29,2,3,6,0,1,3,0.0
7,4,29,2,3,5,0,0,0,0.0
7,4,29,2,5,30,7,5,11,2.0
7,4,9,2,3,3,0,0,3,0.0
7,4,29,1,1,1,0,0,0,0.0
7,4,29,1,2,4,5,0,0,1.0
7,4,29,1,1,2,0,0,2,0.0
7,4,29,1,1,1,0,0,1,0.0
7,4,29,1,1,1,0,0,1,0.0
7,4,29,2,2,5,0,5,0,0.0
7,4,9,2,4,8,0,4,4,0.0
7,4,29,2,2,8,11,0,2,5.0
7,4,29,1,3,8,2,3,3,0.0
7,4,29,2,3,7,4,0,0,0.0
7,4,29,1,1,1,0,0,1,0.0
7,4,29,2,3,9,1,9,0,1.0
7,4,29,2,4,22,8,5,5,5.0
7,4,29,2,4,9,3,2,1,1.0
7,4,29,1,1,2,0,3,0,1.0
7,4,29,1,1,1,0,0,1,0.0
7,4,29,1,1,1,1,0,0,0.0
7,4,29,1,1,1,0,1,0,0.0
7,4,29,1,1,1,0,0,0,0.0
7,4,29,1,1,5,0,0,3,0.0
7,4,29,2,5,21,0,3,8,0.0
7,4,29,2,3,7,3,4,0,0.0
7,4,9,2,4,14,2,0,13,1.0
7,4,29,2,3,14,2,4,4,0.0
7,4,29,1,1,3,3,0,1,1.0
7,4,46,2,1,4,0,3,1,0.0
7,4,9,1,1,1,0,0,1,0.0
7,4,9,2,1,3,0,3,0,0.0
7,4,29,1,1,1,0,1,0,0.0
7,4,9,1,1,1,0,0,1,0.0
7,4,29,1,1,2,0,0,2,0.0
7,4,29,2,1,3,0,4,0,1.0
7,4,29,1,2,6,0,6,0,0.0
7,4,29,2,3,5,0,0,0,0.0
7,4,9,1,1,1,1,0,0,0.0
7,4,29,1,1,1,0,1,0,0.0
7,4,9,1,1,2,2,0,0,0.0
7,4,9,1,1,3,0,3,2,1.0
7,4,29,2,4,12,5,2,4,0.0
7,4,29,1,3,4,2,2,0,0.0
7,4,29,1,1,1,0,0,0,0.0
7,4,29,2,3,3,0,1,0,0.0
7,4,24,2,4,15,0,9,6,0.0
7,4,29,2,2,3,1,1,2,1.0
7,4,29,1,1,1,2,0,0,1.0
7,4,29,2,2,6,2,2,2,0.0
7,5,10,1,1,3,3,0,0,0.0
7,5,29,1,2,4,0,2,2,0.0
7,5,29,2,4,14,6,2,6,0.0
7,5,29,1,1,1,0,0,1,0.0
7,5,9,2,1,5,3,0,2,0.0
7,5,29,2,1,7,4,1,1,0.0
7,5,29,2,3,16,5,5,6,0.0
7,5,29,2,4,7,0,0,3,0.0
7,5,9,2,2,5,2,2,1,0.0
7,5,29,2,2,14,10,4,1,3.0
7,5,9,1,1,2,0,2,0,0.0
7,5,16,2,3,8,1,0,7,0.0
7,5,29,2,5,21,2,4,7,2.0
7,5,29,1,2,2,0,1,1,0.0
7,5,29,2,3,5,0,2,0,0.0
7,5,24,2,3,3,0,0,0,0.0
7,5,29,2,2,2,1,0,0,0.0
7,5,29,1,1,1,0,0,2,1.0
7,5,29,2,4,15,1,2,10,4.0
7,5,29,1,1,1,0,1,0,0.0
7,5,29,1,1,2,0,3,0,1.0
7,5,29,2,3,22,0,7,7,0.0
7,5,29,2,2,2,0,1,1,0.0
7,5,29,2,3,6,0,0,2,0.0
7,5,29,1,1,4,0,5,0,1.0
7,5,29,1,1,3,2,0,0,0.0
7,5,41,2,3,10,6,1,3,1.0
7,5,29,1,2,2,2,0,0,0.0
7,5,29,2,3,7,2,3,0,0.0
7,5,29,1,1,2,2,0,0,0.0
7,5,29,1,1,1,1,0,0,0.0
7,5,29,1,2,4,3,1,0,0.0
7,5,29,2,1,11,1,5,5,0.0
7,5,29,2,3,7,0,8,0,2.0
7,5,29,1,2,6,1,2,2,0.0
7,5,29,1,1,1,0,1,0,0.0
7,5,29,1,1,1,0,1,0,0.0
7,5,29,2,3,8,0,0,8,0.0
7,5,29,2,3,3,2,0,0,0.0
7,5,29,2,4,18,4,0,7,0.0
7,5,29,1,1,1,1,0,0,0.0
7,5,29,1,1,1,1,0,0,0.0
7,5,29,1,1,1,0,0,0,0.0
7,5,29,1,3,7,0,0,7,0.0
7,5,29,1,1,2,0,0,0,0.0
7,5,29,1,1,1,0,0,0,0.0
7,5,29,2,3,5,2,1,0,0.0
7,5,29,1,2,3,0,0,4,1.0
7,5,29,2,2,4,3,0,0,0.0
7,5,29,2,4,18,3,4,7,0.0
7,5,29,2,2,7,0,4,0,0.0
7,5,29,1,1,4,6,0,0,1.0
7,5,29,2,1,3,0,2,0,0.0
7,5,29,1,1,2,0,3,1,1.0
7,5,29,2,1,4,4,0,0,0.0
7,5,29,1,2,4,1,1,1,0.0
7,5,29,1,1,5,1,3,0,0.0
7,5,29,1,1,1,1,0,0,0.0
7,5,29,1,2,8,4,1,2,0.0
7,5,29,1,2,2,0,2,0,0.0
7,5,29,1,1,1,0,1,0,0.0
7,5,29,2,1,4,0,4,0,0.0
7,5,29,1,2,6,0,6,0,0.0
7,5,29,1,1,3,2,0,2,1.0
7,5,46,2,3,4,1,0,1,0.0
7,5,29,2,1,2,1,0,0,0.0
7,5,29,1,1,1,0,0,1,0.0
7,5,29,2,2,5,3,0,2,0.0
7,5,29,2,5,31,2,0,12,0.0
7,5,29,2,2,3,0,3,0,0.0
7,5,29,1,1,1,0,0,0,0.0
7,5,29,2,3,15,10,0,8,3.0
7,5,29,1,1,1,0,1,0,0.0
7,5,29,2,3,4,0,1,4,1.0
7,5,29,1,1,1,0,1,0,0.0
7,5,44,2,1,3,0,1,0,0.0
7,5,29,2,1,2,0,2,0,0.0
7,5,29,2,2,4,0,4,1,1.0
7,5,29,2,1,2,0,0,2,1.0
7,5,29,2,3,8,7,0,4,2.0
7,5,44,1,1,3,3,0,0,0.0
7,5,44,2,2,2,0,0,1,0.0
7,5,29,2,2,7,0,5,2,0.0
7,5,44,2,5,7,0,2,1,0.0
7,5,29,1,2,4,0,4,0,0.0
7,5,29,2,3,7,0,4,1,0.0
7,5,29,1,1,2,0,0,2,0.0
7,5,29,2,4,12,0,2,8,0.0
7,5,29,1,2,3,0,3,0,0.0
7,5,46,2,1,4,2,0,2,0.0
7,5,29,2,4,18,0,3,12,1.0
7,5,41,1,1,1,1,0,0,0.0
7,5,9,2,3,8,0,0,9,1.0
7,5,9,1,1,1,1,0,0,0.0
7,5,29,2,3,16,16,0,0,3.0
7,5,29,1,1,1,0,1,0,0.0
7,5,29,1,2,10,0,0,4,0.0
7,5,29,2,2,4,1,1,1,0.0
7,5,29,1,3,3,0,0,0,0.0
7,5,29,2,4,9,0,0,0,5.0
7,5,29,1,2,4,2,2,0,0.0
7,5,9,1,2,2,0,1,1,0.0
7,5,29,2,2,7,0,8,0,1.0
7,5,29,2,1,3,0,1,0,0.0
7,5,29,2,1,3,1,0,0,0.0
7,5,44,2,1,3,2,1,1,1.0
7,5,29,2,5,15,0,1,0,0.0
7,5,29,2,1,2,1,0,0,0.0
7,5,29,1,1,1,1,0,0,0.0
7,6,29,1,2,2,0,0,0,0.0
7,6,29,1,1,1,0,0,0,1.0
7,6,29,2,1,5,0,4,0,0.0
7,6,29,2,2,4,6,0,1,3.0
7,6,29,1,1,1,1,0,0,0.0
7,6,29,1,1,1,1,0,0,0.0
7,6,9,1,1,8,4,4,0,0.0
7,6,29,2,1,5,3,0,0,1.0
7,6,29,1,1,1,0,0,1,0.0
7,6,29,1,1,1,0,0,1,0.0
7,6,9,2,3,36,26,12,12,9.0
7,6,9,2,2,7,0,0,8,1.0
7,6,9,1,1,1,1,0,0,0.0
7,6,29,2,1,4,3,0,0,0.0
7,6,29,2,1,2,0,0,1,0.0
7,6,29,2,1,3,0,3,0,0.0
7,6,9,2,3,11,21,0,3,3.0
7,6,24,1,1,2,0,0,0,0.0
7,6,41,2,2,5,0,3,0,0.0
7,6,46,1,1,2,2,0,0,0.0
7,6,29,2,5,20,4,11,2,1.0
7,6,29,2,1,3,1,2,0,0.0
7,6,29,1,1,1,0,1,0,0.0
7,6,29,1,1,1,1,0,0,0.0
7,6,29,1,3,6,0,4,3,1.0
7,6,29,1,1,1,0,0,0,0.0
7,6,9,1,1,4,6,0,0,2.0
7,6,29,1,1,1,0,0,2,1.0
7,6,29,1,1,1,0,1,0,0.0
7,6,16,1,1,1,0,0,0,0.0
7,6,27,2,3,10,1,7,2,1.0
7,6,29,1,1,1,0,1,0,0.0
7,6,29,2,4,19,5,7,4,0.0
7,6,29,1,1,1,0,0,1,0.0
7,6,29,2,3,4,4,0,0,0.0
7,6,29,2,1,19,7,0,12,0.0
7,6,29,2,3,7,0,1,3,0.0
7,6,29,2,2,2,1,0,1,0.0
7,6,29,2,5,8,0,1,0,1.0
7,6,29,2,4,34,13,7,8,4.0
7,6,29,1,1,1,1,0,0,0.0
7,6,29,1,1,1,1,0,0,0.0
7,6,29,1,2,2,0,0,2,0.0
7,6,29,2,5,8,3,0,0,1.0
7,6,29,2,3,6,4,1,1,0.0
7,6,29,1,1,1,0,0,1,0.0
7,6,29,2,1,3,0,0,3,0.0
7,6,29,1,2,3,0,0,0,1.0
7,6,29,1,1,1,0,0,1,0.0
7,6,29,2,1,9,4,1,1,0.0
7,6,29,1,3,10,0,8,4,1.0
7,6,29,2,1,5,3,0,1,0.0
7,6,29,2,1,3,0,0,3,0.0
7,6,29,1,1,1,0,0,1,0.0
7,6,29,2,4,25,3,6,0,0.0
7,6,29,2,2,3,0,0,5,2.0
7,6,29,1,1,1,1,0,0,0.0
7,6,29,1,1,1,0,1,0,0.0
7,6,29,2,4,17,6,3,3,1.0
7,6,29,1,1,1,0,1,0,0.0
7,6,29,2,1,2,0,2,0,0.0
7,6,29,1,2,3,2,0,0,0.0
7,6,29,2,1,4,0,2,1,0.0
7,6,29,1,1,1,1,0,0,0.0
7,6,29,2,4,19,7,3,4,0.0
7,6,29,2,4,62,10,8,36,3.0
7,6,29,2,3,3,3,0,0,0.0
7,6,29,2,2,2,0,0,1,0.0
7,6,29,2,1,2,2,0,0,2.0
7,6,29,2,3,4,0,0,0,0.0
7,6,29,2,2,5,5,0,0,0.0
7,6,29,2,2,9,2,8,1,2.0
7,6,29,2,3,3,2,0,0,0.0
7,6,29,1,1,2,2,0,0,0.0
7,6,29,2,4,7,0,0,0,0.0
7,6,29,2,1,2,0,2,0,0.0
7,6,29,1,1,2,0,1,0,0.0
7,6,29,1,1,2,0,0,2,0.0
7,6,29,1,1,1,0,0,1,0.0
7,6,29,1,2,2,0,0,2,0.0
7,6,29,1,1,1,0,1,0,0.0
7,6,29,2,5,6,1,1,1,0.0
7,6,29,2,2,10,13,1,1,3.0
7,6,29,1,1,1,0,1,0,0.0
7,6,29,1,1,1,0,0,0,0.0
7,6,29,2,2,9,1,0,4,1.0
7,6,29,2,1,3,0,0,3,0.0
7,6,29,1,2,2,0,0,3,1.0
7,6,29,2,3,9,4,2,0,2.0
7,6,29,2,3,17,7,1,2,1.0
7,6,29,1,2,2,1,1,0,0.0
7,6,29,1,1,1,0,0,1,0.0
7,6,29,2,3,8,4,0,1,4.0
7,6,29,1,1,1,0,1,0,0.0
7,6,29,1,2,2,1,0,1,0.0
7,6,29,2,4,17,8,1,2,0.0
7,6,29,2,2,5,2,1,2,0.0
7,6,29,1,1,1,1,0,0,0.0
7,6,29,1,1,4,4,0,0,0.0
7,6,29,2,1,4,2,1,0,0.0
7,6,29,1,1,1,0,1,0,0.0
7,6,29,1,1,2,0,0,1,0.0
7,6,29,1,1,2,0,1,1,0.0
7,6,29,1,1,1,1,0,0,0.0
7,6,29,1,1,1,0,1,0,0.0
7,6,29,2,3,8,5,0,5,2.0
7,6,25,2,4,11,1,2,4,0.0
7,6,29,2,4,23,5,1,15,2.0
7,6,46,1,1,2,0,1,1,0.0
7,6,46,1,1,1,0,0,1,0.0
7,6,29,1,1,1,1,0,0,0.0
7,6,29,1,1,1,0,0,1,0.0
7,6,46,2,2,4,1,0,4,3.0
7,6,29,2,4,10,0,5,1,0.0
7,6,29,2,2,4,4,0,0,0.0
7,6,29,1,1,1,1,0,0,0.0
7,6,29,1,1,1,1,0,0,0.0
7,6,29,2,2,8,0,8,0,0.0
7,6,29,1,1,1,0,1,0,0.0
7,6,29,1,1,2,1,1,0,0.0
7,6,29,2,4,10,0,0,0,1.0
7,6,29,2,3,6,0,0,4,0.0
7,6,29,1,1,1,1,0,0,0.0
7,6,29,2,5,9,5,2,0,1.0
7,6,29,1,1,1,0,1,0,0.0
7,6,29,1,2,6,0,0,6,0.0
7,7,29,1,1,1,0,0,1,0.0
7,7,29,2,2,6,4,0,1,0.0
7,7,29,2,3,5,0,0,0,0.0
7,7,16,2,1,2,0,0,0,0.0
7,7,16,2,2,5,5,0,0,0.0
7,7,28,1,1,1,1,0,0,0.0
7,7,29,2,5,10,0,0,2,1.0
7,7,9,1,1,1,1,0,0,0.0
7,7,9,1,1,3,3,0,0,0.0
7,7,29,1,1,1,1,0,0,0.0
7,7,29,2,2,5,0,6,0,1.0
7,7,29,2,2,8,0,5,3,0.0
7,7,29,2,2,4,1,0,0,0.0
7,7,29,2,5,17,2,0,7,3.0
7,7,29,1,1,1,0,1,0,0.0
7,7,29,1,1,1,0,0,0,0.0
7,7,9,2,3,5,5,0,0,0.0
7,7,29,1,1,1,0,1,0,0.0
7,7,41,1,1,1,0,0,0,0.0
7,7,9,2,1,5,5,0,0,0.0
7,7,9,1,1,1,1,0,0,0.0
7,7,29,2,5,9,0,3,0,0.0
7,7,29,2,1,4,2,1,0,0.0
7,7,29,1,1,2,0,2,0,0.0
7,7,29,1,1,1,0,0,1,0.0
7,7,29,1,1,3,3,0,0,0.0
7,7,29,2,4,8,0,1,0,0.0
7,7,29,1,1,2,1,0,1,0.0
7,7,29,2,3,9,0,2,0,0.0
7,7,24,1,1,1,0,1,0,0.0
7,7,24,2,2,5,0,2,0,0.0
7,7,24,2,4,25,11,2,10,1.0
7,7,29,1,1,1,0,0,1,0.0
7,7,41,1,1,1,1,0,0,0.0
7,7,36,2,1,2,0,2,0,0.0
7,7,29,1,3,4,5,0,0,1.0
7,7,29,2,4,13,6,2,3,0.0
7,7,9,2,3,3,0,0,3,0.0
7,7,9,1,2,2,1,1,0,0.0
7,7,29,2,1,19,3,8,8,0.0
7,7,29,2,2,8,4,4,0,0.0
7,7,29,1,2,6,2,3,2,1.0
7,7,29,1,1,1,0,0,0,0.0
7,7,29,2,2,6,6,0,0,0.0
7,7,29,2,4,8,0,3,5,0.0
7,7,29,2,4,13,5,0,2,1.0
7,7,29,1,2,5,0,1,4,0.0
7,7,29,2,4,7,1,2,0,0.0
7,7,29,2,2,2,2,0,0,0.0
7,7,29,1,1,2,2,0,0,0.0
7,7,29,1,1,1,0,0,0,0.0
7,7,29,2,2,6,4,2,1,1.0
7,7,29,2,2,4,1,0,3,0.0
7,7,29,1,1,1,0,1,0,0.0
7,7,29,2,2,4,1,0,3,0.0
7,7,29,2,1,8,0,8,0,3.0
7,7,29,1,1,1,0,0,0,0.0
7,7,29,2,2,7,0,0,2,0.0
7,7,46,1,1,1,1,0,0,0.0
7,7,29,1,3,4,1,0,1,0.0
7,7,29,1,1,1,1,0,0,0.0
7,7,29,2,2,5,0,4,0,0.0
7,7,29,2,1,4,2,0,2,1.0
7,7,29,1,1,2,0,0,2,0.0
7,7,29,1,2,8,4,0,0,0.0
7,7,29,1,1,1,1,0,0,0.0
7,7,29,2,1,2,0,1,0,0.0
7,7,29,1,2,2,0,0,2,0.0
7,7,29,2,1,2,0,0,0,0.0
7,7,29,2,1,2,0,1,0,0.0
7,7,29,1,3,5,5,0,0,0.0
7,7,44,1,1,1,0,0,0,0.0
7,7,9,1,1,1,0,0,1,0.0
7,7,29,2,2,4,0,0,0,0.0
7,7,29,2,2,3,2,0,0,0.0
7,7,29,1,1,1,0,0,1,0.0
7,7,29,1,1,1,0,0,1,0.0
7,7,29,1,3,9,0,7,0,0.0
7,7,29,2,3,10,0,2,5,0.0
7,7,29,1,1,1,1,0,0,0.0
7,7,29,1,1,2,0,0,2,0.0
7,7,29,2,4,8,0,1,4,0.0
7,7,29,1,1,2,2,0,0,0.0
7,7,29,1,1,1,1,0,0,0.0
7,7,29,1,1,1,1,0,0,0.0
7,7,29,2,2,7,0,5,0,0.0
7,7,29,1,1,3,0,4,0,1.0
7,7,29,1,2,7,0,0,5,0.0
7,7,29,2,2,7,3,0,3,1.0
7,7,44,1,2,4,0,1,3,0.0
7,7,44,1,1,1,1,0,0,0.0
7,7,29,2,4,24,18,1,20,7.0
7,7,29,2,2,3,2,1,0,0.0
7,7,29,1,1,1,0,1,0,0.0
7,7,29,2,1,6,5,1,0,0.0
7,7,29,2,2,8,0,1,0,0.0
7,7,29,2,1,6,2,1,0,0.0
7,7,29,1,2,2,0,2,0,0.0
7,7,29,1,1,1,1,0,0,0.0
7,7,29,2,1,6,0,6,0,0.0
7,7,29,2,4,29,8,1,7,5.0
7,7,29,1,1,1,0,1,0,0.0
7,7,29,1,2,2,1,1,0,0.0
7,7,29,1,3,4,4,0,0,0.0
7,7,29,1,1,1,1,0,0,0.0
7,7,29,1,1,1,0,0,1,0.0
7,7,29,2,2,6,3,2,1,0.0
7,7,29,2,2,9,5,2,2,0.0
7,7,29,2,3,11,3,7,1,0.0
7,7,29,2,1,5,1,1,1,0.0
7,7,29,2,2,3,0,0,3,0.0
7,7,46,1,1,1,3,0,0,1.0
7,7,29,2,3,10,1,0,11,2.0
7,7,29,1,1,1,0,0,1,0.0
7,7,29,1,1,2,0,1,1,0.0
7,7,29,2,4,14,2,1,5,1.0
7,7,29,2,2,6,2,0,2,0.0
7,7,29,2,1,3,0,3,0,0.0
7,7,29,2,1,3,2,1,0,1.0
7,7,29,1,1,5,4,1,0,0.0
7,7,29,1,1,4,8,0,0,3.0
7,7,29,1,1,1,1,0,0,0.0
7,7,29,2,4,8,0,0,3,0.0
7,7,29,2,4,9,3,2,3,0.0
7,7,29,2,3,5,1,1,0,0.0
7,7,29,2,2,3,2,1,0,1.0
7,7,29,2,4,6,0,0,0,0.0
7,7,29,1,1,3,0,0,3,0.0
7,7,29,2,2,3,0,3,0,0.0
7,7,29,2,5,8,0,0,3,0.0
7,7,24,1,1,1,0,0,0,0.0
7,7,29,2,1,2,1,0,1,0.0
7,7,29,1,1,7,1,1,5,0.0
7,7,29,2,3,9,11,0,1,2.0
7,7,29,1,1,1,1,0,0,0.0
7,7,44,1,2,5,2,1,2,0.0
7,7,9,1,1,2,2,0,0,0.0
7,7,29,2,4,9,3,2,4,1.0
7,7,21,1,1,1,1,0,0,0.0
7,7,29,2,1,3,1,0,0,0.0
7,7,29,2,2,3,0,2,1,0.0
7,7,29,2,4,9,0,0,0,2.0
7,7,24,1,1,1,1,0,0,0.0
7,7,29,2,3,13,8,0,0,1.0
7,7,46,2,1,3,2,1,0,0.0
7,7,44,2,2,4,1,2,1,0.0
7,7,29,2,2,9,0,9,0,0.0
7,7,29,2,3,4,0,0,4,0.0
7,7,9,1,1,2,0,0,2,0.0
7,7,29,1,1,1,0,0,1,0.0
7,7,46,2,2,15,10,4,1,0.0
7,7,9,1,1,1,0,0,1,0.0
7,7,9,1,1,1,1,0,0,0.0
7,7,29,1,1,1,0,0,0,0.0
7,7,29,2,3,3,3,0,0,0.0
7,7,29,2,4,17,2,1,11,0.0
7,8,29,2,2,9,7,2,0,1.0
7,8,29,1,2,3,0,0,0,0.0
7,8,29,2,2,4,3,0,0,0.0
7,8,29,1,3,3,0,1,2,0.0
7,8,21,2,2,5,1,3,1,0.0
7,8,29,2,2,5,3,1,0,0.0
7,8,9,1,1,1,0,1,0,0.0
7,8,29,2,2,3,0,2,1,0.0
7,8,29,1,1,1,0,0,1,0.0
7,8,29,2,1,4,4,0,0,0.0
7,8,29,2,4,33,8,9,12,2.0
7,8,41,1,1,2,2,0,0,0.0
7,8,29,2,3,4,2,0,2,1.0
7,8,29,1,1,4,0,4,0,0.0
7,8,9,2,2,4,0,4,0,0.0
7,8,29,1,1,2,2,0,0,0.0
7,8,29,2,2,14,11,0,4,3.0
7,8,41,2,3,4,2,0,2,0.0
7,8,9,2,1,11,5,3,3,0.0
7,8,29,2,3,5,0,0,3,0.0
7,8,29,1,2,2,2,0,0,0.0
7,8,42,2,1,5,4,1,0,0.0
7,8,12,2,2,19,9,5,5,0.0
7,8,29,1,1,4,2,3,2,4.0
7,8,29,1,1,1,1,0,0,0.0
7,8,29,2,1,5,0,4,1,0.0
7,8,29,1,1,3,2,1,0,0.0
7,8,29,2,2,6,0,5,0,0.0
7,8,29,1,1,1,1,0,0,0.0
7,8,29,2,5,15,6,0,1,0.0
7,8,29,2,3,4,0,1,3,0.0
7,8,29,2,4,6,0,2,0,0.0
7,8,9,1,1,1,1,0,0,0.0
7,8,29,2,3,8,1,5,2,0.0
7,8,29,1,1,1,0,0,0,0.0
7,8,24,1,1,1,0,1,0,0.0
7,8,41,2,3,4,2,0,2,0.0
7,8,29,1,1,1,0,1,0,0.0
7,8,29,2,1,4,1,2,0,0.0
7,8,29,2,2,4,1,1,1,0.0
7,8,29,1,2,3,3,0,1,1.0
7,8,29,1,1,1,1,0,0,0.0
7,8,29,2,1,2,0,0,2,0.0
7,8,29,1,1,1,0,1,0,0.0
7,8,29,1,1,1,0,1,0,0.0
7,8,29,1,1,2,0,2,0,0.0
7,8,29,2,1,8,7,0,0,0.0
7,8,29,2,2,7,3,1,3,0.0
7,8,29,1,1,1,0,0,0,0.0
7,8,29,1,1,1,0,1,0,0.0
7,8,29,2,4,15,1,3,2,0.0
7,8,29,1,1,1,0,1,0,0.0
7,8,29,2,4,10,3,0,0,0.0
7,8,29,1,2,3,0,3,0,0.0
7,8,9,2,2,2,1,0,1,0.0
7,8,29,1,1,4,1,0,3,0.0
7,8,29,2,1,5,0,5,0,0.0
7,8,29,2,1,3,1,0,1,0.0
7,8,29,2,4,5,0,1,3,1.0
7,8,29,1,2,5,0,5,0,0.0
7,8,29,1,1,2,0,0,2,0.0
7,8,29,2,4,16,2,0,3,0.0
7,8,29,1,1,1,0,0,0,0.0
7,8,29,1,2,2,1,0,0,0.0
7,8,29,1,1,1,0,0,1,0.0
7,8,29,1,1,1,0,1,0,0.0
7,8,29,1,1,1,0,1,0,0.0
7,8,29,1,1,1,0,1,0,0.0
7,8,29,2,1,3,2,1,0,0.0
7,8,29,2,1,17,17,0,2,2.0
7,8,29,1,1,1,0,1,0,0.0
7,8,29,2,1,3,3,0,0,0.0
7,8,29,2,5,6,0,2,2,0.0
7,8,29,1,1,1,0,0,2,1.0
7,8,29,2,1,2,1,0,0,0.0
7,8,29,2,3,10,0,0,0,1.0
7,8,29,2,3,7,0,0,4,0.0
7,8,29,1,1,1,0,0,0,1.0
7,8,29,1,1,1,0,0,0,0.0
7,8,29,2,1,3,0,3,0,0.0
7,8,29,1,2,4,5,0,0,1.0
7,8,29,2,1,7,3,3,0,0.0
7,8,9,2,2,3,1,1,1,0.0
7,8,29,2,1,6,5,0,0,0.0
7,8,29,1,1,1,1,0,0,0.0
7,8,29,2,1,11,5,6,0,0.0
7,8,29,1,1,4,1,3,0,0.0
7,8,29,2,1,2,0,1,0,0.0
7,8,29,1,2,3,0,0,3,0.0
7,8,29,1,2,2,0,2,0,0.0
7,8,44,2,3,4,0,0,3,0.0
7,8,29,1,1,1,0,2,0,1.0
7,8,29,1,1,1,0,0,1,0.0
7,8,29,2,3,4,0,2,0,0.0
7,8,29,2,1,2,0,2,0,0.0
7,8,29,2,3,6,4,0,2,0.0
7,8,29,2,2,2,0,1,0,0.0
7,8,29,2,4,15,4,1,11,2.0
7,8,29,2,5,12,1,1,3,1.0
7,8,46,2,4,17,11,1,5,0.0
7,8,29,1,1,1,1,0,0,0.0
7,8,29,1,2,6,2,1,3,0.0
7,8,29,2,2,3,0,0,3,0.0
7,8,29,2,1,7,3,1,3,0.0
7,8,29,2,3,26,4,9,8,0.0
7,8,29,1,3,6,2,0,4,0.0
7,8,29,2,2,2,0,1,1,0.0
7,8,29,1,1,1,1,0,0,0.0
7,8,29,2,4,7,1,0,6,2.0
7,8,29,1,1,3,3,0,0,0.0
7,8,9,1,1,1,1,0,0,0.0
7,8,29,2,2,6,2,5,0,1.0
7,8,29,1,1,2,2,0,0,0.0
7,8,29,2,4,15,4,0,10,0.0
7,8,29,2,2,6,2,3,0,0.0
7,8,29,1,1,1,1,0,0,0.0
7,8,29,2,3,6,0,2,4,0.0
7,8,29,2,3,5,2,0,5,2.0
7,8,29,2,4,20,0,0,11,1.0
7,8,29,2,5,11,3,1,2,0.0
7,8,29,1,1,1,0,0,0,0.0
7,8,29,1,1,3,3,0,0,1.0
7,8,29,2,2,4,0,4,0,0.0
7,8,29,2,2,4,0,4,0,0.0
7,8,29,2,5,31,1,0,7,0.0
7,8,29,2,1,2,1,1,0,0.0
7,8,29,2,3,26,11,3,8,1.0
7,8,29,1,1,1,1,0,0,0.0
7,8,29,2,4,14,14,2,1,4.0
7,8,29,1,1,1,0,0,1,0.0
7,8,29,2,3,8,2,0,5,3.0
7,8,29,1,1,1,0,1,0,0.0
7,8,29,2,1,5,1,1,3,1.0
7,8,29,2,3,6,6,0,0,0.0
7,8,29,2,1,3,2,0,0,0.0
7,8,29,1,1,1,0,1,0,0.0
7,8,29,2,1,3,0,2,1,0.0
7,8,29,1,1,1,0,1,0,0.0
7,8,29,2,1,2,0,2,0,0.0
7,8,29,2,2,3,0,0,3,0.0
7,8,29,2,3,9,2,0,5,0.0
7,8,29,2,3,5,0,0,2,0.0
7,8,29,2,1,2,0,2,0,0.0
7,8,29,1,2,3,0,0,0,0.0
7,8,29,2,1,11,10,0,0,0.0
7,8,29,1,1,1,0,0,1,0.0
7,8,46,2,2,2,0,2,0,0.0
7,8,29,2,2,12,0,13,0,1.0
7,8,29,2,1,8,1,2,1,0.0
7,8,29,1,1,1,1,0,0,0.0
7,8,29,1,1,1,2,0,0,1.0
7,8,29,2,1,3,1,1,0,0.0
7,8,29,2,3,5,0,0,4,1.0
7,8,29,1,1,2,0,1,0,0.0
7,8,29,2,2,2,1,1,0,0.0
7,8,16,2,3,4,0,1,2,0.0
7,8,29,2,2,13,4,8,1,0.0
7,8,34,1,1,1,1,0,0,0.0
7,8,29,1,2,2,2,0,0,0.0
7,8,29,1,2,2,0,1,2,1.0
7,8,9,2,1,4,3,1,0,0.0
7,8,46,2,3,9,4,0,2,0.0
7,8,29,1,2,2,0,2,0,0.0
7,8,29,1,1,3,1,1,1,0.0
7,8,21,2,5,27,6,0,5,2.0
7,8,29,1,1,1,0,0,0,0.0
7,8,29,1,2,6,0,6,0,0.0
7,8,29,2,2,10,0,2,0,1.0
7,8,29,2,4,21,5,3,13,0.0
7,8,46,1,1,4,2,1,1,0.0
7,8,29,2,3,6,1,1,4,0.0
7,8,46,2,4,22,5,3,19,3.0
7,8,29,2,1,3,0,0,3,0.0
7,8,29,1,1,3,0,3,0,0.0
7,8,29,1,1,1,0,0,0,0.0
7,8,29,1,2,5,0,5,0,0.0
7,8,29,1,1,1,0,1,0,0.0
7,8,29,2,2,4,0,2,2,0.0
7,8,46,1,1,1,0,0,0,0.0
7,8,29,1,1,1,1,0,0,0.0
7,8,29,1,2,4,0,3,1,0.0
7,8,44,1,2,2,1,1,0,0.0
7,8,9,2,4,18,8,2,8,0.0
7,8,9,2,4,5,1,0,3,0.0
7,8,9,2,4,36,2,13,21,0.0
7,8,29,2,3,3,0,0,3,0.0
7,8,29,1,1,1,0,0,1,0.0
7,8,29,2,4,15,4,2,6,0.0
7,8,44,2,1,6,3,2,0,0.0
7,8,29,2,2,16,0,16,3,4.0
7,8,29,1,2,6,0,8,0,2.0
7,8,29,2,3,6,2,3,1,0.0
7,8,29,1,1,1,0,1,0,0.0
7,8,29,2,3,5,3,0,2,0.0
7,8,29,1,1,1,2,0,0,1.0
7,8,29,1,1,1,0,1,0,0.0
7,8,29,1,1,4,0,4,0,0.0
7,9,29,1,1,1,0,0,1,0.0
7,9,9,2,3,9,0,0,10,1.0
7,9,9,2,3,19,14,1,5,1.0
7,9,9,1,1,1,1,0,0,0.0
7,9,29,1,1,1,0,1,0,0.0
7,9,29,2,3,9,0,3,2,0.0
7,9,29,2,5,9,0,2,4,0.0
7,9,41,1,1,2,2,0,0,0.0
7,9,29,2,3,7,0,1,8,2.0
7,9,9,2,3,7,2,0,5,0.0
7,9,9,1,1,1,1,0,0,0.0
7,9,29,2,3,8,4,0,1,1.0
7,9,29,1,1,1,0,0,0,0.0
7,9,29,1,2,5,0,0,4,0.0
7,9,41,1,1,2,2,0,0,0.0
7,9,29,1,2,4,1,0,3,0.0
7,9,29,1,1,2,2,0,0,0.0
7,9,29,2,3,4,0,0,0,0.0
7,9,29,2,2,6,3,4,0,1.0
7,9,29,1,2,7,0,7,0,0.0
7,9,29,2,5,10,4,1,0,0.0
7,9,41,1,1,2,2,0,0,0.0
7,9,29,1,1,1,0,1,0,0.0
7,9,29,2,3,9,0,3,0,0.0
7,9,29,1,1,1,0,0,0,0.0
7,9,29,2,3,4,4,0,0,1.0
7,9,29,2,3,9,9,0,0,3.0
7,9,29,2,2,2,0,2,0,0.0
7,9,29,2,4,11,5,2,4,0.0
7,9,29,1,1,1,0,1,0,0.0
7,9,29,1,1,1,0,0,0,0.0
7,9,41,2,2,7,0,0,0,1.0
7,9,29,1,1,4,3,0,0,0.0
7,9,29,1,1,1,0,1,0,0.0
7,9,29,2,1,2,1,0,0,0.0
7,9,29,1,2,2,2,0,0,0.0
7,9,29,2,2,5,0,1,0,0.0
7,9,29,2,2,15,0,8,8,1.0
7,9,29,1,2,2,0,0,2,0.0
7,9,29,2,2,2,0,0,2,0.0
7,9,29,1,1,2,2,0,0,0.0
7,9,29,1,1,2,0,0,0,0.0
7,9,29,1,1,3,0,3,0,0.0
7,9,29,2,2,9,8,1,0,0.0
7,9,29,2,4,9,2,1,5,0.0
7,9,29,1,2,6,6,0,0,0.0
7,9,29,1,1,1,0,1,0,0.0
7,9,29,1,1,2,0,0,0,0.0
7,9,29,2,4,10,3,0,7,0.0
7,9,29,1,1,4,0,1,3,0.0
7,9,29,2,1,5,2,0,0,0.0
7,9,29,1,2,3,0,0,4,1.0
7,9,29,1,1,1,0,0,1,0.0
7,9,29,2,4,14,5,0,9,0.0
7,9,29,2,2,3,0,0,1,0.0
7,9,29,2,2,3,0,0,0,0.0
7,9,29,2,1,2,0,0,0,0.0
7,9,29,2,4,7,1,1,5,0.0
7,9,29,1,1,2,0,2,0,0.0
7,9,29,2,2,4,0,0,4,0.0
7,9,29,2,2,9,6,2,0,0.0
7,9,29,2,2,5,1,0,1,0.0
7,9,29,1,1,5,5,0,0,0.0
7,9,29,1,1,1,1,0,0,0.0
7,9,29,2,2,2,1,0,0,0.0
7,9,29,1,1,1,1,0,0,0.0
7,9,29,1,2,2,0,1,0,0.0
7,9,29,2,3,8,10,0,0,2.0
7,9,29,1,1,1,0,1,0,0.0
7,9,29,1,1,1,0,1,0,0.0
7,9,29,1,1,1,0,1,0,0.0
7,9,46,1,1,1,0,0,1,0.0
7,9,29,2,1,6,2,3,1,0.0
7,9,29,1,2,2,0,0,2,0.0
7,9,29,1,1,1,1,0,0,0.0
7,9,29,1,1,3,0,1,0,0.0
7,9,29,1,1,4,3,0,0,0.0
7,9,29,2,2,14,0,14,0,0.0
7,9,29,2,1,4,2,0,2,0.0
7,9,29,2,1,8,3,4,1,0.0
7,9,29,1,1,1,0,0,1,0.0
7,9,29,1,1,1,1,0,0,0.0
7,9,29,1,1,1,1,0,0,0.0
7,9,29,2,3,6,0,0,0,0.0
7,9,44,1,1,1,1,0,0,0.0
7,9,29,1,1,1,0,1,0,0.0
7,9,41,1,1,4,1,0,1,0.0
7,9,29,2,5,20,0,6,9,0.0
7,9,21,1,1,2,1,0,0,0.0
7,9,29,1,1,1,0,0,0,0.0
7,9,29,2,1,5,3,0,3,1.0
7,9,29,1,2,2,0,0,1,1.0
7,9,29,1,1,1,0,0,1,0.0
7,9,9,1,1,4,4,0,0,0.0
7,9,29,1,1,2,0,1,1,0.0
7,9,29,1,1,2,1,0,0,0.0
7,9,29,1,1,1,1,0,0,0.0
7,9,29,2,3,3,0,1,1,0.0
7,9,29,1,1,1,0,1,0,0.0
7,9,29,1,1,1,0,0,1,0.0
7,9,29,2,2,2,1,0,0,0.0
7,9,29,2,2,6,5,0,1,0.0
7,9,9,1,1,1,1,0,0,0.0
7,9,29,1,2,4,1,0,0,0.0
7,9,29,1,1,1,1,0,0,0.0
7,9,16,2,1,5,5,0,0,0.0
7,9,29,2,2,2,1,0,1,0.0
7,9,29,2,4,21,7,6,2,1.0
7,9,29,2,3,20,0,17,5,2.0
7,9,29,2,2,15,10,0,1,3.0
7,9,29,2,2,7,7,0,0,1.0
7,9,29,1,1,2,1,1,0,0.0
7,9,29,2,1,7,0,0,7,0.0
7,9,29,2,1,3,3,0,0,0.0
7,9,29,1,1,1,0,1,0,0.0
7,9,29,1,1,1,0,0,1,0.0
7,9,29,2,2,4,0,4,0,0.0
7,9,29,2,3,6,1,1,1,0.0
7,9,29,1,1,2,2,0,0,0.0
7,9,29,1,1,1,0,1,0,0.0
7,9,29,2,3,14,5,0,0,0.0
7,9,29,1,1,1,0,1,0,0.0
7,9,44,1,2,8,3,5,0,1.0
7,9,29,1,1,2,2,0,0,0.0
7,9,44,2,1,6,4,1,1,1.0
7,9,29,1,1,2,2,0,0,0.0
7,9,29,2,3,7,1,0,1,1.0
7,9,29,1,2,4,0,3,1,0.0
7,9,46,1,1,1,0,1,0,0.0
7,9,29,2,4,4,0,0,3,0.0
7,9,29,1,1,1,0,2,0,1.0
7,9,29,1,1,2,5,0,0,2.0
7,9,29,2,2,3,0,0,3,0.0
7,9,29,2,3,11,2,3,6,0.0
7,9,29,1,1,1,1,0,0,0.0
7,9,29,1,1,2,0,1,1,0.0
7,9,16,1,1,2,0,0,0,0.0
7,9,29,1,1,1,0,0,0,0.0
7,9,29,1,1,2,2,0,0,0.0
7,9,29,1,1,1,0,1,0,0.0
7,9,29,1,1,1,0,1,0,0.0
7,9,29,1,1,2,1,0,0,0.0
7,9,29,1,3,9,0,6,3,1.0
7,9,29,2,2,7,0,0,0,1.0
7,9,9,2,2,3,0,1,2,0.0
7,9,9,1,1,3,3,0,0,0.0
7,9,29,1,1,1,1,0,0,0.0
7,9,21,1,1,1,0,0,1,0.0
7,9,9,1,1,1,0,1,0,0.0
7,9,46,2,1,4,1,1,2,0.0
7,9,9,1,2,7,1,4,2,0.0
7,9,9,1,1,1,1,0,0,0.0
7,9,24,1,1,3,3,0,0,1.0
7,9,29,2,5,36,6,9,2,2.0
7,9,16,2,2,4,1,0,2,2.0
7,9,29,1,1,1,1,0,0,0.0
7,9,29,1,1,1,0,1,0,0.0
7,9,29,2,2,8,0,7,0,0.0
7,9,29,2,4,44,10,6,28,0.0
7,9,29,1,1,4,4,0,0,0.0
7,9,29,2,2,8,2,3,0,0.0
7,9,9,1,3,9,1,5,3,0.0
7,9,9,2,2,2,1,0,1,0.0
7,9,9,1,1,1,1,0,0,0.0
7,9,9,2,4,8,12,0,6,4.0
7,9,29,1,2,2,2,0,0,0.0
7,9,29,1,1,1,0,1,0,0.0
7,9,29,1,4,11,1,7,5,2.0
7,9,29,1,3,4,0,2,1,0.0
7,9,29,1,1,2,2,0,0,0.0
7,9,29,2,4,29,12,9,7,4.0
7,9,29,1,1,1,0,0,0,0.0
7,9,29,1,1,1,0,1,0,0.0
7,9,29,1,1,2,2,0,0,0.0
7,9,9,1,1,7,8,0,0,1.0
7,9,29,2,4,8,0,1,0,0.0
7,9,29,1,1,1,0,0,0,0.0
7,9,29,2,3,10,1,2,1,0.0
7,9,29,1,2,4,3,1,0,0.0
7,10,29,2,4,8,7,0,0,0.0
7,10,29,1,2,4,0,1,1,0.0
7,10,9,2,3,10,3,0,7,0.0
7,10,3,2,1,2,0,2,0,0.0
7,10,29,1,1,2,2,0,0,1.0
7,10,29,1,1,1,1,0,0,0.0
7,10,29,1,2,3,0,0,2,0.0
7,10,29,1,1,1,0,0,1,0.0
7,10,9,2,3,17,6,2,10,1.0
7,10,9,1,1,2,2,0,0,0.0
7,10,29,1,1,2,2,0,0,0.0
7,10,29,1,1,1,1,0,0,0.0
7,10,29,2,2,2,1,0,1,0.0
7,10,29,2,5,16,2,2,6,0.0
7,10,9,2,3,9,4,1,4,0.0
7,10,29,2,2,4,0,3,0,0.0
7,10,29,1,1,1,0,1,0,0.0
7,10,9,1,1,1,1,0,0,0.0
7,10,29,1,1,1,0,0,1,0.0
7,10,29,2,2,4,2,1,1,0.0
7,10,29,1,2,2,1,0,0,0.0
7,10,29,1,1,1,0,1,0,0.0
7,10,29,2,1,3,1,2,0,0.0
7,10,29,2,2,6,7,0,0,1.0
7,10,41,1,1,1,0,0,1,0.0
7,10,29,2,3,4,1,0,0,0.0
7,10,29,1,1,1,1,0,0,0.0
7,10,29,2,4,14,8,0,0,0.0
7,10,29,2,3,20,4,10,0,1.0
7,10,29,2,3,13,0,2,7,0.0
7,10,29,1,1,1,0,0,0,0.0
7,10,29,2,1,3,0,2,0,0.0
7,10,29,1,1,7,11,0,0,3.0
7,10,29,2,2,14,3,13,0,2.0
7,10,38,1,1,2,0,0,2,0.0
7,10,29,2,1,8,4,0,3,0.0
7,10,29,1,2,2,4,0,0,1.0
7,10,29,2,1,13,2,3,4,0.0
7,10,41,1,1,4,0,2,0,0.0
7,10,29,2,3,4,0,0,2,0.0
7,10,29,2,1,7,3,2,0,0.0
7,10,29,1,1,1,1,0,0,0.0
7,10,41,2,1,2,0,0,2,0.0
7,10,29,1,1,1,0,1,0,0.0
7,10,29,2,2,13,1,6,5,1.0
7,10,29,1,1,5,4,1,0,0.0
7,10,29,1,1,1,0,0,1,0.0
7,10,29,2,2,2,0,1,1,0.0
7,10,29,1,1,2,1,0,0,0.0
7,10,29,1,1,1,1,0,0,0.0
7,10,29,2,1,5,1,3,0,0.0
7,10,29,1,2,3,2,2,0,1.0
7,10,29,1,1,1,1,0,0,0.0
7,10,29,1,1,4,3,1,0,0.0
7,10,29,1,1,2,1,0,0,0.0
7,10,29,2,2,7,3,0,0,0.0
7,10,29,2,2,2,0,0,2,0.0
7,10,29,1,1,1,0,1,0,0.0
7,10,29,1,1,1,1,0,0,0.0
7,10,29,2,3,5,0,1,0,1.0
7,10,29,2,3,9,0,4,5,0.0
7,10,29,2,2,3,0,0,3,0.0
7,10,29,2,4,7,0,3,0,0.0
7,10,29,2,1,4,0,4,0,0.0
7,10,29,2,2,7,4,0,0,0.0
7,10,29,1,1,1,0,0,0,0.0
7,10,29,1,1,1,1,0,0,0.0
7,10,29,2,2,4,1,2,0,0.0
7,10,29,1,1,1,0,1,0,0.0
7,10,29,1,2,3,1,2,0,0.0
7,10,29,2,3,5,0,0,0,0.0
7,10,29,1,3,6,2,0,1,0.0
7,10,29,2,2,3,2,0,1,0.0
7,10,29,1,1,1,1,0,0,0.0
7,10,29,1,1,1,0,0,1,0.0
7,10,29,2,2,4,3,1,0,0.0
7,10,29,2,2,7,0,8,0,1.0
7,10,29,2,5,23,1,1,4,0.0
7,10,29,2,4,12,3,4,4,1.0
7,10,29,2,1,3,2,0,1,0.0
7,10,29,2,4,8,0,0,3,0.0
7,10,29,1,1,1,1,0,0,0.0
7,10,29,2,4,7,3,0,0,0.0
7,10,9,1,1,3,3,0,0,0.0
7,10,29,2,3,21,8,4,4,1.0
7,10,29,1,1,1,0,1,0,0.0
7,10,29,2,1,3,2,0,1,0.0
7,10,29,2,2,2,0,2,0,0.0
7,10,29,1,1,1,0,2,0,1.0
7,10,29,2,4,15,3,2,0,2.0
7,10,29,2,2,3,1,1,1,0.0
7,10,29,2,4,6,2,0,0,0.0
7,10,29,1,1,1,1,0,0,0.0
7,10,29,2,1,15,7,4,4,2.0
7,10,29,2,4,16,2,0,12,1.0
7,10,29,1,1,1,1,0,0,0.0
7,10,29,1,1,2,2,0,0,0.0
7,10,29,1,1,1,1,0,0,0.0
7,10,29,2,3,20,0,3,18,1.0
7,10,29,2,1,6,0,6,0,0.0
7,10,29,1,1,1,0,0,0,0.0
7,10,29,1,1,1,1,0,0,0.0
7,10,29,1,1,1,1,0,0,0.0
7,10,29,1,1,1,1,0,0,0.0
7,10,29,2,1,5,1,4,0,1.0
7,10,29,1,1,1,1,0,0,0.0
7,10,29,1,1,3,1,0,1,0.0
7,10,16,1,1,1,0,0,0,0.0
7,10,29,2,2,5,2,1,1,0.0
7,10,29,1,1,1,0,1,0,0.0
7,10,29,2,2,6,2,3,0,0.0
7,10,29,1,1,2,2,0,0,0.0
7,10,29,1,1,1,1,0,0,0.0
7,10,29,2,2,10,0,15,0,3.0
7,10,29,1,1,1,1,0,0,0.0
7,10,29,2,1,2,0,0,1,0.0
7,10,29,1,2,7,5,0,0,0.0
7,10,29,1,1,1,0,0,1,0.0
7,10,29,2,2,25,21,0,0,3.0
7,10,29,2,2,5,5,0,0,0.0
7,10,29,2,3,9,4,0,5,3.0
7,10,29,2,5,14,3,0,0,0.0
7,10,29,2,4,7,1,4,0,2.0
7,10,29,1,2,3,3,0,0,0.0
7,10,29,2,4,10,5,2,3,1.0
7,10,29,1,1,3,3,0,0,0.0
7,10,29,1,1,3,4,0,0,1.0
7,10,29,2,3,8,4,0,0,0.0
7,10,29,2,4,7,0,2,0,0.0
7,10,29,1,1,3,3,0,0,0.0
7,10,29,2,1,4,4,0,0,0.0
7,10,29,1,2,4,0,4,0,0.0
7,10,29,1,1,1,0,0,1,0.0
7,10,44,1,1,1,1,0,0,0.0
7,10,29,2,5,17,3,4,3,0.0
7,10,29,1,2,2,0,0,2,0.0
7,10,29,1,1,1,0,0,0,0.0
7,10,29,2,2,3,0,2,0,0.0
7,10,29,1,2,2,0,2,0,0.0
7,10,29,1,1,3,3,0,0,0.0
7,10,29,2,2,2,0,0,2,0.0
7,10,29,2,3,7,3,0,4,0.0
7,10,29,1,2,3,1,2,0,0.0
7,10,9,1,1,2,2,0,0,0.0
7,10,21,2,4,8,2,0,1,0.0
7,10,29,1,1,4,9,0,0,2.0
7,10,12,2,2,2,0,1,1,0.0
7,10,29,2,1,12,0,10,3,1.0
7,10,29,1,1,1,0,0,0,0.0
7,10,46,1,1,2,0,0,2,0.0
7,10,29,1,1,1,1,0,0,0.0
7,10,29,2,2,10,1,6,0,0.0
7,10,29,2,2,9,6,0,0,1.0
7,10,29,2,3,13,13,0,0,0.0
7,10,9,1,1,1,0,1,0,0.0
7,10,46,2,4,9,3,0,3,0.0
7,10,46,2,3,7,4,1,2,0.0
7,10,29,2,4,15,7,0,0,2.0
7,10,29,2,4,25,6,0,8,0.0
7,10,29,1,1,2,0,2,0,0.0
7,10,29,2,1,2,1,0,1,0.0
7,10,9,1,1,1,0,0,1,0.0
7,10,29,2,3,4,0,0,0,0.0
7,10,29,2,5,19,2,3,0,1.0
7,10,29,2,1,5,5,0,0,0.0
7,10,29,2,1,2,1,1,0,0.0
7,10,12,1,2,3,1,1,1,0.0
7,10,29,1,1,1,1,0,0,0.0
7,10,29,2,2,3,3,0,0,0.0
7,10,29,2,4,18,3,1,0,1.0
7,10,29,1,2,9,5,4,0,0.0
7,10,29,1,1,2,4,0,0,1.0
7,10,29,1,3,3,3,0,0,0.0
7,11,29,2,2,3,0,0,0,0.0
7,11,29,1,1,1,0,0,2,1.0
7,11,29,2,2,2,0,0,1,0.0
7,11,29,1,1,1,0,0,1,0.0
7,11,21,2,1,10,0,7,0,0.0
7,11,29,1,1,2,0,2,0,0.0
7,11,29,2,3,5,0,0,5,0.0
7,11,29,1,1,3,1,2,0,0.0
7,11,29,1,1,1,1,0,0,0.0
7,11,29,2,1,10,0,7,0,0.0
7,11,9,2,1,9,3,4,2,0.0
7,11,41,2,3,4,0,0,4,0.0
7,11,29,2,3,7,3,0,0,0.0
7,11,29,1,1,1,0,0,1,0.0
7,11,24,1,1,1,1,0,0,0.0
7,11,24,2,3,38,5,9,25,1.0
7,11,12,1,1,1,0,0,1,0.0
7,11,29,2,3,5,2,0,0,1.0
7,11,29,2,5,14,0,1,1,1.0
7,11,29,1,3,7,5,0,2,0.0
7,11,29,1,1,4,4,0,0,0.0
7,11,29,2,1,5,0,4,0,0.0
7,11,29,1,1,1,0,0,2,1.0
7,11,29,2,2,4,2,1,0,0.0
7,11,29,2,2,6,0,4,2,1.0
7,11,29,1,1,1,0,1,0,0.0
7,11,29,2,1,9,3,3,0,0.0
7,11,29,1,1,1,0,1,0,0.0
7,11,24,1,1,4,6,0,0,2.0
7,11,9,2,3,10,2,5,3,0.0
7,11,29,2,4,14,4,0,7,0.0
7,11,29,1,1,1,0,0,0,0.0
7,11,29,1,1,6,6,0,0,0.0
7,11,9,1,1,2,2,0,0,0.0
7,11,41,2,2,6,3,0,2,1.0
7,11,29,2,4,8,0,0,5,0.0
7,11,29,2,1,6,0,1,2,1.0
7,11,29,1,1,1,0,1,0,0.0
7,11,29,2,1,5,1,4,0,0.0
7,11,29,2,2,3,0,3,0,0.0
7,11,24,1,1,2,4,0,0,2.0
7,11,29,2,1,2,0,2,0,0.0
7,11,29,1,2,2,0,0,2,0.0
7,11,29,1,1,2,0,0,1,0.0
7,11,29,2,1,3,1,0,2,0.0
7,11,29,2,2,3,0,1,1,0.0
7,11,29,2,1,3,0,2,0,0.0
7,11,29,1,1,1,0,0,1,0.0
7,11,29,2,2,4,0,0,0,0.0
7,11,29,1,1,1,1,0,0,0.0
7,11,29,2,1,4,2,2,0,0.0
7,11,29,1,1,3,0,3,0,0.0
7,11,29,1,1,2,0,3,0,1.0
7,11,29,1,1,1,0,0,0,0.0
7,11,29,1,1,1,0,0,0,0.0
7,11,29,2,1,5,1,0,0,0.0
7,11,29,2,4,13,1,0,10,3.0
7,11,29,2,1,13,6,0,4,0.0
7,11,29,1,1,1,1,0,0,0.0
7,11,29,2,1,3,1,2,0,0.0
7,11,29,1,1,1,0,1,0,0.0
7,11,29,1,1,1,0,0,1,0.0
7,11,29,2,3,12,5,2,5,0.0
7,11,29,2,3,12,0,3,4,0.0
7,11,29,1,1,1,0,0,1,0.0
7,11,29,2,1,2,2,0,0,0.0
7,11,29,2,4,17,3,5,3,1.0
7,11,29,1,1,1,2,0,0,1.0
7,11,29,1,1,2,0,2,0,0.0
7,11,29,2,4,41,22,5,10,4.0
7,11,29,1,4,4,0,2,0,0.0
7,11,29,2,3,6,2,2,1,0.0
7,11,29,1,2,5,0,3,1,0.0
7,11,29,2,5,9,0,0,4,0.0
7,11,29,1,2,2,1,1,0,0.0
7,11,29,1,1,5,6,0,0,1.0
7,11,29,1,2,3,0,1,0,0.0
7,11,29,1,1,1,0,1,0,0.0
7,11,29,1,1,1,2,0,0,1.0
7,11,29,1,1,2,2,0,0,0.0
7,11,29,2,3,6,0,0,4,1.0
7,11,29,1,1,2,1,1,0,0.0
7,11,29,1,1,1,2,0,0,1.0
7,11,29,1,1,1,0,0,0,0.0
7,11,29,1,1,2,2,0,0,0.0
7,11,29,1,4,4,2,0,1,0.0
7,11,29,2,3,6,3,2,0,0.0
7,11,29,2,1,8,0,0,1,1.0
7,11,29,1,1,2,2,0,0,0.0
7,11,29,1,1,1,0,0,0,0.0
7,11,29,1,1,1,0,0,0,0.0
7,11,29,2,3,8,3,3,1,0.0
7,11,29,2,4,16,15,1,1,4.0
7,11,24,2,1,4,2,0,0,0.0
7,11,29,2,3,9,0,5,1,1.0
7,11,29,2,2,2,1,0,1,0.0
7,11,29,2,2,3,1,1,1,0.0
7,11,29,2,1,5,0,3,2,0.0
7,11,29,2,2,2,0,2,0,0.0
7,11,29,1,4,8,0,0,1,1.0
7,11,29,1,1,5,4,1,0,1.0
7,11,29,2,1,3,0,3,0,0.0
7,11,29,1,1,1,1,0,0,0.0
7,11,46,2,2,7,2,0,3,0.0
7,11,29,1,1,2,0,0,2,0.0
7,11,29,1,1,2,0,0,0,1.0
7,11,29,1,1,1,0,1,0,0.0
7,11,29,2,2,6,2,0,3,0.0
7,11,29,1,1,2,0,0,2,0.0
7,11,29,1,3,5,2,0,3,0.0
7,11,29,2,1,2,2,0,0,0.0
7,11,29,1,1,1,1,0,0,0.0
7,11,29,1,2,3,0,3,0,0.0
7,11,29,1,1,1,0,0,0,0.0
7,11,29,1,1,1,0,0,1,0.0
7,11,29,1,1,1,0,0,1,0.0
7,11,29,2,2,18,5,3,5,2.0
7,11,29,2,1,10,8,0,0,0.0
7,11,29,2,2,5,1,3,1,0.0
7,11,29,2,1,2,2,0,0,0.0
7,11,29,1,1,1,0,0,1,0.0
7,11,29,1,1,3,0,3,0,0.0
7,11,29,2,1,6,0,4,0,0.0
7,11,46,1,1,1,0,1,0,0.0
7,11,29,1,1,1,1,0,0,0.0
7,11,29,2,3,9,0,4,0,2.0
7,11,29,1,2,4,2,0,2,0.0
7,11,29,1,1,2,0,3,0,1.0
7,11,29,2,2,4,0,1,0,1.0
7,11,29,1,2,4,0,3,1,0.0
7,11,29,2,5,10,0,0,0,0.0
7,11,29,2,3,7,0,9,4,6.0
7,11,29,1,1,1,0,0,0,0.0
7,11,29,2,4,19,0,3,12,2.0
7,11,29,2,3,8,0,5,0,1.0
7,11,46,1,1,1,0,1,0,0.0
7,11,29,1,1,1,1,0,0,0.0
7,11,29,2,3,4,0,0,0,0.0
7,11,29,1,2,2,0,0,0,0.0
7,11,3,1,1,1,1,0,0,0.0
7,11,29,1,2,5,0,5,0,0.0
7,11,29,2,4,17,0,2,7,0.0
7,11,29,2,3,6,2,0,1,0.0
7,11,29,1,1,6,2,0,4,0.0
7,11,29,1,1,1,0,1,0,0.0
7,11,29,2,3,10,1,5,4,0.0
7,11,29,2,1,3,0,3,0,0.0
7,11,29,1,2,2,1,0,1,0.0
7,11,29,2,4,14,0,1,0,1.0
7,11,29,1,3,4,3,0,1,0.0
7,11,29,1,1,2,2,0,0,0.0
7,11,29,2,1,11,2,2,8,1.0
7,11,46,2,1,4,4,0,0,0.0
7,11,29,2,1,7,5,0,4,1.0
7,11,29,1,3,8,1,4,2,0.0
7,11,29,1,1,1,1,0,0,0.0
7,11,29,1,1,1,1,0,0,0.0
7,11,29,1,1,1,0,0,1,0.0
7,11,29,2,2,4,0,3,0,0.0
7,11,44,1,1,1,0,0,1,0.0
7,11,46,1,1,1,0,0,0,0.0
7,11,46,1,1,2,2,0,0,0.0
7,11,29,2,2,6,0,1,2,0.0
7,11,9,2,3,7,6,0,2,1.0
7,11,29,2,5,6,1,1,0,0.0
7,11,29,1,2,2,0,1,0,1.0
7,11,29,1,1,1,0,0,0,0.0
7,11,29,1,1,1,0,0,0,0.0
7,11,29,2,1,4,1,3,0,0.0
7,11,9,2,2,11,19,0,0,5.0
7,11,9,1,1,1,0,0,0,0.0
7,11,9,2,3,15,0,16,6,5.0
7,11,29,2,2,12,1,0,5,0.0
7,11,29,2,1,3,3,0,0,0.0
7,11,43,2,1,6,2,1,1,0.0
7,11,29,1,1,1,0,1,0,0.0
7,11,29,1,1,2,0,2,0,0.0
7,11,29,1,2,4,3,0,1,0.0
7,11,29,1,2,2,0,1,0,0.0
7,11,29,2,3,4,0,0,4,0.0
7,11,29,2,3,10,11,0,0,2.0
7,11,29,1,2,4,2,1,1,0.0
7,12,29,1,1,2,0,0,0,0.0
7,12,29,1,1,1,0,0,0,0.0
7,12,29,1,1,1,1,0,0,0.0
7,12,29,2,2,2,0,0,2,0.0
7,12,29,2,3,15,10,0,2,4.0
7,12,29,2,3,7,4,0,1,0.0
7,12,9,1,1,1,1,0,0,0.0
7,12,29,1,1,1,0,0,1,0.0
7,12,29,1,2,3,0,2,1,0.0
7,12,29,1,1,1,0,3,0,1.0
7,12,24,1,1,3,0,0,0,0.0
7,12,29,2,2,10,0,2,4,0.0
7,12,9,2,3,3,0,2,1,0.0
7,12,29,2,1,2,1,0,1,0.0
7,12,29,1,1,2,3,0,0,1.0
7,12,29,1,2,3,0,0,3,0.0
7,12,29,2,1,3,1,2,0,0.0
7,12,29,1,1,1,1,0,0,0.0
7,12,24,2,5,21,3,6,6,12.0
7,12,29,2,2,4,1,0,0,2.0
7,12,29,1,1,1,0,1,0,0.0
7,12,29,2,4,6,1,0,4,1.0
7,12,29,2,4,25,4,8,0,2.0
7,12,29,1,1,1,0,0,1,0.0
7,12,29,1,1,1,1,0,0,0.0
7,12,29,1,1,1,0,1,0,0.0
7,12,21,2,2,4,2,0,1,0.0
7,12,37,2,3,12,4,0,8,1.0
7,12,29,2,1,2,0,2,0,0.0
7,12,29,1,1,1,0,0,0,0.0
7,12,21,2,4,10,3,0,0,1.0
7,12,21,1,2,6,4,1,1,0.0
7,12,29,2,2,10,2,0,0,2.0
7,12,29,2,1,3,0,3,0,0.0
7,12,29,1,2,2,0,0,2,0.0
7,12,29,2,1,4,0,4,0,0.0
7,12,9,1,1,2,1,2,0,1.0
7,12,29,1,2,2,0,0,2,0.0
7,12,29,2,4,16,0,0,0,1.0
7,12,29,2,2,10,3,3,0,0.0
7,12,29,1,1,1,0,0,0,0.0
7,12,29,2,2,2,1,0,0,0.0
7,12,29,2,1,2,0,1,1,0.0
7,12,29,2,2,7,0,6,0,2.0
7,12,29,1,1,6,7,0,2,3.0
7,12,29,2,1,4,1,0,0,0.0
7,12,29,2,3,10,9,0,0,0.0
7,12,29,1,1,1,1,0,0,0.0
7,12,29,2,1,5,2,1,1,1.0
7,12,29,1,2,4,0,0,4,0.0
7,12,29,2,3,6,1,3,1,0.0
7,12,29,1,1,1,1,0,0,0.0
7,12,29,2,3,4,5,0,0,1.0
7,12,29,2,2,7,1,6,0,0.0
7,12,29,1,2,2,0,2,0,0.0
7,12,29,1,1,1,0,0,0,0.0
7,12,29,2,2,5,4,0,0,0.0
7,12,29,2,3,3,0,0,2,0.0
7,12,29,2,3,9,1,0,2,0.0
7,12,29,2,4,21,6,7,8,0.0
7,12,29,1,1,5,3,2,0,0.0
7,12,46,1,1,1,1,0,0,0.0
7,12,29,2,2,5,1,1,1,0.0
7,12,29,2,5,29,6,3,7,3.0
7,12,29,2,5,50,0,2,14,7.0
7,12,29,2,1,3,0,3,0,0.0
7,12,29,2,3,12,1,0,9,0.0
7,12,44,2,2,2,2,0,0,0.0
7,12,29,1,1,3,3,0,0,0.0
7,12,29,2,2,4,0,3,0,0.0
7,12,29,1,2,2,0,0,0,0.0
7,12,29,1,1,1,1,0,0,0.0
7,12,29,2,3,13,3,0,10,0.0
7,12,29,1,2,2,0,2,0,0.0
7,12,29,1,2,2,1,0,1,0.0
7,12,29,2,4,11,2,2,4,0.0
7,12,29,2,3,15,3,2,10,0.0
7,12,29,1,1,5,6,0,1,1.0
7,12,29,2,3,5,0,0,2,0.0
7,12,29,1,1,1,0,1,0,0.0
7,12,29,1,1,3,0,3,0,0.0
7,12,29,1,1,2,2,0,0,0.0
7,12,29,2,2,5,0,1,1,0.0
7,12,29,2,3,5,1,1,4,1.0
7,12,29,1,1,5,0,3,0,0.0
7,12,29,1,1,1,0,1,0,0.0
7,12,29,2,5,25,6,7,1,0.0
7,12,29,2,1,3,0,3,0,0.0
7,12,29,1,1,1,0,1,0,0.0
7,12,29,1,1,1,0,0,0,0.0
7,12,29,1,2,2,0,0,1,0.0
7,12,29,2,4,29,17,0,13,3.0
7,12,29,2,2,8,3,1,0,0.0
7,12,29,2,3,8,3,4,0,0.0
7,12,29,2,2,2,0,0,1,0.0
7,12,29,1,3,7,2,2,3,0.0
7,12,29,2,3,4,3,1,0,0.0
7,12,9,1,1,1,1,0,0,0.0
7,12,29,2,2,2,2,0,0,0.0
7,12,29,2,2,2,0,1,0,0.0
7,12,46,1,1,4,2,1,1,0.0
7,12,46,1,1,1,1,0,0,0.0
7,12,29,1,4,5,0,0,0,0.0
7,12,29,1,2,4,0,4,0,0.0
7,12,9,2,4,14,5,2,7,0.0
7,12,29,1,1,1,0,0,1,0.0
7,12,29,2,2,18,12,4,2,1.0
7,12,29,2,4,15,2,0,10,1.0
7,12,29,1,1,1,0,0,0,0.0
7,13,29,2,1,10,11,0,0,1.0
7,13,29,2,4,7,2,0,0,0.0
7,13,29,1,1,1,0,0,0,0.0
7,13,29,2,1,8,1,0,0,0.0
7,13,29,2,3,7,3,0,2,0.0
7,13,29,1,1,2,0,0,1,0.0
7,13,10,2,1,5,7,1,0,1.0
7,13,9,1,2,4,4,0,0,0.0
7,13,9,2,1,11,13,0,0,2.0
7,13,29,2,2,3,0,0,3,0.0
7,13,29,2,4,20,9,6,5,0.0
7,13,27,2,1,7,3,4,0,0.0
7,13,29,2,1,4,1,0,3,0.0
7,13,44,1,1,2,2,0,0,0.0
7,13,9,2,3,6,0,0,7,1.0
7,13,29,1,1,2,0,2,0,0.0
7,13,29,2,1,2,3,0,0,1.0
7,13,29,1,1,3,3,0,0,0.0
7,13,29,1,1,1,1,0,0,0.0
7,13,29,2,3,9,0,7,0,1.0
7,13,29,1,1,1,0,0,0,1.0
7,13,29,1,1,1,0,0,0,0.0
7,13,29,2,3,10,0,5,1,0.0
7,13,29,2,2,4,0,0,0,0.0
7,13,29,1,1,1,0,0,1,0.0
7,13,29,1,1,1,1,0,0,0.0
7,13,41,1,2,3,0,0,4,1.0
7,13,29,1,1,2,0,0,0,0.0
7,13,29,1,1,2,0,2,0,0.0
7,13,29,2,1,5,4,1,0,0.0
7,13,41,2,2,5,0,4,1,0.0
7,13,29,1,1,1,1,0,0,0.0
7,13,37,2,4,28,6,7,1,5.0
7,13,29,1,1,2,0,0,2,0.0
7,13,21,2,3,10,1,1,1,0.0
7,13,29,2,3,11,10,0,2,1.0
7,13,29,2,1,3,2,0,0,0.0
7,13,29,1,1,1,1,0,0,0.0
7,13,29,2,2,10,0,3,7,0.0
7,13,9,1,3,6,0,3,3,0.0
7,13,27,2,3,15,9,1,7,2.0
7,13,29,2,1,2,0,0,0,0.0
7,13,29,1,2,3,0,0,0,0.0
7,13,29,2,3,11,1,6,0,0.0
7,13,29,1,1,1,1,0,0,0.0
7,13,29,2,2,3,3,0,0,0.0
7,13,29,2,1,3,0,2,1,0.0
7,13,29,1,1,1,1,0,0,0.0
7,13,29,2,1,3,0,2,0,0.0
7,13,29,1,1,1,0,1,0,0.0
7,13,29,2,3,10,6,2,2,0.0
7,13,29,2,3,17,14,0,0,4.0
7,13,29,2,3,3,0,2,1,0.0
7,13,29,1,1,1,0,1,0,0.0
7,13,29,1,1,2,1,0,0,0.0
7,13,29,1,1,1,0,1,0,0.0
7,13,29,2,2,5,2,2,0,0.0
7,13,29,2,5,9,10,0,2,3.0
7,13,29,2,5,9,1,0,4,0.0
7,13,29,1,3,4,2,0,1,0.0
7,13,29,1,2,4,0,2,1,0.0
7,13,29,2,3,10,3,4,3,0.0
7,13,29,2,3,14,0,3,0,0.0
7,13,29,1,1,1,0,0,1,0.0
7,13,29,2,2,3,2,0,0,0.0
7,13,29,1,1,3,3,0,0,0.0
7,13,29,1,2,3,0,3,0,0.0
7,13,29,2,1,9,0,1,1,0.0
7,13,29,1,1,1,1,0,0,0.0
7,13,29,1,1,2,0,0,2,0.0
7,13,29,2,5,13,4,4,2,0.0
7,13,29,1,1,2,2,0,0,0.0
7,13,29,2,3,12,2,2,2,0.0
7,13,29,1,3,9,5,2,0,0.0
7,13,29,1,1,1,0,0,0,0.0
7,13,29,1,1,2,0,2,0,0.0
7,13,29,2,3,4,0,0,2,1.0
7,13,29,2,3,4,3,0,0,0.0
7,13,29,2,3,6,5,0,0,1.0
7,13,29,2,3,7,0,0,7,0.0
7,13,29,1,1,3,3,0,0,0.0
7,13,29,2,5,48,8,20,19,8.0
7,13,29,1,1,1,1,0,0,0.0
7,13,29,2,2,11,1,8,0,0.0
7,13,29,2,1,5,0,3,1,0.0
7,13,29,2,2,4,4,0,0,0.0
7,13,29,2,3,4,2,4,2,2.0
7,13,29,1,1,1,0,1,0,0.0
7,13,29,2,3,55,19,16,11,0.0
7,13,44,2,5,7,2,0,0,0.0
7,13,29,1,1,2,0,0,0,0.0
7,13,29,2,1,2,1,0,0,0.0
7,13,29,2,5,16,0,0,8,0.0
7,13,29,2,4,6,0,0,3,1.0
7,13,29,1,3,5,0,4,0,0.0
7,13,29,2,2,8,2,0,2,0.0
7,13,29,2,2,9,3,4,0,0.0
7,13,29,1,1,1,0,0,0,0.0
7,13,29,2,2,4,6,0,0,1.0
7,13,29,2,3,5,2,1,1,0.0
7,13,29,2,2,4,1,0,3,1.0
7,13,9,1,1,1,0,0,1,0.0
7,13,9,2,3,11,6,2,4,1.0
7,13,29,1,1,1,0,1,0,0.0
7,13,29,1,1,2,1,0,1,0.0
7,13,46,2,1,5,2,0,3,0.0
7,13,29,2,1,2,0,4,0,2.0
7,13,29,2,3,6,1,4,1,0.0
7,13,29,1,1,1,0,0,0,0.0
7,13,29,1,2,3,3,0,0,0.0
7,13,29,2,2,6,0,6,0,0.0
7,13,29,1,1,6,5,0,0,0.0
7,13,46,2,3,8,1,0,6,1.0
7,13,46,1,1,3,0,3,0,0.0
7,13,29,2,3,6,3,0,0,1.0
7,13,29,1,1,1,1,0,0,0.0
7,13,29,2,2,3,0,0,0,0.0
7,13,29,1,1,2,0,2,0,0.0
7,13,9,2,4,16,5,2,19,7.0
7,13,9,1,1,7,10,0,0,2.0
7,13,9,1,1,3,3,0,0,0.0
7,13,9,1,1,3,0,1,2,0.0
7,13,29,1,1,3,3,0,0,1.0
7,13,28,1,1,1,0,0,0,0.0
7,13,29,1,1,1,0,0,1,0.0
7,13,29,1,2,2,1,1,0,0.0
7,13,29,2,3,9,7,0,2,0.0
7,14,29,1,1,3,0,1,2,0.0
7,14,9,1,1,5,6,0,0,1.0
7,14,24,2,2,5,5,0,0,0.0
7,14,9,2,1,5,2,3,0,0.0
7,14,29,1,1,1,0,0,1,0.0
7,14,29,1,1,4,0,1,1,0.0
7,14,29,2,4,9,0,0,1,0.0
7,14,29,1,2,4,3,2,0,1.0
7,14,29,2,2,4,0,0,0,0.0
7,14,9,1,1,2,0,0,2,0.0
7,14,29,2,2,3,0,1,1,0.0
7,14,9,2,3,9,6,0,4,1.0
7,14,29,1,1,2,2,0,0,0.0
7,14,29,1,1,2,2,0,0,0.0
7,14,29,2,1,3,2,0,0,0.0
7,14,9,1,1,1,1,0,0,0.0
7,14,9,1,1,3,6,0,0,1.0
7,14,29,2,1,2,0,3,0,1.0
7,14,29,1,1,1,0,1,0,0.0
7,14,29,2,1,2,0,2,0,0.0
7,14,29,1,3,3,0,1,0,0.0
7,14,29,1,1,2,0,2,0,0.0
7,14,29,2,4,9,0,0,1,0.0
7,14,24,1,3,3,0,1,2,0.0
7,14,29,1,1,1,1,0,0,0.0
7,14,29,2,3,12,2,4,3,1.0
7,14,24,2,1,5,4,1,0,0.0
7,14,24,2,3,6,0,0,3,1.0
7,14,9,1,1,1,1,0,0,0.0
7,14,29,1,1,1,0,1,0,0.0
7,14,29,2,1,7,2,2,2,0.0
7,14,9,1,3,3,3,0,0,0.0
7,14,24,2,3,8,5,0,1,0.0
7,14,29,1,1,1,0,0,1,0.0
7,14,29,1,1,1,0,0,1,0.0
7,14,29,1,1,4,3,0,0,0.0
7,14,29,2,1,11,5,5,1,0.0
7,14,29,1,1,2,0,2,0,0.0
7,14,29,2,2,4,0,4,0,0.0
7,14,29,1,1,1,1,0,0,0.0
7,14,24,2,3,6,0,5,2,2.0
7,14,24,2,4,10,6,1,0,1.0
7,14,29,2,1,3,2,1,0,0.0
7,14,9,2,2,12,14,0,0,2.0
7,14,29,2,3,9,3,4,0,0.0
7,14,29,1,1,1,0,0,0,0.0
7,14,29,1,1,3,3,0,0,0.0
7,14,29,1,1,6,5,1,0,0.0
7,14,29,2,3,6,1,2,3,0.0
7,14,29,1,2,3,0,3,0,0.0
7,14,29,1,1,1,0,0,0,0.0
7,14,29,2,1,2,0,1,1,0.0
7,14,29,2,2,12,1,2,8,0.0
7,14,29,1,1,1,0,1,0,0.0
7,14,29,2,2,17,20,0,5,6.0
7,14,29,2,2,6,0,2,4,0.0
7,14,29,2,2,5,4,0,1,0.0
7,14,29,1,1,1,0,0,1,0.0
7,14,29,1,3,8,2,0,3,0.0
7,14,29,1,1,1,0,1,0,0.0
7,14,29,1,1,3,0,3,0,0.0
7,14,29,1,1,1,0,1,0,0.0
7,14,29,2,4,7,3,0,1,0.0
7,14,29,1,2,2,1,0,1,0.0
7,14,29,2,2,11,7,0,0,0.0
7,14,29,2,4,10,2,2,3,0.0
7,14,29,1,1,1,0,1,0,0.0
7,14,29,1,3,6,6,0,1,1.0
7,14,29,2,1,2,0,1,0,0.0
7,14,29,1,1,2,1,0,1,0.0
7,14,29,2,3,7,5,0,1,1.0
7,14,29,2,4,5,0,0,5,1.0
7,14,29,2,5,40,10,11,0,1.0
7,14,29,2,3,8,1,0,4,0.0
7,14,29,2,3,13,0,7,0,0.0
7,14,29,2,1,2,0,0,1,0.0
7,14,29,2,1,5,1,3,0,0.0
7,14,29,1,4,5,0,0,2,0.0
7,14,29,2,4,9,0,0,6,0.0
7,14,29,1,1,1,1,0,0,0.0
7,14,29,1,1,7,8,0,0,1.0
7,14,29,1,1,2,0,3,0,1.0
7,14,29,1,1,1,1,0,0,0.0
7,14,29,2,1,5,3,1,0,0.0
7,14,29,2,2,4,0,0,1,0.0
7,14,29,2,4,15,1,2,13,1.0
7,14,29,1,1,1,1,0,0,0.0
7,14,29,2,2,2,0,0,0,0.0
7,14,29,1,1,1,0,1,0,0.0
7,14,29,2,4,7,1,0,3,0.0
7,14,29,2,1,3,2,0,0,0.0
7,14,29,2,1,2,0,2,0,0.0
7,14,29,2,1,2,0,0,0,0.0
7,14,29,1,1,1,1,0,0,0.0
7,14,29,1,1,1,1,0,0,0.0
7,14,9,2,2,2,0,0,3,1.0
7,14,44,1,1,1,0,0,2,1.0
7,14,44,1,1,1,1,0,0,0.0
7,14,24,1,1,1,0,0,0,0.0
7,14,29,2,3,7,2,0,2,0.0
7,14,29,1,1,1,1,0,0,0.0
7,14,29,1,1,2,2,0,0,0.0
7,14,29,2,4,12,9,1,2,1.0
7,14,29,1,1,1,0,0,1,0.0
7,14,29,1,1,1,0,1,0,0.0
7,14,29,2,1,3,0,0,0,0.0
7,14,29,2,4,15,7,4,3,1.0
7,14,29,1,2,3,1,1,1,0.0
7,14,29,1,1,8,8,0,0,0.0
7,14,29,2,1,2,1,1,0,0.0
7,14,29,2,3,8,1,5,2,0.0
7,14,29,2,2,6,6,0,1,1.0
7,14,29,2,2,6,0,6,0,0.0
7,14,29,2,1,3,3,0,0,0.0
7,14,29,2,3,5,5,0,0,0.0
7,14,29,2,1,5,2,4,0,1.0
7,14,29,2,1,3,1,0,2,0.0
7,14,29,1,1,1,0,0,1,0.0
7,14,29,1,2,3,0,0,0,0.0
7,14,29,1,1,1,0,1,0,0.0
7,14,29,2,1,11,0,0,11,0.0
7,14,46,1,2,3,3,1,0,1.0
7,14,12,2,2,4,0,3,0,0.0
7,14,29,2,3,7,0,2,4,0.0
7,14,9,1,1,1,0,1,0,0.0
7,14,29,2,4,17,3,0,7,0.0
7,14,29,2,1,3,3,0,0,0.0
7,14,29,1,1,1,0,1,0,0.0
7,14,29,2,4,13,1,6,1,0.0
7,14,29,2,2,6,1,3,2,0.0
7,14,29,2,2,3,3,0,0,0.0
7,14,29,2,3,15,5,4,0,11.0
7,14,29,2,3,6,3,2,0,1.0
7,14,29,2,4,17,3,10,0,0.0
7,14,29,1,1,1,0,0,0,0.0
7,14,46,1,1,1,1,0,0,0.0
7,14,29,2,4,7,4,0,2,0.0
7,14,29,1,1,1,0,1,0,0.0
7,14,29,1,1,2,1,0,1,0.0
7,14,29,1,1,2,2,0,0,0.0
7,14,29,2,4,33,0,15,11,1.0
7,14,29,2,3,5,0,0,0,0.0
7,14,29,1,1,2,2,0,0,0.0
7,14,29,2,3,12,2,2,3,1.0
7,14,29,2,1,7,7,0,0,0.0
7,14,29,1,1,1,0,0,1,0.0
7,14,29,2,4,12,2,0,3,0.0
7,14,29,1,1,4,4,0,0,0.0
7,14,29,2,5,22,1,7,8,3.0
7,14,29,2,3,11,4,2,5,0.0
7,14,29,2,1,10,5,3,2,1.0
7,14,25,2,4,13,2,0,3,1.0
7,14,29,1,1,5,0,3,1,0.0
7,14,46,2,1,4,1,1,2,0.0
7,14,29,1,1,1,1,0,0,0.0
7,14,9,1,1,2,0,3,0,1.0
7,14,29,1,1,8,15,0,0,5.0
7,14,29,2,2,18,10,1,0,3.0
7,14,29,2,2,8,0,4,0,0.0
7,14,29,2,4,11,1,4,0,0.0
7,14,29,1,1,1,0,1,0,0.0
7,14,29,2,1,2,1,0,2,1.0
7,14,29,2,2,2,0,0,0,0.0
7,14,29,1,2,2,0,1,0,0.0
7,14,29,2,4,9,2,0,3,2.0
7,14,29,1,1,2,0,3,0,1.0
7,14,9,1,1,1,1,0,0,0.0
7,14,29,1,1,1,0,1,0,0.0
7,14,29,2,2,7,2,4,0,1.0
7,14,29,1,1,1,0,0,0,0.0
7,14,29,1,1,4,1,0,0,1.0
7,14,9,1,2,6,5,0,1,0.0
7,14,9,1,1,2,2,0,0,0.0
7,14,9,2,3,6,1,0,5,0.0
7,14,9,1,1,5,9,0,0,2.0
7,14,29,1,1,1,1,0,0,0.0
7,14,9,2,3,8,2,2,4,0.0
7,14,9,1,2,6,0,7,0,1.0
7,14,29,2,2,5,3,0,2,0.0
7,14,29,2,5,28,0,7,14,0.0
7,14,29,2,1,2,0,2,0,0.0
7,14,46,1,3,3,1,0,0,0.0
7,14,29,1,1,1,1,0,0,0.0
7,14,29,1,1,1,1,0,0,0.0
7,14,29,1,1,4,0,4,0,0.0
7,14,29,2,5,24,15,0,3,4.0
7,14,29,2,2,8,0,6,2,0.0
7,15,29,1,1,1,0,0,0,0.0
7,15,29,2,5,10,3,1,0,0.0
7,15,29,1,1,3,0,0,0,0.0
7,15,9,2,2,2,0,1,1,0.0
7,15,24,1,1,1,1,0,0,0.0
7,15,29,2,1,3,0,0,0,0.0
7,15,9,2,4,33,10,8,15,0.0
7,15,3,2,1,4,1,0,0,0.0
7,15,29,1,1,1,1,0,0,0.0
7,15,29,1,1,3,0,0,1,0.0
7,15,29,2,3,14,0,9,5,1.0
7,15,29,1,1,1,1,0,0,0.0
7,15,29,2,5,8,1,0,1,0.0
7,15,34,2,4,16,7,4,7,2.0
7,15,29,1,1,1,0,1,0,0.0
7,15,41,1,1,3,2,0,0,0.0
7,15,29,2,2,6,4,3,1,2.0
7,15,9,2,4,10,7,0,4,1.0
7,15,29,2,3,6,3,2,1,0.0
7,15,29,1,1,1,0,0,1,0.0
7,15,24,1,1,1,1,0,0,0.0
7,15,9,1,1,2,2,0,0,0.0
7,15,29,2,1,6,6,0,0,1.0
7,15,29,1,1,1,0,1,0,0.0
7,15,29,1,1,2,0,0,2,0.0
7,15,29,1,1,3,3,0,0,0.0
7,15,29,1,1,11,3,3,3,0.0
7,15,9,1,2,3,3,0,0,0.0
7,15,29,1,1,1,1,0,0,0.0
7,15,24,2,3,13,0,2,5,1.0
7,15,29,1,2,3,1,0,0,0.0
7,15,29,2,2,19,19,0,3,3.0
7,15,29,1,1,1,0,0,1,0.0
7,15,29,2,5,7,0,3,0,0.0
7,15,29,1,1,1,0,1,0,0.0
7,15,29,1,1,2,0,2,0,0.0
7,15,29,1,1,1,0,0,1,0.0
7,15,29,2,4,8,5,1,1,0.0
7,15,29,1,2,7,0,6,0,0.0
7,15,29,1,1,2,0,2,0,0.0
7,15,9,2,1,5,5,0,0,0.0
7,15,29,2,3,3,0,0,3,0.0
7,15,29,2,2,3,0,4,0,1.0
7,15,29,2,4,17,3,2,5,0.0
7,15,29,2,4,6,2,0,3,0.0
7,15,29,1,2,3,1,2,0,0.0
7,15,29,1,1,2,1,0,1,0.0
7,15,29,2,3,3,0,0,1,0.0
7,15,29,2,2,2,1,0,0,0.0
7,15,29,1,1,3,3,0,0,0.0
7,15,29,2,2,7,3,2,0,0.0
7,15,29,2,4,15,5,4,0,0.0
7,15,29,2,2,2,2,0,0,0.0
7,15,29,2,1,4,0,4,0,0.0
7,15,29,2,1,2,0,0,0,0.0
7,15,29,2,5,14,1,6,3,1.0
7,15,29,2,2,3,0,4,0,1.0
7,15,29,2,1,2,0,2,0,0.0
7,15,29,2,2,3,0,3,0,0.0
7,15,29,1,2,2,1,1,0,0.0
7,15,29,1,1,1,0,0,1,0.0
7,15,29,1,1,1,0,1,0,0.0
7,15,29,1,1,1,0,1,0,0.0
7,15,9,1,1,3,3,0,0,0.0
7,15,29,1,1,1,0,0,1,0.0
7,15,29,1,1,1,2,0,0,1.0
7,15,29,2,3,4,1,0,3,0.0
7,15,29,2,1,4,2,1,0,0.0
7,15,29,2,1,8,8,0,0,0.0
7,15,29,1,1,1,1,0,0,0.0
7,15,29,1,1,1,0,1,0,0.0
7,15,29,2,3,8,7,0,0,0.0
7,15,29,2,4,20,4,8,4,1.0
7,15,29,2,2,2,0,0,2,0.0
7,15,9,1,1,1,0,0,1,0.0
7,15,29,2,2,5,5,1,0,1.0
7,15,29,2,3,4,0,2,0,0.0
7,15,29,2,2,2,0,1,0,0.0
7,15,29,2,5,17,6,0,6,2.0
7,15,29,1,1,1,0,0,0,0.0
7,15,29,1,1,1,0,0,1,0.0
7,15,29,2,3,5,0,0,5,0.0
7,15,29,2,4,11,4,1,4,0.0
7,15,29,1,2,4,3,1,0,0.0
7,15,29,2,3,3,0,0,2,0.0
7,15,29,1,1,1,1,0,0,0.0
7,15,29,2,3,12,0,1,8,1.0
7,15,29,2,1,7,4,0,3,0.0
7,15,29,1,1,1,0,0,0,0.0
7,15,29,2,5,11,0,1,2,0.0
7,15,29,1,1,1,0,0,0,0.0
7,15,29,1,1,1,1,0,0,0.0
7,15,29,1,2,4,2,0,2,0.0
7,15,29,1,1,1,1,0,0,0.0
7,15,29,2,3,12,4,3,5,0.0
7,15,29,2,5,10,0,3,5,0.0
7,15,29,2,3,9,3,0,5,1.0
7,15,29,2,1,2,0,2,0,0.0
7,15,29,2,2,2,0,0,0,0.0
7,15,29,2,1,17,6,5,0,0.0
7,15,29,1,2,9,0,9,0,0.0
7,15,29,1,1,1,0,1,0,0.0
7,15,29,2,3,7,0,0,5,0.0
7,15,29,2,1,5,4,0,1,0.0
7,15,29,2,1,3,1,1,0,0.0
7,15,29,2,1,4,0,0,0,0.0
7,15,29,2,2,2,0,1,0,0.0
7,15,29,1,1,3,3,0,0,0.0
7,15,29,1,2,4,1,0,1,0.0
7,15,29,1,1,1,1,0,0,0.0
7,15,29,1,1,4,0,6,0,2.0
7,15,29,2,2,3,1,0,2,0.0
7,15,29,1,1,5,0,4,1,0.0
7,15,29,1,1,2,0,0,0,0.0
7,15,29,1,1,1,0,2,0,1.0
7,15,29,2,2,3,0,0,0,0.0
7,15,29,2,3,13,2,5,2,0.0
7,15,29,1,1,2,0,2,0,0.0
7,15,29,1,1,1,0,0,1,0.0
7,15,29,1,1,1,0,0,0,0.0
7,15,29,1,1,1,1,0,0,0.0
7,15,29,1,1,1,0,0,2,1.0
7,15,29,2,3,9,0,3,1,0.0
7,15,9,2,2,15,6,6,3,0.0
7,15,29,1,1,1,0,1,0,0.0
7,15,29,1,2,2,2,0,0,0.0
7,15,29,1,2,3,0,2,1,0.0
7,15,44,2,1,2,1,0,1,0.0
7,15,44,1,1,1,0,1,0,0.0
7,15,29,1,1,1,0,0,1,0.0
7,15,29,1,1,4,0,2,0,0.0
7,15,29,1,3,3,1,0,2,0.0
7,15,9,2,3,3,0,3,2,1.0
7,15,29,1,1,1,0,0,0,0.0
7,15,29,1,1,2,1,1,0,0.0
7,15,29,2,2,10,2,4,6,1.0
7,15,29,2,2,4,0,0,3,0.0
7,15,29,1,1,2,2,0,0,0.0
7,15,29,2,2,7,0,7,1,1.0
7,15,29,1,1,1,1,0,0,0.0
7,15,29,1,2,13,13,0,0,0.0
7,15,29,2,1,2,0,1,1,0.0
7,15,29,1,1,4,2,1,1,0.0
7,15,29,1,1,1,1,0,0,0.0
7,15,29,1,1,2,2,0,0,0.0
7,15,29,2,2,4,1,0,3,0.0
7,15,29,1,1,1,1,0,0,0.0
7,15,29,1,1,1,0,0,0,0.0
7,15,29,1,1,2,0,1,1,0.0
7,15,29,1,1,1,1,0,0,0.0
7,15,29,2,2,4,0,2,2,0.0
7,15,29,1,1,1,1,0,0,0.0
7,15,29,1,1,4,2,1,0,0.0
7,15,29,1,1,1,0,0,1,0.0
7,15,29,1,1,1,1,0,0,0.0
7,15,9,1,2,3,3,0,0,0.0
7,15,44,2,2,7,2,5,0,0.0
7,15,29,1,1,2,0,2,0,0.0
7,15,29,1,2,3,0,2,1,0.0
7,15,29,1,1,12,8,1,1,0.0
7,15,29,1,1,1,0,0,0,0.0
7,15,29,2,1,6,0,5,1,0.0
7,15,29,2,2,15,0,9,6,1.0
7,15,29,1,1,1,0,0,0,0.0
7,15,29,1,1,3,3,0,0,0.0
7,15,46,1,1,1,0,2,0,1.0
7,15,46,1,1,2,1,0,1,0.0
7,15,46,1,2,2,0,2,0,0.0
7,15,29,2,4,16,0,0,0,0.0
7,15,29,2,5,79,2,0,30,12.0
7,15,29,2,1,10,3,2,2,1.0
7,15,29,1,2,2,0,0,0,1.0
7,15,29,1,1,2,0,0,2,0.0
7,15,9,2,1,3,3,0,0,0.0
7,15,9,1,1,7,20,0,0,5.0
7,15,29,1,1,2,1,1,0,0.0
7,15,29,2,2,8,0,0,0,2.0
7,15,29,1,1,1,1,0,0,0.0
7,15,29,1,2,2,0,0,2,0.0
7,15,29,2,5,10,0,0,0,0.0
7,15,29,2,2,7,5,0,1,0.0
7,15,29,2,5,20,4,8,0,6.0
7,15,29,1,1,3,1,1,0,0.0
7,16,29,2,2,7,4,0,1,0.0
7,16,29,1,1,1,0,0,0,0.0
7,16,29,2,3,8,5,1,3,3.0
7,16,29,1,1,2,1,0,0,0.0
7,16,29,2,4,20,0,0,12,3.0
7,16,9,1,1,2,0,0,2,0.0
7,16,9,1,1,5,4,0,2,1.0
7,16,29,1,1,2,0,2,0,0.0
7,16,29,2,2,3,0,0,2,0.0
7,16,29,1,1,12,5,6,0,0.0
7,16,29,2,1,12,5,0,8,1.0
7,16,29,2,3,7,2,3,1,0.0
7,16,29,1,1,1,1,0,0,0.0
7,16,29,1,1,1,1,0,0,0.0
7,16,29,1,1,2,0,0,2,0.0
7,16,29,2,4,14,0,0,0,0.0
7,16,29,2,3,9,7,0,1,1.0
7,16,24,1,1,2,1,1,0,0.0
7,16,24,1,1,1,1,0,0,0.0
7,16,29,2,1,8,0,8,0,0.0
7,16,24,2,5,30,11,6,10,2.0
7,16,24,2,3,7,0,1,1,0.0
7,16,29,1,1,2,0,1,1,0.0
7,16,29,1,1,1,0,1,0,0.0
7,16,29,2,3,10,6,0,4,0.0
7,16,29,2,2,6,4,1,0,0.0
7,16,9,2,3,9,7,1,1,0.0
7,16,29,1,1,1,0,2,0,1.0
7,16,29,2,4,18,6,0,12,0.0
7,16,29,2,1,6,4,2,1,1.0
7,16,29,1,1,9,9,0,0,0.0
7,16,29,2,3,10,0,4,0,0.0
7,16,29,1,1,4,4,0,0,0.0
7,16,29,1,1,1,0,1,0,0.0
7,16,29,1,1,1,0,0,0,0.0
7,16,9,2,2,5,0,6,0,1.0
7,16,29,1,1,1,1,0,0,0.0
7,16,29,1,2,4,0,3,0,0.0
7,16,29,2,1,3,0,1,0,1.0
7,16,29,2,2,10,2,5,0,0.0
7,16,29,2,3,14,9,8,0,1.0
7,16,29,1,1,5,4,0,0,0.0
7,16,29,2,4,6,0,0,5,0.0
7,16,29,2,2,8,7,0,0,0.0
7,16,29,1,1,1,0,1,0,0.0
7,16,29,2,1,6,3,3,0,0.0
7,16,29,2,2,4,0,2,0,0.0
7,16,29,1,2,2,2,0,0,0.0
7,16,29,1,1,2,0,0,2,0.0
7,16,29,2,4,11,11,0,1,2.0
7,16,29,1,1,1,1,0,0,0.0
7,16,29,2,3,4,2,0,0,0.0
7,16,29,2,1,6,2,0,1,1.0
7,16,29,2,2,3,0,1,1,0.0
7,16,29,2,1,7,1,2,3,0.0
7,16,29,1,2,2,0,0,0,1.0
7,16,29,2,1,6,4,2,0,0.0
7,16,29,2,3,6,2,2,0,0.0
7,16,29,1,1,1,0,1,0,0.0
7,16,29,1,1,1,1,0,0,0.0
7,16,29,1,1,6,5,0,0,0.0
7,16,29,1,1,1,1,0,0,0.0
7,16,29,1,1,1,0,1,0,0.0
7,16,29,1,1,2,2,0,0,0.0
7,16,29,2,1,7,3,1,1,0.0
7,16,29,1,2,4,5,0,0,1.0
7,16,29,1,1,2,0,0,1,0.0
7,16,29,1,1,1,1,0,0,0.0
7,16,29,1,1,1,0,1,0,0.0
7,16,29,1,1,4,0,4,0,0.0
7,16,29,1,1,2,2,0,0,0.0
7,16,29,1,1,1,1,0,0,0.0
7,16,29,2,3,5,2,0,0,0.0
7,16,29,1,1,1,1,0,0,0.0
7,16,29,1,1,3,2,0,0,0.0
7,16,29,2,4,13,7,5,3,1.0
7,16,29,2,2,4,0,4,0,0.0
7,16,29,1,1,1,1,0,0,0.0
7,16,29,1,1,1,0,1,0,0.0
7,16,29,1,1,1,1,0,0,0.0
7,16,29,2,3,7,3,0,4,0.0
7,16,29,2,2,19,14,1,0,0.0
7,16,29,1,3,4,0,0,4,0.0
7,16,29,1,1,1,0,0,1,0.0
7,16,29,1,1,1,0,0,1,0.0
7,16,29,2,2,5,5,0,0,0.0
7,16,29,2,2,3,1,0,2,0.0
7,16,29,1,1,3,0,3,0,0.0
7,16,29,2,4,12,9,0,2,0.0
7,16,29,2,4,9,0,2,7,0.0
7,16,29,1,1,1,1,0,0,0.0
7,16,44,2,3,13,11,3,0,8.0
7,16,24,2,4,10,5,0,3,0.0
7,16,29,2,4,14,9,0,3,0.0
7,16,29,2,1,2,1,1,0,0.0
7,16,29,1,2,6,6,0,0,0.0
7,16,29,2,3,7,0,0,8,1.0
7,16,29,1,1,1,1,0,0,0.0
7,16,29,1,1,1,0,0,1,0.0
7,16,29,2,4,26,2,1,22,0.0
7,16,29,2,1,2,2,0,0,0.0
7,16,29,1,1,1,0,1,0,0.0
7,16,29,1,1,1,0,0,1,0.0
7,16,29,2,4,22,7,4,11,0.0
7,16,29,1,2,4,2,0,0,0.0
7,16,29,2,1,3,0,3,0,0.0
7,16,29,2,2,4,3,0,0,0.0
7,16,29,2,3,3,0,0,1,0.0
7,16,29,2,2,3,0,1,0,0.0
7,16,29,1,1,1,0,1,0,0.0
7,16,29,2,3,18,0,4,0,0.0
7,16,29,2,5,20,0,0,11,1.0
7,16,29,2,1,3,1,1,0,0.0
7,16,29,2,1,3,2,0,1,0.0
7,16,29,2,4,19,5,9,0,0.0
7,16,29,2,3,7,0,4,0,1.0
7,16,29,1,1,1,0,0,1,0.0
7,16,29,2,1,4,0,3,0,0.0
7,16,29,1,1,1,1,0,0,0.0
7,16,29,1,1,2,2,0,0,0.0
7,16,29,2,1,2,0,0,0,0.0
7,16,29,2,1,2,0,0,2,0.0
7,16,29,2,3,7,2,0,3,2.0
7,16,29,1,1,1,0,1,0,0.0
7,16,29,1,1,1,1,0,0,0.0
7,16,29,1,1,1,1,0,0,0.0
7,16,29,2,1,2,1,1,0,0.0
7,16,29,1,1,2,2,0,0,0.0
7,16,29,1,2,3,0,3,0,0.0
7,16,29,2,3,4,3,0,0,0.0
7,16,29,1,1,1,0,1,0,0.0
7,16,29,1,2,3,3,0,0,0.0
7,16,29,2,3,7,2,1,2,0.0
7,16,29,1,1,1,0,0,1,0.0
7,16,29,2,3,12,12,0,1,1.0
7,16,29,2,1,5,1,1,3,0.0
7,16,29,2,2,3,1,0,1,0.0
7,16,29,1,1,1,0,1,0,0.0
7,16,29,2,1,3,0,1,2,0.0
7,16,29,1,2,9,2,7,0,0.0
7,16,29,1,1,1,1,0,0,0.0
7,16,29,1,1,1,0,0,0,0.0
7,16,29,2,2,3,0,0,3,0.0
7,16,29,2,4,107,35,27,51,5.0
7,16,29,1,1,1,0,0,1,0.0
7,16,29,2,3,9,6,1,3,1.0
7,16,29,2,4,10,3,0,0,0.0
7,16,29,1,1,1,0,0,1,0.0
7,16,29,2,2,2,0,1,1,0.0
7,16,29,2,3,4,2,1,1,0.0
7,16,29,1,1,7,7,0,0,0.0
7,16,44,1,1,1,0,1,0,0.0
7,16,46,2,1,5,3,1,1,0.0
7,16,46,2,1,3,0,3,0,0.0
7,16,29,2,1,2,0,2,0,0.0
7,16,29,2,3,9,0,1,1,1.0
7,16,29,1,1,1,0,0,1,0.0
7,16,29,1,1,2,2,0,0,0.0
7,16,29,2,3,9,4,0,0,0.0
7,16,29,2,1,5,0,0,3,0.0
7,16,29,2,3,9,6,0,0,0.0
7,16,29,1,2,2,0,2,0,0.0
7,16,29,2,1,3,3,0,0,0.0
7,16,9,1,1,2,2,0,0,0.0
7,16,29,1,1,1,0,0,1,0.0
7,16,29,2,1,6,1,1,0,0.0
7,16,29,1,1,3,1,1,1,0.0
7,16,29,2,2,2,0,2,0,0.0
7,16,29,2,3,7,1,3,0,0.0
7,16,9,1,1,1,1,0,0,0.0
7,16,9,2,4,13,8,2,7,3.0
7,16,9,1,1,1,3,0,0,1.0
7,16,9,1,1,6,13,0,0,4.0
7,16,29,2,2,15,2,13,0,0.0
7,16,29,1,1,1,0,0,0,0.0
7,16,29,2,4,9,0,3,6,1.0
7,16,29,2,1,6,0,0,6,0.0
7,16,29,1,1,4,4,0,0,0.0
7,16,29,1,1,2,2,0,0,0.0
7,16,29,1,1,1,0,0,1,0.0
7,16,29,2,5,18,8,0,3,0.0
7,16,29,2,2,3,0,3,0,0.0
7,17,29,2,4,7,6,0,2,1.0
7,17,29,2,2,7,3,0,2,0.0
7,17,29,2,3,9,3,1,2,0.0
7,17,29,2,3,4,0,0,4,0.0
7,17,24,1,1,1,1,0,0,0.0
7,17,29,1,1,1,1,0,0,0.0
7,17,29,1,1,4,4,0,0,0.0
7,17,9,2,2,3,2,0,2,1.0
7,17,29,2,2,36,3,22,11,1.0
7,17,29,1,2,4,0,4,0,0.0
7,17,29,1,1,1,0,2,0,1.0
7,17,9,1,1,1,0,1,0,0.0
7,17,9,1,1,1,0,0,1,0.0
7,17,29,2,4,18,4,6,7,1.0
7,17,44,1,2,8,3,3,2,0.0
7,17,9,1,1,2,0,0,2,0.0
7,17,29,1,2,2,1,1,0,0.0
7,17,29,1,1,1,1,0,0,0.0
7,17,41,1,2,8,2,4,2,0.0
7,17,29,1,1,1,1,0,0,0.0
7,17,29,1,2,3,0,3,0,0.0
7,17,29,2,4,17,8,0,0,1.0
7,17,29,2,4,14,0,6,4,0.0
7,17,9,2,1,6,7,0,0,1.0
7,17,29,1,1,1,1,0,0,0.0
7,17,29,1,1,2,1,0,1,0.0
7,17,29,1,1,1,0,1,0,0.0
7,17,29,1,1,1,0,0,1,0.0
7,17,29,1,1,1,0,0,1,0.0
7,17,24,1,1,2,1,2,0,1.0
7,17,29,1,1,1,0,0,1,0.0
7,17,29,1,1,2,2,0,0,0.0
7,17,29,2,2,3,3,0,0,0.0
7,17,24,1,2,2,1,0,1,0.0
7,17,29,2,5,73,7,0,38,0.0
7,17,29,1,1,1,1,0,0,0.0
7,17,9,1,1,5,6,0,0,1.0
7,17,21,1,1,1,0,0,1,0.0
7,17,29,2,1,13,0,6,0,1.0
7,17,29,1,1,2,0,2,0,0.0
7,17,29,1,1,3,3,0,0,0.0
7,17,29,1,1,2,2,0,0,0.0
7,17,24,2,3,4,1,0,0,0.0
7,17,29,2,2,2,0,0,2,0.0
7,17,29,2,1,3,0,0,2,0.0
7,17,29,1,1,2,0,2,0,0.0
7,17,29,2,4,8,3,0,5,0.0
7,17,41,1,1,1,1,0,0,0.0
7,17,29,1,2,5,0,5,0,0.0
7,17,29,1,1,2,0,2,0,0.0
7,17,29,1,2,2,2,0,0,0.0
7,17,29,1,1,6,9,0,0,3.0
7,17,29,2,2,4,4,0,0,0.0
7,17,29,2,5,14,3,1,5,0.0
7,17,29,1,1,1,2,0,0,1.0
7,17,29,2,3,14,8,6,1,1.0
7,17,29,2,1,7,7,0,0,1.0
7,17,29,1,1,1,0,0,1,0.0
7,17,29,1,1,1,0,0,1,0.0
7,17,29,2,2,2,1,0,0,0.0
7,17,29,2,1,5,0,3,2,0.0
7,17,29,1,1,1,0,1,0,0.0
7,17,29,1,1,2,1,0,1,0.0
7,17,29,2,2,12,6,3,2,0.0
7,17,29,2,5,17,4,3,0,0.0
7,17,29,1,1,1,0,1,0,0.0
7,17,29,2,2,4,2,1,0,0.0
7,17,29,1,1,1,0,1,0,0.0
7,17,29,1,1,1,0,1,0,0.0
7,17,29,2,2,2,0,2,0,0.0
7,17,29,1,1,2,1,1,0,0.0
7,17,29,2,3,5,0,0,3,0.0
7,17,29,1,1,1,0,0,1,0.0
7,17,29,1,1,1,0,1,0,0.0
7,17,29,2,1,3,0,0,3,0.0
7,17,29,1,1,3,3,0,0,0.0
7,17,29,2,2,8,3,0,0,0.0
7,17,29,1,1,1,0,0,1,0.0
7,17,29,1,1,7,7,0,0,0.0
7,17,29,2,4,8,0,0,0,0.0
7,17,29,1,1,2,0,2,0,0.0
7,17,29,1,1,1,1,0,0,0.0
7,17,29,1,1,1,0,0,1,0.0
7,17,29,1,1,2,2,0,0,0.0
7,17,29,1,1,2,2,0,0,0.0
7,17,29,2,1,5,0,5,1,1.0
7,17,29,1,1,4,4,0,0,0.0
7,17,29,1,1,1,0,1,0,0.0
7,17,29,2,1,5,0,0,3,0.0
7,17,29,2,5,16,6,0,1,0.0
7,17,29,1,1,2,0,0,1,0.0
7,17,29,2,3,11,4,1,4,0.0
7,17,29,1,2,13,9,0,5,2.0
7,17,29,2,2,2,1,0,0,0.0
7,17,29,2,2,7,1,6,1,1.0
7,17,29,2,5,16,4,3,1,1.0
7,17,29,2,1,8,6,0,2,0.0
7,17,29,1,2,6,0,6,0,0.0
7,17,29,1,1,2,2,0,0,0.0
7,17,29,2,1,3,1,2,0,0.0
7,17,29,2,3,15,4,6,4,0.0
7,17,29,1,2,3,0,3,0,0.0
7,17,29,1,1,4,2,2,0,0.0
7,17,29,1,1,1,0,0,0,0.0
7,17,29,2,3,7,1,1,1,1.0
7,17,46,1,1,1,2,0,0,1.0
7,17,29,2,3,29,13,2,4,2.0
7,17,29,1,1,1,1,0,0,0.0
7,17,9,2,5,77,36,25,11,3.0
7,17,29,2,1,21,11,8,3,1.0
7,17,29,1,2,2,0,0,0,0.0
7,17,28,1,1,3,5,0,0,2.0
7,17,29,2,2,2,1,0,1,0.0
7,17,29,2,1,5,3,2,1,2.0
7,17,29,1,1,1,0,0,2,1.0
7,17,29,2,1,3,2,1,0,0.0
7,17,29,2,2,3,1,0,2,0.0
7,17,29,1,1,1,0,0,0,0.0
7,17,29,1,1,3,1,0,0,0.0
7,17,29,2,5,49,6,7,10,0.0
7,17,29,1,1,1,1,0,0,0.0
7,17,29,2,1,2,1,0,0,1.0
7,17,29,1,1,1,1,0,0,0.0
7,17,29,2,1,5,3,2,0,0.0
7,17,29,2,4,6,3,0,0,0.0
7,17,29,1,1,1,0,1,0,0.0
7,17,29,1,1,2,0,2,0,0.0
7,17,29,2,2,5,1,0,0,0.0
7,17,29,2,2,8,4,0,4,0.0
7,17,29,2,2,5,1,4,4,4.0
7,17,46,1,1,1,0,1,0,0.0
7,17,29,1,1,1,0,1,0,0.0
7,17,29,1,1,1,0,1,0,0.0
7,17,29,2,4,7,3,1,0,0.0
7,17,29,2,1,5,1,0,0,0.0
7,17,29,2,2,5,0,0,2,2.0
7,17,29,1,1,1,0,1,0,0.0
7,17,29,2,2,7,5,0,3,1.0
7,17,29,1,1,1,1,0,0,0.0
7,17,29,1,1,2,0,2,0,0.0
7,17,29,1,1,1,1,0,0,0.0
7,17,29,2,3,9,5,0,2,0.0
7,17,29,2,5,19,1,6,0,0.0
7,17,29,2,2,2,0,2,0,0.0
7,17,29,2,2,3,1,0,2,0.0
7,17,29,2,2,3,0,0,0,0.0
7,17,29,1,2,3,0,3,0,0.0
7,17,29,2,5,10,0,0,0,1.0
7,17,29,2,2,4,0,0,3,0.0
7,17,29,1,1,1,0,0,0,0.0
7,17,29,1,1,1,1,0,0,0.0
7,17,29,1,1,1,0,1,0,0.0
7,17,29,1,1,1,0,0,0,1.0
7,17,29,1,1,3,2,1,0,0.0
7,17,29,1,1,2,0,0,0,0.0
7,17,29,1,1,3,1,0,0,0.0
7,17,9,1,1,1,0,0,1,0.0
7,17,29,2,2,6,0,4,0,0.0
7,17,46,2,1,6,3,1,2,0.0
7,17,29,2,2,2,0,0,1,0.0
7,17,44,2,2,4,2,0,1,0.0
7,17,9,1,1,1,1,0,0,0.0
7,17,29,2,2,2,0,0,1,0.0
7,17,29,2,1,5,1,3,3,2.0
7,17,29,2,3,3,1,0,1,0.0
7,17,29,2,2,10,1,15,0,5.0
7,17,29,1,1,1,0,1,0,0.0
7,17,29,1,1,1,0,1,0,0.0
7,17,44,2,3,4,4,0,0,0.0
7,17,29,2,1,7,4,3,0,0.0
7,17,29,1,1,1,1,0,0,0.0
7,17,29,2,2,5,2,1,0,0.0
7,17,46,1,1,1,1,0,0,0.0
7,17,29,2,3,8,0,0,0,2.0
7,17,29,2,3,15,7,0,0,1.0
7,17,9,2,2,5,1,0,4,0.0
7,17,9,1,1,8,8,0,0,1.0
7,17,9,2,4,12,0,0,12,0.0
7,17,44,2,2,5,2,0,2,0.0
7,17,44,1,1,2,0,1,0,0.0
7,17,29,2,1,7,1,5,0,0.0
7,17,29,2,4,14,6,6,2,0.0
7,17,44,2,3,5,2,0,3,0.0
7,17,29,1,1,2,0,2,0,0.0
7,17,29,1,1,1,0,1,0,0.0
7,17,29,1,1,4,0,2,2,0.0
7,17,29,2,1,8,3,4,0,0.0
7,18,29,2,1,10,4,3,0,0.0
7,18,29,2,3,8,0,3,3,0.0
7,18,29,2,1,7,7,0,0,0.0
7,18,9,1,3,8,8,0,0,0.0
7,18,9,1,2,3,3,0,0,0.0
7,18,24,1,2,5,4,1,0,0.0
7,18,29,2,4,26,7,2,10,3.0
7,18,29,1,1,1,1,0,0,0.0
7,18,29,2,1,3,1,2,0,0.0
7,18,10,2,2,8,3,5,0,0.0
7,18,29,1,1,1,0,1,0,0.0
7,18,29,2,3,13,4,2,4,1.0
7,18,29,1,1,4,0,4,0,0.0
7,18,29,1,2,8,8,0,1,1.0
7,18,29,2,4,15,11,0,1,0.0
7,18,29,1,1,1,0,1,0,0.0
7,18,29,1,1,1,1,0,0,0.0
7,18,9,1,2,4,4,0,0,0.0
7,18,21,2,2,2,0,0,1,0.0
7,18,29,1,1,3,4,0,1,1.0
7,18,29,2,4,5,2,0,1,1.0
7,18,29,2,3,4,1,1,2,0.0
7,18,29,1,1,1,0,0,1,0.0
7,18,24,2,4,7,0,3,1,0.0
7,18,29,1,1,1,1,0,0,0.0
7,18,29,1,1,1,0,1,0,0.0
7,18,29,1,1,4,2,0,1,0.0
7,18,29,1,1,1,0,1,0,0.0
7,18,16,1,1,1,0,0,1,0.0
7,18,29,1,1,2,0,0,0,0.0
7,18,29,2,3,4,4,0,0,0.0
7,18,29,2,4,11,0,5,2,1.0
7,18,29,1,1,2,1,0,1,0.0
7,18,29,1,3,4,1,2,1,0.0
7,18,29,2,4,15,1,1,6,0.0
7,18,29,2,3,3,0,0,0,0.0
7,18,29,2,1,5,3,0,0,0.0
7,18,29,2,1,8,4,0,0,1.0
7,18,29,1,1,1,0,0,0,0.0
7,18,29,1,1,2,0,2,0,0.0
7,18,29,2,2,4,1,2,0,0.0
7,18,29,1,1,2,2,0,0,0.0
7,18,29,2,3,6,4,0,2,0.0
7,18,29,1,2,2,1,1,0,0.0
7,18,29,1,1,1,0,2,0,1.0
7,18,29,2,2,7,2,0,0,0.0
7,18,29,2,4,9,4,0,0,0.0
7,18,29,2,3,5,0,3,0,0.0
7,18,29,2,1,8,1,4,0,0.0
7,18,29,1,1,1,1,0,0,0.0
7,18,29,2,2,2,0,0,2,0.0
7,18,29,2,4,10,3,0,4,0.0
7,18,29,2,4,13,1,7,1,1.0
7,18,29,1,1,2,0,1,1,0.0
7,18,29,2,1,7,6,2,0,1.0
7,18,29,1,1,2,0,2,0,0.0
7,18,29,2,3,10,7,0,0,0.0
7,18,29,1,1,1,1,0,0,0.0
7,18,29,1,1,1,1,0,0,0.0
7,18,29,2,3,13,5,2,2,0.0
7,18,29,2,2,7,1,2,0,0.0
7,18,29,1,2,2,1,1,0,0.0
7,18,29,2,1,2,0,2,0,0.0
7,18,29,2,2,11,0,1,6,0.0
7,18,29,1,1,1,0,1,0,0.0
7,18,29,1,2,2,0,0,0,0.0
7,18,29,1,1,3,3,0,0,0.0
7,18,29,1,1,1,0,0,1,0.0
7,18,29,1,1,3,4,0,0,1.0
7,18,29,1,1,1,0,0,1,0.0
7,18,44,1,1,1,1,0,0,0.0
7,18,29,2,2,2,2,0,1,1.0
7,18,29,1,1,3,3,0,0,0.0
7,18,29,1,1,1,0,0,0,0.0
7,18,29,2,2,10,4,3,2,2.0
7,18,29,2,2,5,0,2,2,0.0
7,18,29,2,1,3,2,1,0,0.0
7,18,29,2,3,3,0,1,1,0.0
7,18,29,1,1,1,0,0,1,0.0
7,18,29,1,2,8,0,8,0,0.0
7,18,29,1,2,2,1,0,1,0.0
7,18,29,1,1,1,0,0,0,0.0
7,18,29,1,1,1,1,0,0,0.0
7,18,29,1,1,1,0,1,0,0.0
7,18,29,1,1,8,3,5,0,0.0
7,18,29,2,4,18,2,3,8,2.0
7,18,29,2,3,18,9,9,13,9.0
7,18,29,2,3,4,0,0,4,0.0
7,18,29,2,5,17,4,0,5,2.0
7,18,29,1,1,1,1,0,0,0.0
7,18,29,2,4,26,9,0,8,2.0
7,18,29,1,1,3,2,0,0,2.0
7,18,29,1,1,1,1,0,0,0.0
7,18,29,1,1,1,0,0,1,0.0
7,18,29,1,1,2,1,1,0,0.0
7,18,29,1,2,5,0,5,0,0.0
7,18,29,1,1,5,3,0,1,0.0
7,18,29,2,1,2,0,2,0,0.0
7,18,29,2,2,26,9,7,6,1.0
7,18,29,1,1,1,0,1,0,0.0
7,18,29,2,4,10,1,0,0,1.0
7,18,29,1,3,9,3,2,3,0.0
7,18,29,2,2,9,4,0,2,1.0
7,18,29,1,3,3,0,1,0,0.0
7,18,29,2,5,12,0,0,0,0.0
7,18,29,1,2,2,1,0,0,0.0
7,18,22,2,1,5,3,0,0,0.0
7,18,29,2,3,5,0,3,2,0.0
7,18,29,1,2,2,0,0,1,0.0
7,18,29,2,1,3,3,0,0,0.0
7,18,29,2,3,6,5,1,0,0.0
7,18,29,1,1,1,1,0,0,0.0
7,18,29,1,1,1,0,1,0,0.0
7,18,29,1,1,1,1,0,0,0.0
7,18,29,2,3,12,3,3,5,0.0
7,18,29,1,1,1,1,0,0,0.0
7,18,29,2,2,5,2,3,0,0.0
7,18,29,1,1,1,0,0,0,0.0
7,18,29,1,1,4,4,0,0,0.0
7,18,46,2,1,4,3,1,0,0.0
7,18,29,2,2,3,3,0,0,0.0
7,18,29,2,3,6,3,0,0,0.0
7,18,29,1,1,1,1,0,0,0.0
7,18,29,1,2,4,0,3,0,0.0
7,18,29,2,5,8,2,2,1,0.0
7,18,29,2,3,6,0,0,4,1.0
7,18,29,2,3,7,7,0,0,0.0
7,18,29,1,1,1,0,0,0,0.0
7,18,29,1,1,2,0,2,0,0.0
7,18,29,1,1,1,0,1,0,0.0
7,18,9,2,2,2,0,1,1,0.0
7,18,9,1,1,4,7,0,0,2.0
7,18,24,1,1,3,3,0,0,0.0
7,18,29,1,1,2,2,0,0,0.0
7,18,29,1,1,1,1,0,0,0.0
7,18,9,1,1,1,1,0,0,0.0
7,18,29,1,1,1,0,1,0,0.0
7,19,29,2,3,16,15,1,0,3.0
7,19,29,2,2,4,1,2,0,0.0
7,19,29,1,2,3,2,0,0,0.0
7,19,9,2,1,2,2,0,0,0.0
7,19,29,1,1,2,1,0,0,0.0
7,19,29,1,1,1,1,0,0,0.0
7,19,29,2,4,11,0,2,4,1.0
7,19,29,1,1,2,2,0,0,0.0
7,19,9,2,3,11,2,0,16,3.0
7,19,29,2,1,4,3,0,1,0.0
7,19,9,1,1,2,2,0,0,0.0
7,19,9,2,3,6,0,0,6,0.0
7,19,9,2,1,2,1,2,0,1.0
7,19,29,2,2,5,2,0,3,0.0
7,19,29,1,1,1,0,1,0,0.0
7,19,24,1,2,2,1,0,1,0.0
7,19,29,1,2,7,5,0,2,0.0
7,19,44,1,2,3,3,0,0,0.0
7,19,29,1,1,3,1,0,0,0.0
7,19,29,1,2,3,3,0,0,0.0
7,19,29,2,1,7,1,1,4,0.0
7,19,29,1,1,5,6,0,0,1.0
7,19,29,1,1,1,0,0,1,0.0
7,19,29,2,4,26,3,0,3,1.0
7,19,29,2,1,2,0,2,0,0.0
7,19,29,2,4,8,3,0,5,0.0
7,19,29,1,1,1,0,1,0,0.0
7,19,29,2,1,5,3,0,2,0.0
7,19,29,1,1,1,0,0,0,0.0
7,19,29,1,1,2,0,2,0,0.0
7,19,29,1,2,7,3,2,3,1.0
7,19,29,1,2,4,0,4,0,0.0
7,19,29,1,2,2,0,2,0,0.0
7,19,29,1,2,2,0,0,0,0.0
7,19,29,1,1,2,1,0,0,0.0
7,19,29,1,1,1,0,1,0,0.0
7,19,29,1,1,2,2,0,0,0.0
7,19,29,2,1,5,0,0,0,0.0
7,19,29,2,1,2,2,0,1,1.0
7,19,29,2,1,11,0,0,11,0.0
7,19,29,2,2,11,1,5,2,1.0
7,19,29,2,1,2,0,2,0,0.0
7,19,29,2,2,5,2,5,0,2.0
7,19,29,1,1,2,2,0,0,0.0
7,19,29,2,1,6,1,0,3,0.0
7,19,29,1,1,2,0,2,0,0.0
7,19,29,1,1,2,0,1,1,0.0
7,19,29,2,2,3,1,1,0,0.0
7,19,29,2,3,10,14,0,2,3.0
7,19,29,1,2,8,6,0,0,1.0
7,19,29,1,1,1,1,0,0,0.0
7,19,29,2,2,8,0,8,0,0.0
7,19,29,1,1,1,0,0,1,0.0
7,19,29,1,1,4,1,0,0,0.0
7,19,29,2,1,2,0,0,2,0.0
7,19,29,2,4,16,3,1,3,0.0
7,19,29,2,5,11,0,0,1,0.0
7,19,29,2,2,8,1,5,2,0.0
7,19,29,1,1,1,1,0,0,0.0
7,19,29,2,2,5,0,0,5,0.0
7,19,29,1,1,1,1,0,0,0.0
7,19,29,1,1,1,1,0,0,0.0
7,19,29,1,1,1,0,0,1,0.0
7,19,29,2,2,9,2,0,0,0.0
7,19,29,1,1,1,1,0,0,0.0
7,19,29,1,1,1,0,0,1,0.0
7,19,29,2,1,2,2,0,0,0.0
7,19,9,2,2,4,2,0,2,0.0
7,19,9,2,1,3,1,2,0,0.0
7,19,29,2,2,7,4,3,0,0.0
7,19,29,1,1,1,0,0,1,0.0
7,19,29,2,2,7,0,0,0,0.0
7,19,29,2,2,3,3,0,0,0.0
7,19,27,1,2,3,0,3,0,0.0
7,19,29,1,1,3,0,1,0,0.0
7,19,21,2,2,2,1,0,1,0.0
7,19,29,2,1,4,2,0,2,0.0
7,19,29,2,3,6,0,1,5,0.0
7,19,46,2,1,4,1,1,2,0.0
7,19,29,1,1,1,0,0,1,0.0
7,19,29,2,2,2,1,1,0,0.0
7,19,29,1,1,3,3,0,0,0.0
7,19,29,1,1,1,1,0,0,0.0
7,19,29,1,3,5,2,1,1,0.0
7,19,46,1,1,1,0,0,1,0.0
7,19,29,1,1,1,0,1,0,0.0
7,19,29,2,2,3,1,1,0,0.0
7,19,9,2,3,5,0,0,6,1.0
7,19,9,2,3,3,0,0,3,0.0
7,19,9,2,1,6,6,0,0,0.0
7,19,29,2,4,9,2,0,0,1.0
7,19,29,1,1,5,4,1,0,0.0
7,19,9,1,3,6,6,0,0,0.0
7,20,29,2,1,4,2,0,1,0.0
7,20,29,2,3,5,2,2,0,0.0
7,20,29,1,2,5,2,2,0,0.0
7,20,29,1,2,6,2,2,2,0.0
7,20,29,1,1,2,0,0,2,0.0
7,20,29,1,1,1,0,0,0,0.0
7,20,29,2,2,4,0,0,2,0.0
7,20,29,1,2,4,3,0,1,0.0
7,20,29,1,1,2,1,0,1,0.0
7,20,29,1,1,3,2,1,0,0.0
7,20,29,2,3,4,0,0,3,0.0
7,20,29,1,1,1,0,0,1,0.0
7,20,29,1,1,1,0,1,0,0.0
7,20,29,1,1,1,0,1,0,0.0
7,20,29,2,1,2,0,2,0,0.0
7,20,24,1,1,2,0,2,0,0.0
7,20,29,2,2,5,1,0,2,0.0
7,20,29,2,2,3,1,2,0,0.0
7,20,29,2,1,3,1,0,0,0.0
7,20,29,2,2,12,3,6,2,0.0
7,20,29,2,2,15,10,0,0,0.0
7,20,29,1,1,1,1,0,0,0.0
7,20,29,1,2,2,0,0,2,0.0
7,20,29,1,2,3,0,3,0,0.0
7,20,29,2,1,6,2,1,3,0.0
7,20,29,1,3,5,2,0,1,0.0
7,20,9,2,1,7,8,0,0,1.0
7,20,29,2,4,13,1,3,2,1.0
7,20,29,2,1,2,1,1,0,0.0
7,20,29,1,1,2,2,0,0,0.0
7,20,29,2,3,11,3,3,0,0.0
7,20,29,2,4,29,12,0,13,2.0
7,20,29,2,3,20,3,7,7,0.0
7,20,29,1,2,2,0,0,2,0.0
7,20,29,1,1,1,1,0,0,0.0
7,20,29,1,1,1,0,1,0,0.0
7,20,29,2,4,5,0,1,2,0.0
7,20,29,1,1,1,0,0,2,1.0
7,20,29,2,2,13,0,27,0,11.0
7,20,29,2,4,9,1,4,1,0.0
7,20,29,2,5,7,1,0,0,0.0
7,20,29,1,1,1,1,0,0,0.0
7,20,29,1,1,1,0,0,0,0.0
7,20,29,2,2,10,3,0,5,0.0
7,20,29,2,5,14,1,2,0,0.0
7,20,29,1,2,2,2,0,0,0.0
7,20,29,1,2,2,0,2,0,0.0
7,20,29,2,3,16,2,10,0,0.0
7,20,29,2,5,22,1,0,8,0.0
7,20,29,1,4,8,2,3,1,0.0
7,20,29,2,4,8,3,0,0,1.0
7,20,29,2,4,5,1,0,4,0.0
7,20,29,1,1,1,0,1,0,0.0
7,20,29,1,1,1,0,1,0,0.0
7,20,29,2,1,2,1,1,0,0.0
7,20,29,2,2,6,1,4,1,0.0
7,20,29,1,3,7,8,0,0,1.0
7,20,29,2,2,6,2,3,0,0.0
7,20,29,2,5,20,16,0,0,4.0
7,20,29,2,4,15,0,3,8,0.0
7,20,29,2,3,4,0,0,4,0.0
7,20,29,1,2,5,1,2,0,0.0
7,20,29,1,1,8,3,2,2,0.0
7,20,29,2,5,17,2,0,2,0.0
7,20,29,1,1,1,2,0,0,1.0
7,20,29,1,1,2,0,2,0,0.0
7,20,29,1,3,7,4,3,0,0.0
7,20,29,2,2,3,2,0,1,0.0
7,20,29,1,1,2,2,0,0,0.0
7,20,29,1,3,6,0,2,0,0.0
7,20,29,1,1,2,0,2,0,0.0
7,20,29,2,2,2,0,0,2,0.0
7,20,29,1,1,1,0,2,0,1.0
7,20,29,1,1,3,0,0,1,0.0
7,20,29,2,1,3,1,3,0,1.0
7,20,29,2,1,3,0,3,0,0.0
7,20,29,2,1,2,1,0,0,0.0
7,20,29,2,1,2,2,0,0,0.0
7,20,29,2,1,2,0,0,0,0.0
7,20,29,2,1,2,0,2,0,0.0
7,20,29,2,3,8,6,1,1,0.0
7,20,29,1,1,3,0,5,0,2.0
7,20,46,2,2,2,0,2,0,0.0
7,20,29,2,1,3,0,3,0,0.0
7,20,29,2,4,8,2,1,0,0.0
7,20,29,1,2,4,1,3,0,0.0
7,20,29,2,3,9,1,3,6,2.0
7,20,29,2,1,3,0,1,1,1.0
7,20,29,1,1,1,0,1,0,0.0
7,20,29,1,1,1,1,0,0,0.0
7,20,29,1,1,4,3,0,0,0.0
7,20,29,1,1,1,0,1,0,0.0
7,20,29,1,1,4,0,2,2,0.0
7,20,29,2,3,3,0,1,2,0.0
7,20,29,2,4,10,0,0,10,0.0
7,20,29,1,1,2,1,0,1,0.0
7,20,29,1,1,1,1,0,0,0.0
7,20,29,2,4,16,12,0,0,3.0
7,20,44,2,3,4,1,0,2,0.0
7,20,29,2,4,8,0,0,3,2.0
7,20,29,1,1,6,4,1,0,0.0
7,20,29,2,1,4,2,0,0,0.0
7,20,29,2,1,3,0,3,0,0.0
7,20,29,2,1,4,1,0,0,0.0
7,20,29,2,3,9,3,0,4,0.0
7,20,29,2,1,12,14,0,0,2.0
7,20,29,1,1,1,1,0,0,0.0
7,20,29,2,4,11,0,1,3,1.0
7,20,46,1,1,1,0,0,1,0.0
7,20,46,1,1,1,1,0,0,0.0
7,20,29,2,1,4,2,2,1,1.0
7,20,21,1,1,2,3,0,0,1.0
7,20,29,1,1,1,0,0,1,0.0
7,20,29,2,1,6,0,0,6,0.0
7,20,24,2,1,7,0,4,3,0.0
7,20,46,2,1,4,3,0,1,0.0
7,20,29,1,1,1,0,0,1,0.0
7,20,29,1,2,4,4,0,0,0.0
7,20,29,1,2,3,0,0,2,0.0
7,20,29,1,2,2,0,0,2,0.0
7,20,46,1,1,1,1,0,0,0.0
7,20,29,1,1,4,1,0,0,0.0
7,20,29,1,3,4,0,1,1,0.0
7,20,29,1,1,1,1,0,0,0.0
7,20,29,2,3,9,1,6,0,0.0
7,20,29,2,1,3,0,3,0,0.0
7,20,29,2,3,30,13,11,1,0.0
7,20,29,1,2,3,3,0,0,0.0
7,20,29,1,3,5,2,0,3,0.0
7,20,29,1,1,3,3,0,0,0.0
7,20,29,2,4,8,2,3,3,0.0
7,21,29,1,2,6,0,5,0,0.0
7,21,29,2,2,11,4,6,1,0.0
7,21,29,1,1,1,0,1,0,0.0
7,21,29,2,1,8,4,3,1,0.0
7,21,9,1,3,12,0,6,6,0.0
7,21,29,1,1,1,1,0,0,0.0
7,21,16,1,1,2,2,0,0,0.0
7,21,29,1,1,2,2,0,0,0.0
7,21,29,1,1,2,2,0,0,0.0
7,21,9,1,1,3,3,0,0,0.0
7,21,38,1,3,7,7,13,0,4.0
7,21,29,1,1,3,0,3,0,0.0
7,21,29,1,1,1,0,0,1,0.0
7,21,29,2,3,12,4,3,5,0.0
7,21,39,2,2,4,1,1,0,0.0
7,21,9,2,3,10,6,0,4,0.0
7,21,9,2,3,6,0,0,6,0.0
7,21,29,2,3,7,0,0,0,0.0
7,21,29,2,2,2,0,0,1,0.0
7,21,24,2,5,20,5,2,11,4.0
7,21,44,2,2,2,0,0,0,0.0
7,21,29,1,1,1,0,0,1,0.0
7,21,24,2,3,10,4,4,0,0.0
7,21,16,2,2,7,5,2,0,1.0
7,21,29,2,3,3,0,0,1,0.0
7,21,29,2,4,8,1,0,2,0.0
7,21,29,2,3,3,0,0,3,0.0
7,21,41,2,2,2,0,0,0,0.0
7,21,20,2,2,4,0,2,5,3.0
7,21,9,1,2,2,0,0,2,0.0
7,21,29,2,1,2,2,0,0,0.0
7,21,9,2,3,6,5,0,1,0.0
7,21,9,1,1,2,1,0,1,0.0
7,21,9,2,1,2,0,3,0,1.0
7,21,29,2,1,3,3,0,0,0.0
7,21,29,1,1,4,3,0,1,0.0
7,21,29,1,2,7,7,0,0,0.0
7,21,29,1,1,2,0,0,0,0.0
7,21,29,1,1,1,1,0,0,0.0
7,21,24,1,1,2,0,2,0,0.0
7,21,29,2,4,5,3,0,2,0.0
7,21,9,2,3,7,1,0,6,0.0
7,21,24,1,2,5,1,3,1,0.0
7,21,29,1,2,4,4,0,0,0.0
7,21,29,1,2,5,3,2,0,0.0
7,21,29,1,1,5,4,0,0,0.0
7,21,29,1,1,1,1,0,0,0.0
7,21,41,1,1,1,0,1,0,0.0
7,21,29,2,4,7,0,0,0,0.0
7,21,24,1,2,7,10,0,0,4.0
7,21,24,1,1,1,0,0,0,0.0
7,21,24,2,4,8,2,0,0,0.0
7,21,9,2,4,14,10,0,4,0.0
7,21,9,1,1,1,0,0,1,0.0
7,21,29,2,1,10,3,0,7,1.0
7,21,29,1,1,1,1,0,0,0.0
7,21,29,2,1,9,4,4,2,1.0
7,21,29,1,1,6,6,0,0,0.0
7,21,29,1,1,4,4,0,0,0.0
7,21,29,2,1,4,2,0,2,0.0
7,21,29,1,1,1,0,0,0,1.0
7,21,29,1,1,1,1,0,0,0.0
7,21,29,1,1,1,0,0,1,0.0
7,21,29,1,2,3,0,0,0,0.0
7,21,29,1,1,1,2,0,0,1.0
7,21,29,1,2,3,0,0,0,0.0
7,21,29,1,1,1,0,1,0,0.0
7,21,29,2,3,6,0,0,3,0.0
7,21,29,1,1,1,0,1,0,0.0
7,21,29,1,1,4,3,0,1,0.0
7,21,29,1,2,3,0,0,0,0.0
7,21,29,1,1,1,0,0,0,0.0
7,21,29,1,2,2,1,0,0,0.0
7,21,29,2,2,11,0,8,0,0.0
7,21,9,1,2,10,9,0,1,0.0
7,21,29,1,1,1,1,0,0,0.0
7,21,29,2,2,4,0,0,0,0.0
7,21,29,1,1,2,1,0,1,0.0
7,21,29,2,4,11,0,1,9,0.0
7,21,29,2,3,7,0,0,0,0.0
7,21,29,2,2,5,1,0,2,0.0
7,21,29,1,1,1,2,0,0,1.0
7,21,29,1,2,2,0,0,1,0.0
7,21,29,1,2,2,0,6,0,1.0
7,21,29,2,4,10,0,3,2,0.0
7,21,29,2,3,7,1,0,1,0.0
7,21,29,2,2,6,6,0,0,0.0
7,21,29,1,1,1,1,0,0,0.0
7,21,29,2,4,5,0,2,0,0.0
7,21,29,2,2,4,2,0,2,0.0
7,21,29,2,2,16,6,0,0,1.0
7,21,29,2,3,6,1,0,2,0.0
7,21,29,1,2,3,3,0,0,0.0
7,21,29,1,1,1,0,0,1,0.0
7,21,29,2,3,10,8,1,0,0.0
7,21,29,2,4,11,0,0,6,0.0
7,21,29,2,2,2,1,0,1,0.0
7,21,29,1,2,4,4,0,0,0.0
7,21,29,2,4,9,5,0,1,0.0
7,21,29,2,3,6,0,2,4,0.0
7,21,29,2,1,5,0,0,5,0.0
7,21,29,2,1,2,0,3,0,1.0
7,21,29,2,2,9,5,2,2,1.0
7,21,29,1,1,1,1,0,0,0.0
7,21,29,1,1,5,5,0,0,0.0
7,21,29,2,4,9,3,0,2,0.0
7,21,24,1,1,1,0,0,0,0.0
7,21,29,1,2,2,0,1,1,0.0
7,21,29,2,4,17,0,2,0,1.0
7,21,29,2,1,2,0,0,0,1.0
7,21,29,1,2,2,1,0,1,0.0
7,21,29,1,1,1,1,0,0,0.0
7,21,29,1,1,3,2,0,0,0.0
7,21,9,2,4,9,3,2,5,1.0
7,21,29,1,2,7,3,0,1,0.0
7,21,29,1,1,1,1,0,0,0.0
7,21,29,1,1,2,0,2,0,0.0
7,21,29,2,2,2,0,0,2,0.0
7,21,29,1,1,1,1,0,0,0.0
7,21,29,2,2,5,0,7,0,1.0
7,21,29,1,1,1,1,0,0,0.0
7,21,29,2,1,3,3,0,0,0.0
7,21,29,2,3,4,1,0,3,0.0
7,21,29,1,1,1,0,0,1,0.0
7,21,9,2,3,8,3,2,3,0.0
7,21,29,2,2,6,0,6,0,0.0
7,21,29,2,3,8,8,0,0,0.0
7,21,29,1,1,1,0,1,0,0.0
7,21,29,2,4,8,0,0,0,0.0
7,21,29,2,5,14,0,0,0,1.0
7,21,29,2,5,14,2,1,4,0.0
7,21,29,1,1,1,0,0,0,0.0
7,21,29,2,2,5,1,1,7,2.0
7,21,29,1,2,3,2,0,1,0.0
7,21,29,1,1,2,1,0,0,1.0
7,21,29,2,1,5,2,2,0,0.0
7,21,29,1,1,4,4,0,0,0.0
7,21,29,2,1,2,0,2,0,0.0
7,21,29,2,2,3,0,0,3,0.0
7,21,29,1,1,1,0,0,1,0.0
7,21,29,1,1,1,0,0,1,0.0
7,21,24,1,1,1,1,0,0,0.0
7,21,29,1,1,1,0,1,0,0.0
7,21,29,2,1,3,0,3,0,0.0
7,21,29,2,1,4,0,4,0,0.0
7,21,29,1,1,1,0,1,0,0.0
7,21,29,1,1,2,0,0,0,0.0
7,21,29,1,1,1,1,0,0,0.0
7,21,29,1,2,3,1,2,0,0.0
7,21,2,2,3,4,0,0,4,0.0
7,21,29,1,1,2,0,2,0,0.0
7,21,29,1,1,2,1,0,0,0.0
7,21,29,1,1,1,0,0,0,0.0
7,21,29,2,3,59,35,24,0,0.0
7,21,29,1,1,2,2,0,0,0.0
7,21,24,1,1,1,1,0,0,0.0
7,21,29,2,2,4,0,2,0,0.0
7,21,29,2,5,21,1,0,13,2.0
7,21,29,1,1,2,2,0,0,0.0
7,21,29,2,4,32,13,12,3,1.0
7,21,29,2,1,6,3,0,1,0.0
7,21,29,1,1,1,0,0,1,0.0
7,21,29,1,1,1,0,1,0,0.0
7,21,29,2,4,19,3,7,5,0.0
7,21,29,2,1,2,0,0,0,0.0
7,21,29,2,4,11,0,2,3,0.0
7,21,29,2,1,8,1,4,3,0.0
7,21,29,1,1,1,1,0,0,0.0
7,21,29,1,1,2,3,0,0,1.0
7,21,29,2,1,4,4,0,0,0.0
7,21,29,2,3,3,3,0,0,0.0
7,21,9,2,2,2,0,1,1,0.0
7,21,29,1,1,1,1,0,0,0.0
7,21,29,2,3,11,10,2,1,2.0
7,21,29,1,1,1,1,0,0,0.0
7,21,29,1,1,1,1,0,0,0.0
7,21,29,1,1,1,0,0,0,0.0
7,21,9,1,1,2,2,0,0,0.0
7,21,9,1,1,3,3,0,0,0.0
7,21,24,1,1,4,5,0,0,1.0
7,21,9,1,1,3,3,0,0,0.0
7,21,29,2,4,15,0,0,3,0.0
7,21,9,1,1,1,1,0,0,0.0
7,21,46,2,1,4,0,1,3,0.0
7,21,9,1,1,2,2,0,0,0.0
7,21,29,1,1,1,1,0,0,0.0
7,21,29,1,1,4,3,0,0,0.0
7,21,29,1,1,3,1,1,1,0.0
7,21,9,1,1,1,1,0,0,0.0
7,21,29,2,1,2,0,1,1,0.0
7,21,9,2,2,9,0,9,0,0.0
7,21,46,2,3,8,0,0,4,1.0
7,21,29,1,1,1,0,1,0,0.0
7,21,29,2,2,9,0,10,1,2.0
7,21,9,2,2,3,3,0,0,0.0
7,21,29,1,1,1,0,0,2,1.0
7,21,9,1,3,5,5,0,1,1.0
7,21,9,2,4,6,1,1,5,1.0
7,21,24,1,1,3,3,0,0,0.0
7,21,29,1,1,2,0,0,2,0.0
7,21,29,2,1,2,2,0,0,0.0
7,21,29,2,1,6,4,0,0,0.0
7,21,29,1,1,1,1,0,0,0.0
7,21,29,1,3,6,0,9,2,4.0
7,21,29,1,1,1,0,0,0,0.0
7,21,29,2,3,20,4,11,2,0.0
7,22,29,1,1,2,0,0,2,0.0
7,22,29,1,2,2,1,0,1,0.0
7,22,29,2,3,7,0,0,0,3.0
7,22,29,2,1,6,4,2,0,0.0
7,22,9,1,1,1,0,0,1,0.0
7,22,29,2,3,3,0,0,0,0.0
7,22,29,2,3,13,1,6,2,1.0
7,22,29,1,1,1,1,0,0,0.0
7,22,41,2,3,9,2,2,5,0.0
7,22,29,2,3,17,1,7,8,0.0
7,22,32,2,2,2,1,0,1,0.0
7,22,24,1,2,3,0,3,0,0.0
7,22,9,2,1,5,4,1,0,0.0
7,22,29,2,2,6,3,1,0,0.0
7,22,9,1,1,1,1,0,0,0.0
7,22,29,1,1,2,1,0,1,0.0
7,22,29,2,1,9,11,3,0,4.0
7,22,29,1,3,6,6,1,0,2.0
7,22,24,2,3,4,1,0,3,0.0
7,22,29,2,2,15,3,9,2,0.0
7,22,29,1,1,2,0,0,2,0.0
7,22,9,2,2,2,1,0,1,0.0
7,22,29,2,3,9,2,0,0,0.0
7,22,41,1,2,2,2,0,0,0.0
7,22,29,2,3,3,0,0,2,0.0
7,22,29,2,4,29,4,13,7,0.0
7,22,29,1,2,2,0,2,0,0.0
7,22,29,2,1,2,0,3,0,1.0
7,22,29,2,2,3,1,1,1,0.0
7,22,29,1,1,2,0,0,0,0.0
7,22,29,2,2,2,0,0,0,0.0
7,22,36,2,3,8,0,5,5,2.0
7,22,29,2,2,3,0,3,0,0.0
7,22,29,2,4,16,5,0,6,0.0
7,22,29,2,3,7,4,0,2,0.0
7,22,29,2,5,11,5,3,2,0.0
7,22,9,2,2,2,2,0,0,0.0
7,22,9,2,2,4,0,0,4,0.0
7,22,28,1,1,2,2,0,0,0.0
7,22,29,2,1,9,0,9,0,0.0
7,22,24,1,1,1,0,0,1,0.0
7,22,29,2,4,9,2,0,7,0.0
7,22,29,1,1,1,0,0,0,0.0
7,22,29,2,4,6,3,0,0,1.0
7,22,29,1,1,1,0,1,0,0.0
7,22,9,1,1,1,1,0,0,0.0
7,22,24,1,3,7,7,0,0,0.0
7,22,29,2,3,5,0,0,2,0.0
7,22,16,1,1,1,1,0,0,0.0
7,22,29,2,2,5,0,0,0,0.0
7,22,29,2,2,7,5,1,0,0.0
7,22,29,2,4,12,2,0,6,0.0
7,22,29,2,4,5,2,0,3,0.0
7,22,29,1,1,2,0,2,0,0.0
7,22,29,2,3,5,2,1,0,1.0
7,22,29,2,3,16,21,0,0,4.0
7,22,29,1,1,1,1,0,0,0.0
7,22,29,1,1,1,0,0,1,0.0
7,22,29,1,1,7,4,2,1,0.0
7,22,29,1,1,2,0,2,0,0.0
7,22,29,1,1,1,0,0,1,0.0
7,22,29,1,2,3,0,1,1,1.0
7,22,29,1,2,3,0,0,1,0.0
7,22,29,2,2,2,1,0,1,0.0
7,22,29,1,1,1,0,0,1,0.0
7,22,29,2,2,6,2,2,0,1.0
7,22,29,2,4,9,0,0,0,3.0
7,22,29,1,1,1,0,2,0,1.0
7,22,29,2,2,6,1,3,2,0.0
7,22,29,1,1,1,0,1,0,0.0
7,22,29,1,1,1,0,1,0,0.0
7,22,29,2,5,14,3,2,4,0.0
7,22,29,1,1,2,1,1,0,0.0
7,22,29,2,5,18,2,4,3,2.0
7,22,29,2,1,4,3,1,0,0.0
7,22,29,1,1,3,2,0,0,0.0
7,22,29,1,1,1,2,0,0,1.0
7,22,29,2,4,11,5,0,5,2.0
7,22,29,1,2,2,2,0,0,0.0
7,22,29,1,1,2,0,2,0,0.0
7,22,29,1,1,2,0,1,0,0.0
7,22,29,1,1,1,0,1,0,0.0
7,22,29,1,2,9,2,7,0,0.0
7,22,29,1,1,1,0,1,0,0.0
7,22,29,1,1,1,0,0,0,0.0
7,22,29,2,2,9,6,3,0,0.0
7,22,29,1,1,2,2,0,0,0.0
7,22,29,1,1,1,1,0,0,0.0
7,22,29,1,1,1,0,0,0,0.0
7,22,41,1,1,2,1,2,0,1.0
7,22,29,2,2,4,1,1,2,0.0
7,22,29,2,3,15,3,5,6,0.0
7,22,29,2,2,10,5,3,0,0.0
7,22,29,2,1,2,2,0,0,0.0
7,22,29,2,3,4,0,0,0,1.0
7,22,29,1,2,2,0,0,1,0.0
7,22,29,2,2,4,2,1,0,0.0
7,22,29,1,3,8,3,0,5,0.0
7,22,29,2,3,6,6,0,0,0.0
7,22,29,2,4,15,9,0,2,0.0
7,22,29,2,3,3,0,0,1,0.0
7,22,29,2,4,21,6,4,9,0.0
7,22,29,1,2,2,0,2,0,0.0
7,22,29,2,1,3,1,0,0,0.0
7,22,29,1,1,2,3,0,0,1.0
7,22,29,2,1,4,2,0,0,0.0
7,22,29,2,1,7,0,2,2,0.0
7,22,29,2,3,8,0,2,8,2.0
7,22,29,1,1,1,0,0,2,1.0
7,22,29,1,1,5,5,0,0,0.0
7,22,29,1,2,2,0,0,0,0.0
7,22,29,2,1,5,5,0,0,0.0
7,22,29,1,1,1,0,0,0,0.0
7,22,29,2,4,11,0,4,0,2.0
7,22,29,2,3,5,0,0,5,0.0
7,22,29,1,1,1,0,1,0,0.0
7,22,29,2,1,8,0,7,0,1.0
7,22,29,2,1,15,0,2,13,0.0
7,22,29,2,3,6,0,4,1,0.0
7,22,29,1,1,4,2,1,1,0.0
7,22,29,2,4,9,2,0,6,0.0
7,22,29,2,2,5,5,0,0,0.0
7,22,29,1,3,3,1,1,1,0.0
7,22,29,1,1,1,0,0,0,0.0
7,22,29,2,3,5,0,0,4,0.0
7,22,29,1,1,1,0,1,0,0.0
7,22,29,1,1,4,0,4,0,0.0
7,22,29,1,1,1,0,1,0,0.0
7,22,29,1,1,1,0,0,2,1.0
7,22,29,1,2,2,1,0,1,0.0
7,22,29,2,1,3,1,1,1,0.0
7,22,29,1,1,3,2,1,0,0.0
7,22,9,1,1,1,0,1,0,0.0
7,22,15,1,1,1,1,0,0,0.0
7,22,29,1,1,4,3,0,0,0.0
7,22,29,1,1,1,0,0,1,0.0
7,22,29,1,1,1,0,0,0,0.0
7,22,29,1,1,1,1,0,0,0.0
7,22,9,1,1,1,1,0,0,0.0
7,22,29,2,4,21,3,0,13,0.0
7,22,29,2,2,3,0,0,3,0.0
7,22,29,2,3,6,0,0,0,0.0
7,22,29,1,1,1,0,0,1,0.0
7,22,29,1,1,1,0,0,0,0.0
7,22,29,2,3,4,0,5,0,2.0
7,22,29,2,2,3,3,0,0,0.0
7,22,29,2,3,9,4,0,3,1.0
7,22,44,2,2,11,3,4,1,0.0
7,22,29,2,4,30,15,0,0,7.0
7,22,29,1,1,1,0,0,1,0.0
7,22,29,1,1,1,1,0,0,0.0
7,22,29,2,1,3,0,0,3,0.0
7,22,29,2,5,9,3,0,0,0.0
7,22,29,1,2,2,0,2,0,0.0
7,22,29,2,4,9,0,3,4,0.0
7,22,29,2,4,4,0,0,3,0.0
7,22,29,2,1,15,3,3,0,1.0
7,22,29,2,1,4,1,0,0,0.0
7,22,29,1,1,1,0,1,0,0.0
7,22,29,2,1,4,1,0,3,0.0
7,22,29,2,1,6,0,6,0,0.0
7,22,29,2,1,6,3,3,1,1.0
7,22,44,2,4,8,4,1,0,1.0
7,22,29,1,3,13,9,3,0,0.0
7,22,29,2,3,6,1,1,0,0.0
7,22,29,2,2,6,4,1,0,0.0
7,22,29,1,1,1,1,0,0,0.0
7,22,9,2,3,12,5,3,4,0.0
7,22,9,1,1,4,4,0,0,0.0
7,22,21,1,1,2,2,0,0,0.0
7,22,29,1,1,2,0,2,0,0.0
7,22,29,1,2,2,0,0,2,0.0
7,22,9,1,1,1,0,0,1,0.0
7,22,46,1,1,2,2,0,0,0.0
7,22,29,2,4,27,1,0,3,3.0
7,22,29,2,5,19,2,2,1,0.0
7,22,46,2,1,2,0,2,0,0.0
7,22,29,2,3,11,0,2,0,1.0
7,22,29,2,4,8,0,0,3,0.0
7,22,29,2,2,7,2,2,0,0.0
7,22,29,2,1,4,0,2,0,0.0
7,22,29,1,1,2,1,0,1,0.0
7,22,29,2,1,5,0,0,4,0.0
7,22,29,1,1,1,0,2,0,1.0
7,22,9,1,1,1,0,0,1,0.0
7,22,46,2,2,2,0,1,0,0.0
7,22,9,2,2,2,2,0,0,0.0
7,22,29,2,4,12,3,0,12,2.0
7,22,29,2,2,2,0,0,2,0.0
7,22,9,1,2,5,5,0,0,0.0
7,22,29,2,2,6,0,4,0,0.0
7,22,29,1,1,1,1,0,0,0.0
7,22,9,1,1,3,4,0,0,1.0
7,22,24,2,5,82,27,19,34,11.0
7,22,29,2,1,2,0,2,0,0.0
7,22,29,1,1,1,0,1,0,0.0
7,22,29,1,1,1,0,0,0,0.0
7,22,29,2,1,2,1,0,1,0.0
7,22,29,1,1,1,1,0,0,0.0
7,22,29,2,3,6,0,3,3,0.0
7,22,29,2,1,3,0,1,0,0.0
7,22,9,1,1,1,0,0,2,1.0
7,22,29,2,3,17,3,1,11,0.0
7,22,29,1,1,1,0,1,0,0.0
7,22,29,1,2,4,4,0,0,0.0
7,22,29,2,2,2,1,0,0,0.0
7,23,9,2,1,4,0,2,2,0.0
7,23,22,1,1,1,1,0,0,0.0
7,23,29,1,1,1,0,1,0,0.0
7,23,29,1,1,1,0,0,0,0.0
7,23,29,2,5,13,0,0,6,0.0
7,23,29,2,3,7,5,0,4,2.0
7,23,9,1,1,10,8,0,2,0.0
7,23,29,2,1,2,0,1,1,0.0
7,23,10,2,2,6,1,3,2,0.0
7,23,24,2,1,2,2,0,0,0.0
7,23,29,2,4,9,1,0,8,0.0
7,23,29,1,2,4,2,0,2,0.0
7,23,41,2,5,12,2,5,2,0.0
7,23,34,2,5,7,0,0,0,0.0
7,23,29,1,1,1,1,0,0,0.0
7,23,29,1,1,3,2,0,0,0.0
7,23,29,1,1,1,0,1,0,0.0
7,23,9,2,2,2,0,0,2,0.0
7,23,9,1,1,6,5,0,1,0.0
7,23,29,2,2,5,1,2,3,1.0
7,23,29,1,1,1,0,1,0,0.0
7,23,29,1,1,1,0,1,0,0.0
7,23,29,2,3,4,0,1,1,0.0
7,23,29,2,5,12,1,2,2,1.0
7,23,29,1,1,1,0,0,0,0.0
7,23,9,1,1,1,0,0,1,0.0
7,23,29,1,1,2,1,0,0,0.0
7,23,41,2,1,2,0,2,0,0.0
7,23,29,1,2,2,2,0,0,0.0
7,23,29,2,4,20,6,3,5,2.0
7,23,29,2,4,8,2,0,2,0.0
7,23,21,1,1,3,5,0,0,2.0
7,23,29,1,1,1,1,0,0,0.0
7,23,29,2,2,6,3,2,1,0.0
7,23,29,1,1,1,0,0,0,0.0
7,23,29,1,3,6,4,1,1,0.0
7,23,29,2,2,3,1,0,0,0.0
7,23,29,1,1,5,4,0,1,0.0
7,23,29,2,2,3,3,0,0,0.0
7,23,29,2,2,2,1,0,0,0.0
7,23,29,1,1,2,2,1,0,1.0
7,23,29,1,2,3,2,0,0,0.0
7,23,29,1,2,3,1,2,0,0.0
7,23,29,2,3,6,6,0,0,0.0
7,23,29,1,2,5,5,0,0,0.0
7,23,29,1,1,3,1,0,1,0.0
7,23,29,2,1,7,2,1,4,0.0
7,23,29,1,1,1,1,0,0,0.0
7,23,29,1,1,3,3,0,0,0.0
7,23,29,2,4,22,3,0,8,0.0
7,23,29,2,2,3,0,3,0,0.0
7,23,29,1,1,2,2,0,0,0.0
7,23,29,2,3,7,0,0,7,0.0
7,23,29,2,3,11,2,6,3,0.0
7,23,29,1,3,7,5,0,0,0.0
7,23,29,1,1,1,0,1,0,0.0
7,23,29,2,1,10,3,2,5,0.0
7,23,29,1,1,1,0,1,0,0.0
7,23,29,1,1,1,0,0,0,0.0
7,23,29,2,3,11,4,4,3,0.0
7,23,29,2,2,3,0,1,2,0.0
7,23,29,1,1,1,0,1,0,0.0
7,23,29,2,3,7,0,2,4,0.0
7,23,29,2,5,14,1,0,3,1.0
7,23,29,1,1,1,0,0,1,0.0
7,23,29,2,3,12,0,7,2,0.0
7,23,29,2,3,10,7,2,5,4.0
7,23,29,2,3,3,0,1,0,0.0
7,23,29,1,1,4,2,0,1,0.0
7,23,29,2,3,11,7,2,2,0.0
7,23,29,2,3,4,2,0,2,0.0
7,23,29,2,2,2,0,0,0,0.0
7,23,29,2,3,4,2,0,2,0.0
7,23,29,2,1,4,3,0,1,0.0
7,23,29,2,1,10,6,5,1,3.0
7,23,29,1,2,7,7,0,0,0.0
7,23,16,2,3,5,0,1,3,0.0
7,23,29,1,1,2,2,0,0,0.0
7,23,29,1,1,5,3,0,1,0.0
7,23,29,1,1,3,1,1,1,0.0
7,23,29,2,3,8,5,0,0,0.0
7,23,29,1,1,1,1,0,0,0.0
7,23,29,1,2,4,2,2,0,0.0
7,23,29,1,1,5,2,0,1,0.0
7,23,29,1,1,3,3,0,0,0.0
7,23,29,1,2,2,1,0,1,0.0
7,23,29,2,2,3,0,0,0,0.0
7,23,29,1,2,4,4,0,0,0.0
7,23,29,2,4,12,0,0,5,1.0
7,23,29,1,1,2,0,1,0,1.0
7,23,29,2,3,9,0,2,7,2.0
7,23,29,1,1,2,0,0,1,0.0
7,23,29,2,1,5,1,3,0,0.0
7,23,29,2,2,4,0,4,0,0.0
7,23,29,1,2,6,0,6,0,0.0
7,23,29,2,3,4,0,0,0,0.0
7,23,29,2,4,20,4,8,8,0.0
7,23,29,2,3,6,0,3,4,1.0
7,23,29,2,1,2,0,2,0,0.0
7,23,29,1,1,1,0,0,1,0.0
7,23,29,1,1,1,0,0,0,0.0
7,23,29,1,1,4,4,0,0,0.0
7,23,29,1,1,1,0,1,0,0.0
7,23,29,2,2,3,0,1,0,0.0
7,23,29,1,1,2,1,0,0,1.0
7,23,29,2,1,2,2,0,0,0.0
7,23,29,1,1,2,1,1,0,0.0
7,23,29,2,5,24,4,5,2,0.0
7,23,29,2,2,3,1,0,0,0.0
7,23,29,2,3,10,7,0,2,0.0
7,23,29,1,1,1,0,0,0,0.0
7,23,29,1,1,2,2,0,0,0.0
7,23,29,2,5,15,2,1,5,0.0
7,23,29,2,2,3,2,0,0,0.0
7,23,29,1,2,3,0,2,1,0.0
7,23,29,1,1,2,2,0,0,0.0
7,23,29,1,2,4,0,0,4,0.0
7,23,29,2,3,10,0,0,0,1.0
7,23,29,2,3,8,1,5,2,0.0
7,23,29,1,1,1,0,1,0,0.0
7,23,29,2,2,7,5,0,2,0.0
7,23,29,2,4,10,2,0,0,0.0
7,23,29,2,1,2,0,1,1,0.0
7,23,29,2,3,5,2,2,1,0.0
7,23,29,1,1,1,0,0,1,0.0
7,23,9,2,3,11,6,1,4,0.0
7,23,29,2,3,13,0,5,6,0.0
7,23,29,2,3,12,1,6,7,1.0
7,23,29,1,1,1,1,0,0,0.0
7,23,29,1,2,6,6,0,0,0.0
7,23,29,2,2,15,6,8,0,1.0
7,23,29,1,1,3,3,0,0,0.0
7,23,29,1,1,1,0,2,0,1.0
7,23,9,2,2,5,6,0,0,1.0
7,23,29,1,1,1,0,1,0,0.0
7,23,29,1,1,1,2,0,0,1.0
7,23,29,1,1,4,0,2,1,0.0
7,23,29,2,5,81,25,0,0,0.0
7,23,44,1,1,1,1,0,0,0.0
7,23,29,2,3,15,7,0,8,0.0
7,23,9,2,4,13,1,5,7,0.0
7,23,29,1,1,2,0,0,0,0.0
7,23,44,2,1,6,4,0,0,0.0
7,23,29,1,3,4,4,0,0,1.0
7,23,29,2,3,3,1,0,0,0.0
7,23,29,2,2,6,2,1,0,0.0
7,23,29,2,3,6,0,4,0,0.0
7,23,29,1,1,2,0,1,0,0.0
7,23,29,1,2,2,0,0,2,0.0
7,23,29,1,1,3,3,0,0,0.0
7,23,29,1,2,2,1,0,0,0.0
7,23,29,1,1,1,0,0,0,0.0
7,23,29,2,4,13,0,0,12,1.0
7,23,29,2,4,19,4,1,3,0.0
7,23,29,2,5,7,0,2,1,0.0
7,23,29,1,1,2,0,2,0,0.0
7,23,9,2,3,11,9,0,2,0.0
7,23,46,1,1,3,2,1,0,0.0
7,23,29,2,3,5,3,0,2,0.0
7,23,29,1,1,3,0,3,0,0.0
7,23,29,2,5,23,2,1,8,2.0
7,23,29,2,1,3,3,0,0,0.0
7,23,29,2,5,14,1,0,4,1.0
7,23,29,1,2,5,5,0,0,0.0
7,23,29,1,1,1,0,0,0,0.0
7,23,9,1,1,6,3,3,0,0.0
7,23,29,1,1,1,0,0,1,0.0
7,23,9,1,1,1,0,1,0,0.0
7,23,29,2,1,2,1,0,0,0.0
7,23,29,2,1,5,2,0,3,0.0
7,23,46,2,3,4,0,0,0,0.0
7,23,29,2,3,11,0,2,7,0.0
7,23,29,2,3,3,0,0,3,0.0
7,23,29,1,1,1,1,0,0,0.0
7,23,24,2,4,60,19,12,22,3.0
7,23,29,2,3,16,1,0,0,2.0
7,23,29,2,2,2,0,0,2,0.0
7,23,29,2,3,7,1,6,0,1.0
7,23,29,2,2,7,0,5,1,0.0
7,23,29,2,3,9,1,5,3,0.0
7,23,29,2,1,3,3,0,0,0.0
7,23,29,2,5,24,8,0,6,0.0
7,23,29,1,1,2,1,0,0,0.0
7,23,29,1,1,1,0,0,1,0.0
7,24,29,1,1,1,0,2,0,1.0
7,24,29,1,1,1,0,1,0,0.0
7,24,29,2,1,4,2,1,2,1.0
7,24,29,2,2,3,1,1,0,0.0
7,24,29,2,1,36,15,11,11,1.0
7,24,29,1,1,1,0,0,0,0.0
7,24,16,1,1,1,0,0,0,0.0
7,24,16,2,4,55,24,22,9,0.0
7,24,29,2,1,3,3,0,0,0.0
7,24,29,1,2,2,0,0,2,0.0
7,24,29,1,1,1,0,0,0,0.0
7,24,29,2,2,3,0,1,0,0.0
7,24,29,1,1,9,6,0,0,0.0
7,24,29,2,3,8,0,0,0,1.0
7,24,29,1,1,2,0,2,0,0.0
7,24,29,1,1,1,1,0,0,0.0
7,24,29,1,1,1,0,1,0,0.0
7,24,29,1,1,3,3,0,0,0.0
7,24,29,2,4,4,0,0,2,0.0
7,24,29,1,1,1,0,1,0,0.0
7,24,41,1,1,1,0,0,1,0.0
7,24,34,2,3,6,4,0,2,0.0
7,24,38,2,2,3,0,0,3,0.0
7,24,29,1,2,2,0,0,0,0.0
7,24,29,2,2,6,6,0,0,0.0
7,24,29,1,2,3,0,2,0,0.0
7,24,29,2,3,7,0,0,1,0.0
7,24,29,1,1,2,0,0,1,0.0
7,24,29,1,1,1,0,0,1,0.0
7,24,29,2,3,3,4,0,0,1.0
7,24,29,1,1,2,1,0,0,0.0
7,24,9,2,2,6,6,1,1,2.0
7,24,24,2,4,10,4,1,3,0.0
7,24,29,2,4,35,23,1,1,1.0
7,24,29,2,3,10,7,0,1,1.0
7,24,29,2,4,7,0,0,0,2.0
7,24,29,1,1,3,1,2,0,0.0
7,24,24,1,1,1,0,0,1,0.0
7,24,29,1,2,8,0,5,3,0.0
7,24,29,1,1,2,1,1,0,0.0
7,24,29,2,2,9,10,0,0,1.0
7,24,29,1,1,1,1,0,0,0.0
7,24,29,1,1,4,4,0,0,0.0
7,24,29,2,5,12,0,1,0,0.0
7,24,29,1,2,2,2,0,0,0.0
7,24,29,1,1,1,0,0,1,0.0
7,24,29,1,3,11,6,2,3,0.0
7,24,29,1,1,1,1,0,0,0.0
7,24,29,2,3,7,5,0,0,0.0
7,24,29,2,4,23,1,0,6,7.0
7,24,29,2,3,4,0,0,0,0.0
7,24,29,1,1,3,0,3,0,0.0
7,24,29,1,1,1,0,0,1,0.0
7,24,29,2,3,6,0,0,5,0.0
7,24,29,2,1,2,0,0,2,0.0
7,24,29,2,4,9,1,0,7,1.0
7,24,29,2,2,10,5,2,0,0.0
7,24,29,2,1,7,7,0,0,0.0
7,24,29,2,1,2,0,2,0,0.0
7,24,29,1,1,2,0,0,2,0.0
7,24,29,2,3,12,3,5,2,1.0
7,24,29,2,2,7,0,6,0,0.0
7,24,29,1,1,4,0,4,0,0.0
7,24,29,1,1,1,0,1,0,0.0
7,24,29,2,3,4,4,0,0,0.0
7,24,29,1,1,1,0,1,0,0.0
7,24,29,2,2,12,2,10,0,0.0
7,24,29,1,1,6,2,3,0,0.0
7,24,29,1,1,1,0,0,0,0.0
7,24,29,1,1,2,0,2,0,0.0
7,24,29,1,1,1,1,0,0,0.0
7,24,29,2,4,6,0,0,1,0.0
7,24,29,2,3,27,10,8,11,2.0
7,24,29,1,1,1,1,0,0,0.0
7,24,29,2,2,4,0,0,0,0.0
7,24,29,2,4,8,3,1,2,0.0
7,24,29,2,4,15,8,3,0,5.0
7,24,29,1,1,1,0,1,0,0.0
7,24,29,1,3,6,2,1,3,0.0
7,24,29,1,1,4,2,0,2,0.0
7,24,29,2,3,15,1,1,3,2.0
7,24,29,2,1,3,1,1,1,0.0
7,24,29,1,2,4,0,4,0,0.0
7,24,29,2,2,4,0,0,0,0.0
7,24,29,2,2,4,0,0,4,0.0
7,24,29,2,3,10,4,4,2,0.0
7,24,29,1,1,1,0,0,1,0.0
7,24,29,2,1,2,0,0,0,0.0
7,24,29,2,4,7,0,1,6,0.0
7,24,29,2,2,8,3,0,6,1.0
7,24,29,1,2,2,0,0,0,0.0
7,24,29,1,1,2,1,1,0,0.0
7,24,29,2,3,17,9,3,5,0.0
7,24,29,1,1,1,1,0,0,0.0
7,24,29,2,1,3,0,0,10,2.0
7,24,29,1,3,8,7,0,3,1.0
7,24,29,1,1,1,1,0,0,0.0
7,24,29,1,1,1,0,0,1,0.0
7,24,29,2,2,6,0,7,0,1.0
7,24,29,1,1,1,0,1,0,0.0
7,24,29,2,4,9,0,4,0,0.0
7,24,29,2,2,6,4,0,2,0.0
7,24,29,2,1,3,3,0,0,0.0
7,24,44,2,1,12,2,5,3,0.0
7,24,29,2,5,33,7,4,3,0.0
7,24,29,2,5,16,3,1,1,0.0
7,24,29,2,4,10,0,0,0,1.0
7,24,29,1,1,5,6,0,0,1.0
7,24,29,2,2,3,3,0,0,0.0
7,24,29,1,1,1,1,0,0,0.0
7,24,29,2,3,5,0,3,0,0.0
7,24,29,2,2,6,0,6,0,0.0
7,24,29,1,1,1,0,1,0,0.0
7,24,29,1,1,1,0,0,1,0.0
7,24,46,2,5,20,17,0,1,4.0
7,24,29,2,3,6,1,1,3,0.0
7,24,29,2,2,3,0,0,0,0.0
7,24,29,2,4,9,2,0,6,0.0
7,24,29,2,3,14,6,2,1,1.0
7,24,29,2,4,8,2,3,2,0.0
7,24,29,1,1,6,1,0,0,0.0
7,24,29,2,2,2,0,0,2,0.0
7,24,29,2,2,2,1,0,1,0.0
7,24,29,2,4,9,2,1,3,1.0
7,24,29,1,1,1,0,0,1,0.0
7,24,29,1,1,7,7,0,0,0.0
7,24,29,1,1,1,0,1,0,0.0
7,24,29,2,2,3,3,0,0,0.0
7,24,29,2,1,4,0,4,0,1.0
7,24,29,1,1,2,0,2,0,0.0
7,24,29,2,2,12,0,12,0,0.0
7,24,29,1,1,2,1,1,0,0.0
7,24,29,1,1,1,0,0,0,0.0
7,24,29,1,1,2,2,0,0,0.0
7,24,29,2,3,3,0,0,1,0.0
7,24,29,2,4,6,2,1,3,0.0
7,24,29,1,1,1,0,0,1,0.0
7,24,29,2,3,3,0,0,2,1.0
7,24,29,2,4,16,5,2,9,1.0
7,24,9,2,4,8,4,0,4,0.0
7,24,29,1,1,1,0,1,0,0.0
7,24,29,1,1,2,2,0,0,0.0
7,24,29,1,1,2,2,0,0,2.0
7,24,29,2,1,2,0,2,0,0.0
7,24,29,1,1,1,1,0,0,0.0
7,24,29,1,1,3,3,0,0,0.0
7,24,29,2,3,11,4,0,0,2.0
7,24,29,2,3,15,3,4,8,0.0
7,24,29,2,4,45,12,14,6,1.0
7,24,29,2,4,11,7,0,0,0.0
7,24,29,2,2,5,2,0,3,2.0
7,24,29,2,3,8,2,0,0,1.0
7,24,29,2,2,12,0,12,0,0.0
7,24,29,2,5,16,4,2,5,0.0
7,24,29,1,1,1,1,0,0,0.0
7,24,29,1,1,4,2,1,1,0.0
7,24,29,2,2,3,1,0,2,0.0
7,24,29,2,1,5,0,0,7,2.0
7,24,29,2,4,9,1,2,1,0.0
7,24,29,1,1,1,1,0,0,0.0
7,24,29,2,4,4,0,0,2,0.0
7,24,29,1,1,2,2,0,0,0.0
7,24,29,2,2,2,2,0,0,0.0
7,24,29,2,2,4,0,0,0,0.0
7,24,29,1,1,1,0,0,0,0.0
7,24,46,1,1,3,2,0,1,0.0
7,24,46,1,1,1,0,0,1,0.0
7,24,46,1,2,2,0,0,1,0.0
7,24,29,1,1,4,4,0,0,0.0
7,24,9,2,1,3,3,0,0,0.0
7,24,29,2,2,4,3,0,1,0.0
7,24,29,1,1,4,4,0,0,0.0
7,24,29,2,3,5,3,0,1,0.0
7,24,29,2,3,7,1,3,3,0.0
7,24,9,2,2,3,0,0,3,0.0
7,24,9,2,4,25,13,10,5,3.0
7,24,9,2,3,6,1,0,3,0.0
7,24,9,2,4,5,3,0,4,2.0
7,24,9,2,2,22,21,2,0,1.0
7,24,29,2,1,4,2,0,0,0.0
7,24,29,2,3,11,4,0,5,0.0
7,24,29,2,1,3,2,0,0,0.0
7,24,29,1,2,5,2,3,0,0.0
7,24,29,1,1,1,0,0,1,0.0
7,24,29,1,1,1,1,0,0,0.0
7,24,29,1,1,1,0,0,1,0.0
7,24,29,1,1,1,1,0,0,0.0
7,25,29,1,1,2,0,2,0,0.0
7,25,29,1,3,8,5,0,0,0.0
7,25,29,2,1,17,0,8,8,0.0
7,25,22,1,3,9,4,4,1,0.0
7,25,38,1,2,5,2,2,1,0.0
7,25,27,1,1,3,0,3,0,0.0
7,25,29,1,1,1,0,1,0,0.0
7,25,29,2,2,9,4,6,0,3.0
7,25,29,1,1,1,1,0,0,0.0
7,25,9,1,1,3,0,0,3,0.0
7,25,27,1,1,1,0,0,1,0.0
7,25,29,2,5,23,3,0,3,4.0
7,25,29,1,1,2,2,0,1,1.0
7,25,29,1,1,6,6,0,0,0.0
7,25,29,2,4,14,7,0,0,1.0
7,25,29,2,5,15,3,1,1,1.0
7,25,29,1,1,1,0,0,0,0.0
7,25,29,1,1,3,0,3,0,0.0
7,25,29,2,3,21,16,3,7,6.0
7,25,9,1,1,2,1,1,0,0.0
7,25,29,1,1,1,1,0,0,0.0
7,25,29,2,2,5,2,0,2,0.0
7,25,29,2,4,12,1,0,0,1.0
7,25,29,1,1,1,1,0,0,0.0
7,25,29,1,1,1,0,0,1,0.0
7,25,29,1,1,2,2,0,0,0.0
7,25,29,2,2,5,4,0,1,0.0
7,25,29,2,1,8,0,2,3,1.0
7,25,29,1,1,1,0,0,1,0.0
7,25,29,1,1,1,1,0,0,0.0
7,25,9,2,1,6,4,1,1,0.0
7,25,29,1,1,1,1,0,0,0.0
7,25,29,2,1,4,3,0,1,0.0
7,25,29,2,4,10,5,0,2,0.0
7,25,29,1,1,1,0,0,0,0.0
7,25,29,1,1,3,0,0,1,0.0
7,25,29,2,1,2,0,2,0,0.0
7,25,29,1,1,2,1,1,0,0.0
7,25,29,2,2,4,3,1,0,0.0
7,25,29,1,1,1,0,0,1,0.0
7,25,29,1,1,1,0,0,1,0.0
7,25,29,1,1,3,3,0,0,0.0
7,25,29,1,1,1,0,0,0,0.0
7,25,29,1,1,3,3,0,0,0.0
7,25,29,2,3,10,0,4,4,0.0
7,25,29,2,4,10,2,0,9,1.0
7,25,29,1,1,1,1,0,0,0.0
7,25,29,1,1,1,0,0,0,0.0
7,25,29,2,4,8,0,0,1,1.0
7,25,29,2,2,6,5,1,0,0.0
7,25,29,2,5,23,7,3,8,3.0
7,25,29,2,4,7,1,1,2,0.0
7,25,29,1,1,1,0,1,0,0.0
7,25,29,1,1,2,1,0,0,0.0
7,25,29,1,1,1,1,0,0,0.0
7,25,29,1,1,1,0,1,0,0.0
7,25,29,1,1,1,2,0,0,1.0
7,25,29,1,1,1,0,1,0,0.0
7,25,29,1,1,2,2,0,0,0.0
7,25,29,2,1,3,1,1,1,0.0
7,25,29,2,3,5,0,2,0,1.0
7,25,29,2,3,4,1,0,5,2.0
7,25,29,2,2,4,0,0,0,0.0
7,25,29,1,1,1,0,1,0,0.0
7,25,29,1,1,2,0,2,0,0.0
7,25,29,2,4,8,2,0,0,0.0
7,25,29,2,4,5,0,1,3,0.0
7,25,29,2,2,2,1,0,1,0.0
7,25,29,2,1,4,1,0,1,0.0
7,25,29,2,5,15,3,0,3,0.0
7,25,29,1,2,2,0,0,2,0.0
7,25,29,2,2,8,6,2,0,0.0
7,25,29,1,4,4,0,0,1,0.0
7,25,29,1,1,4,0,0,4,0.0
7,25,29,1,1,1,0,2,0,1.0
7,25,29,1,1,1,1,0,0,0.0
7,25,29,2,1,4,0,0,0,0.0
7,25,29,2,2,5,1,0,4,0.0
7,25,29,1,1,1,0,0,0,0.0
7,25,29,1,1,1,0,0,0,0.0
7,25,29,1,1,1,0,0,0,0.0
7,25,29,2,1,2,0,0,0,0.0
7,25,29,2,3,30,16,8,12,5.0
7,25,29,1,1,1,1,0,0,0.0
7,25,29,1,1,1,1,0,0,0.0
7,25,29,2,2,2,0,0,1,0.0
7,25,9,2,1,5,5,0,0,0.0
7,25,29,2,2,4,3,0,1,0.0
7,25,29,1,4,7,4,0,2,0.0
7,25,29,2,2,9,1,0,5,0.0
7,25,29,1,1,3,1,2,0,0.0
7,25,29,1,1,1,0,1,0,0.0
7,25,29,2,1,4,0,4,0,0.0
7,25,29,1,2,4,1,0,3,0.0
7,25,29,2,1,4,0,0,4,0.0
7,25,29,1,1,4,3,0,2,1.0
7,25,29,2,3,3,0,0,3,0.0
7,25,29,2,3,3,1,0,0,0.0
7,25,29,2,4,7,0,3,2,0.0
7,25,29,1,1,5,0,1,2,0.0
7,25,29,2,1,3,0,0,1,0.0
7,25,29,1,1,1,0,1,0,0.0
7,25,29,1,1,4,4,0,0,0.0
7,25,29,1,1,1,0,0,1,0.0
7,25,29,1,1,2,0,0,0,0.0
7,25,29,2,3,16,3,1,2,0.0
7,25,29,1,1,1,1,0,0,0.0
7,25,29,1,2,5,0,0,5,0.0
7,25,29,2,1,5,0,1,2,0.0
7,25,29,1,1,1,1,0,0,0.0
7,25,29,2,4,9,0,0,0,0.0
7,25,29,2,1,2,0,2,0,0.0
7,25,29,2,2,11,3,2,3,2.0
7,25,29,1,1,2,2,0,0,0.0
7,25,29,2,2,3,0,0,0,0.0
7,25,29,1,1,2,0,0,0,1.0
7,25,29,1,1,1,0,0,1,0.0
7,25,29,1,2,6,0,6,0,0.0
7,25,29,2,5,37,1,6,6,7.0
7,25,29,2,5,10,4,1,0,0.0
7,25,29,1,1,1,0,1,0,0.0
7,25,29,2,1,6,0,3,0,0.0
7,25,29,2,3,5,0,0,1,0.0
7,25,29,1,1,1,0,0,1,0.0
7,25,9,1,1,4,3,1,0,0.0
7,25,29,2,4,13,9,0,2,2.0
7,25,29,2,1,9,0,9,0,0.0
7,25,29,2,2,3,0,0,2,0.0
7,25,29,2,2,3,0,3,1,1.0
7,25,29,2,3,5,3,0,0,0.0
7,25,29,1,1,2,2,0,0,0.0
7,25,29,2,4,15,0,3,4,0.0
7,25,29,1,1,1,1,0,0,0.0
7,25,29,1,1,2,2,0,0,0.0
7,25,9,2,1,2,0,2,0,0.0
7,25,29,2,4,6,0,0,4,0.0
7,25,24,1,1,1,0,1,0,0.0
7,25,46,1,1,6,2,1,3,0.0
7,25,29,2,1,3,0,0,2,0.0
7,25,9,1,3,4,1,3,0,0.0
7,25,29,2,1,5,3,1,1,0.0
7,25,29,2,4,6,0,0,4,1.0
7,25,29,1,1,1,2,0,0,1.0
7,25,29,2,1,2,2,0,0,0.0
7,25,24,1,1,1,0,0,1,0.0
7,25,29,1,1,2,2,0,0,0.0
7,25,29,2,2,3,0,0,0,0.0
7,25,29,2,2,8,6,0,4,2.0
7,25,29,2,2,5,0,5,0,0.0
7,25,29,2,1,3,1,1,0,0.0
7,25,9,2,3,18,10,0,8,0.0
7,25,9,2,4,9,4,2,3,0.0
7,25,29,1,1,1,1,0,0,0.0
7,25,29,1,2,3,3,0,0,0.0
7,25,29,2,5,27,6,0,0,5.0
7,25,29,1,1,1,0,1,0,0.0
7,25,29,1,1,3,0,2,1,0.0
7,25,29,1,1,3,3,0,0,0.0
7,25,29,2,1,7,2,3,0,0.0
7,25,29,1,1,1,0,1,0,0.0
7,25,29,2,4,16,10,1,2,1.0
7,26,29,2,3,4,0,0,1,0.0
7,26,29,2,3,4,0,0,0,1.0
7,26,29,2,1,12,9,0,0,5.0
7,26,9,2,3,14,3,1,11,1.0
7,26,29,1,4,7,3,0,2,0.0
7,26,29,1,3,4,1,1,2,0.0
7,26,29,2,1,2,0,1,0,0.0
7,26,29,1,1,1,0,0,1,0.0
7,26,29,2,5,15,9,0,0,0.0
7,26,29,1,1,3,2,0,0,0.0
7,26,29,2,5,12,0,0,1,2.0
7,26,29,2,2,12,10,0,0,1.0
7,26,21,2,2,2,0,0,2,0.0
7,26,21,2,2,3,2,0,1,0.0
7,26,29,2,4,14,8,1,0,0.0
7,26,29,1,1,4,3,0,1,0.0
7,26,29,2,3,10,7,0,1,1.0
7,26,9,2,1,2,1,1,0,0.0
7,26,29,1,1,1,0,0,2,1.0
7,26,29,2,5,26,2,1,0,4.0
7,26,29,2,3,4,0,0,0,0.0
7,26,29,1,3,3,2,0,0,0.0
7,26,29,1,1,3,3,0,0,0.0
7,26,29,2,2,6,0,4,1,0.0
7,26,29,2,4,16,4,6,5,1.0
7,26,29,1,3,7,4,5,0,2.0
7,26,29,2,3,13,1,0,16,2.0
7,26,29,2,2,7,1,0,3,0.0
7,26,29,1,1,1,0,1,0,0.0
7,26,29,2,3,5,1,1,3,0.0
7,26,29,2,1,7,6,1,1,1.0
7,26,29,1,1,1,1,0,0,0.0
7,26,29,2,5,20,0,0,2,3.0
7,26,29,1,1,3,3,0,0,0.0
7,26,29,2,1,9,6,0,0,0.0
7,26,29,1,1,2,2,0,0,0.0
7,26,29,2,2,5,3,0,0,0.0
7,26,29,2,4,6,0,0,0,0.0
7,26,29,2,3,6,0,1,1,0.0
7,26,29,2,5,9,0,3,0,0.0
7,26,29,2,1,5,1,2,1,0.0
7,26,29,2,2,4,4,0,0,1.0
7,26,29,2,5,14,3,0,6,1.0
7,26,29,1,2,2,2,0,0,0.0
7,26,29,2,2,4,0,1,0,0.0
7,26,29,2,2,4,1,1,2,0.0
7,26,29,2,1,5,3,1,1,0.0
7,26,29,2,5,16,6,0,3,0.0
7,26,29,1,2,3,0,2,1,0.0
7,26,29,1,1,5,5,0,0,0.0
7,26,29,2,4,12,5,1,1,0.0
7,26,29,2,1,2,0,0,1,0.0
7,26,29,2,2,3,1,0,1,0.0
7,26,29,2,2,3,0,1,0,0.0
7,26,29,1,1,1,0,0,1,0.0
7,26,29,2,4,6,0,0,6,0.0
7,26,46,1,1,1,1,0,0,0.0
7,26,29,2,1,3,0,3,0,0.0
7,26,29,1,1,1,1,0,0,0.0
7,26,29,2,5,38,18,3,9,8.0
7,26,29,2,1,4,0,1,0,0.0
7,26,29,1,3,4,4,0,0,0.0
7,26,29,1,2,2,2,0,0,0.0
7,26,29,1,1,1,0,1,0,0.0
7,26,29,2,2,7,0,0,5,0.0
7,26,29,1,1,1,1,0,0,0.0
7,26,44,2,3,7,0,1,5,0.0
7,26,29,2,1,2,0,2,0,0.0
7,26,29,2,1,4,0,4,0,0.0
7,26,9,2,1,22,16,4,6,4.0
7,26,29,2,2,5,0,0,1,0.0
7,26,29,2,5,28,3,14,7,0.0
7,26,29,2,2,13,0,0,0,0.0
7,26,29,1,2,3,0,1,0,0.0
7,26,29,2,1,3,0,3,0,0.0
7,26,29,2,2,4,0,0,2,0.0
7,26,29,2,2,3,1,1,1,0.0
7,26,16,1,1,1,1,0,0,0.0
7,26,29,1,1,1,0,0,1,0.0
7,26,29,1,1,3,3,0,0,0.0
7,26,29,1,2,2,0,0,2,0.0
7,26,46,2,1,6,3,3,0,0.0
7,26,29,1,1,2,0,2,0,0.0
7,26,29,1,1,2,0,2,0,0.0
7,26,29,1,1,1,0,0,0,0.0
7,26,29,2,2,4,0,4,0,0.0
7,26,29,1,2,2,1,0,0,0.0
7,26,29,2,4,21,3,1,19,3.0
7,26,9,2,3,18,0,2,16,2.0
7,26,29,1,3,5,5,0,0,0.0
7,26,29,2,1,8,1,4,3,0.0
7,26,29,2,2,2,0,0,1,0.0
7,26,29,1,1,1,0,0,0,0.0
7,26,29,2,4,30,15,10,7,1.0
7,26,29,2,4,13,0,0,0,2.0
7,26,29,1,1,2,1,1,0,0.0
7,27,29,2,4,9,1,2,3,0.0
7,27,9,1,2,2,0,0,2,0.0
7,27,29,2,5,28,3,0,10,0.0
7,27,29,2,1,4,4,0,0,0.0
7,27,29,2,4,5,1,0,5,1.0
7,27,29,2,3,8,2,0,5,1.0
7,27,29,2,1,2,0,0,1,1.0
7,27,29,1,1,2,0,2,0,0.0
7,27,16,1,1,2,1,0,1,0.0
7,27,9,1,1,1,1,0,0,0.0
7,27,29,2,1,2,2,0,0,0.0
7,27,29,2,3,5,0,0,0,1.0
7,27,29,2,4,21,6,5,9,0.0
7,27,9,1,1,4,4,0,0,0.0
7,27,29,2,1,7,0,2,4,0.0
7,27,29,1,1,3,1,2,0,0.0
7,27,21,1,1,3,2,0,1,0.0
7,27,29,1,1,1,0,0,1,0.0
7,27,29,1,1,1,0,0,0,0.0
7,27,29,1,1,1,1,0,0,0.0
7,27,9,2,2,4,0,4,0,0.0
7,27,29,2,4,22,7,3,1,5.0
7,27,29,2,2,7,4,0,4,2.0
7,27,29,1,1,1,2,0,0,1.0
7,27,29,1,1,1,0,0,1,0.0
7,27,29,2,2,6,3,3,0,0.0
7,27,29,2,2,4,0,3,0,0.0
7,27,29,1,1,1,0,1,0,0.0
7,27,29,2,2,6,0,0,0,0.0
7,27,29,1,1,2,2,0,0,0.0
7,27,29,2,4,13,3,0,0,0.0
7,27,29,2,3,9,5,2,2,0.0
7,27,29,2,3,13,9,0,1,0.0
7,27,29,1,1,1,0,1,0,0.0
7,27,29,1,1,3,1,0,0,1.0
7,27,29,2,4,23,11,0,8,0.0
7,27,29,1,1,1,0,0,0,0.0
7,27,29,2,2,3,0,0,1,0.0
7,27,29,1,2,4,1,1,2,0.0
7,27,29,1,1,4,6,0,1,3.0
7,27,29,2,1,5,0,1,0,0.0
7,27,29,1,1,6,5,0,0,0.0
7,27,29,1,2,5,0,5,0,0.0
7,27,29,1,3,4,0,2,0,0.0
7,27,29,2,2,4,2,0,0,0.0
7,27,29,1,1,5,4,0,1,0.0
7,27,29,1,2,2,0,0,1,0.0
7,27,29,2,3,3,1,0,2,0.0
7,27,29,1,2,2,0,0,2,0.0
7,27,29,2,2,2,2,0,0,0.0
7,27,29,1,1,1,1,0,0,0.0
7,27,29,1,1,4,3,2,1,2.0
7,27,24,1,1,1,1,0,0,0.0
7,27,29,2,1,2,0,0,2,0.0
7,27,29,1,1,3,0,0,3,0.0
7,27,29,2,1,4,1,1,0,0.0
7,27,29,1,1,4,4,0,1,1.0
7,27,29,1,1,1,0,0,0,0.0
7,27,29,2,2,4,1,0,0,0.0
7,27,29,2,4,6,3,0,3,0.0
7,27,29,2,2,2,1,0,0,1.0
7,27,29,2,3,15,2,6,5,1.0
7,27,29,1,1,6,2,2,2,0.0
7,27,29,2,2,3,0,0,0,2.0
7,27,29,2,3,5,0,0,0,0.0
7,27,29,1,3,4,1,0,2,0.0
7,27,29,1,1,1,1,0,0,0.0
7,27,29,1,1,1,1,0,0,0.0
7,27,29,1,1,3,3,1,0,1.0
7,27,29,1,1,1,1,0,0,0.0
7,27,29,2,1,9,0,2,7,0.0
7,27,29,1,1,1,0,1,0,0.0
7,27,16,2,3,3,0,0,0,0.0
7,27,29,2,4,23,8,1,6,0.0
7,27,9,2,3,33,17,1,17,2.0
7,27,29,2,2,6,4,3,0,1.0
7,27,29,2,2,3,0,0,3,0.0
7,27,29,2,3,9,6,0,3,0.0
7,27,29,2,2,5,0,3,0,0.0
7,27,29,2,3,11,0,10,0,1.0
7,27,29,2,5,35,3,0,0,1.0
7,27,29,2,1,6,0,5,0,0.0
7,27,29,2,2,3,1,1,0,0.0
7,27,29,1,3,5,1,1,0,0.0
7,27,29,2,2,2,1,0,0,0.0
7,27,29,1,1,1,1,0,0,0.0
7,27,29,1,1,1,1,0,0,0.0
7,27,29,1,1,2,0,0,4,2.0
7,27,46,1,1,4,4,0,0,0.0
7,27,29,2,3,4,0,0,0,0.0
7,27,29,2,2,5,1,3,0,1.0
7,27,29,2,2,14,7,7,0,0.0
7,27,46,2,1,2,1,0,1,0.0
7,27,29,2,5,17,0,1,3,0.0
7,27,29,2,2,6,0,0,3,0.0
7,27,29,2,4,9,1,0,8,1.0
7,27,29,1,1,2,0,2,0,0.0
7,27,29,1,2,5,1,4,0,0.0
7,27,29,1,1,1,1,0,0,0.0
7,27,46,1,1,1,0,1,0,0.0
7,27,29,1,1,1,1,0,0,0.0
7,27,44,1,1,6,3,1,1,0.0
7,27,29,1,1,8,8,0,0,0.0
7,27,9,1,2,4,1,0,4,1.0
7,27,29,1,1,3,3,0,0,0.0
7,27,29,2,4,6,2,0,0,0.0
7,27,43,1,2,2,0,2,0,0.0
7,27,29,2,3,10,0,0,10,0.0
7,27,29,2,3,3,0,0,0,0.0
7,28,29,1,1,3,2,0,0,1.0
7,28,29,1,2,6,0,6,0,0.0
7,28,9,2,2,3,1,2,0,0.0
7,28,29,1,1,1,0,1,0,0.0
7,28,9,1,1,3,0,3,0,0.0
7,28,29,2,1,5,5,0,0,0.0
7,28,29,2,4,22,9,6,4,3.0
7,28,29,2,2,5,0,0,5,0.0
7,28,29,2,3,11,10,0,0,1.0
7,28,29,2,3,3,1,1,0,0.0
7,28,29,1,2,2,0,5,0,1.0
7,28,29,2,3,21,8,0,9,1.0
7,28,29,1,1,2,2,0,0,0.0
7,28,9,2,3,18,12,5,4,2.0
7,28,9,1,1,1,1,0,0,0.0
7,28,9,1,1,2,2,0,0,0.0
7,28,29,1,1,1,0,1,0,0.0
7,28,29,2,2,7,1,8,0,2.0
7,28,29,1,2,6,0,4,0,0.0
7,28,29,2,4,18,6,3,9,0.0
7,28,29,1,1,2,2,1,0,1.0
7,28,24,1,1,1,1,0,0,0.0
7,28,29,1,1,4,0,1,2,0.0
7,28,29,2,2,3,0,3,0,0.0
7,28,24,1,1,1,1,0,0,0.0
7,28,9,2,1,5,5,0,0,0.0
7,28,29,1,1,1,0,0,1,0.0
7,28,29,1,1,2,0,3,0,1.0
7,28,29,2,1,2,0,0,0,0.0
7,28,29,2,2,3,0,0,0,0.0
7,28,29,1,2,2,0,1,1,0.0
7,28,29,2,3,8,3,2,3,0.0
7,28,21,1,1,5,4,2,0,2.0
7,28,29,2,2,4,4,0,0,0.0
7,28,29,2,1,2,0,2,0,0.0
7,28,29,1,3,5,2,1,2,0.0
7,28,9,2,1,9,8,0,1,0.0
7,28,29,2,2,4,4,0,0,0.0
7,28,9,1,1,1,0,0,1,0.0
7,28,29,2,1,4,0,4,0,0.0
7,28,29,1,1,2,0,0,1,0.0
7,28,29,2,2,5,0,5,0,0.0
7,28,29,1,1,1,0,0,0,0.0
7,28,29,1,2,6,0,3,0,0.0
7,28,29,2,2,5,0,0,6,1.0
7,28,29,2,5,10,0,0,1,0.0
7,28,29,2,1,2,1,0,0,0.0
7,28,29,1,1,1,1,0,0,0.0
7,28,29,2,1,7,0,1,1,0.0
7,28,9,2,3,11,5,2,4,0.0
7,28,29,2,5,40,6,0,0,7.0
7,28,29,1,2,2,0,0,0,1.0
7,28,29,2,3,19,5,8,6,0.0
7,28,29,1,1,1,0,1,0,0.0
7,28,29,2,2,2,0,0,0,0.0
7,28,29,1,1,2,0,0,2,0.0
7,28,29,2,3,5,0,0,5,0.0
7,28,29,1,1,3,3,0,0,0.0
7,28,29,2,3,14,2,6,1,0.0
7,28,29,1,1,1,0,1,0,0.0
7,28,29,1,1,1,1,0,0,0.0
7,28,29,2,1,2,0,0,0,0.0
7,28,29,1,1,1,0,1,0,0.0
7,28,29,1,1,1,0,0,1,0.0
7,28,29,2,2,11,5,3,3,0.0
7,28,29,1,1,1,0,0,0,0.0
7,28,29,2,2,7,2,3,1,0.0
7,28,29,1,1,1,1,0,0,0.0
7,28,29,2,2,4,1,1,4,2.0
7,28,29,1,1,2,0,2,0,0.0
7,28,29,2,2,4,1,0,3,0.0
7,28,29,2,5,31,11,4,1,3.0
7,28,29,2,2,3,0,3,0,0.0
7,28,29,1,2,3,2,0,1,0.0
7,28,29,2,4,13,5,0,6,0.0
7,28,29,2,1,3,1,1,1,0.0
7,28,46,2,2,15,14,3,1,2.0
7,28,29,2,3,17,6,3,3,0.0
7,28,29,1,1,1,1,0,0,0.0
7,28,29,2,4,19,7,4,4,1.0
7,28,29,1,1,1,0,0,0,0.0
7,28,29,2,1,3,1,0,0,0.0
7,28,29,1,1,2,1,0,1,0.0
7,28,29,2,5,5,2,0,2,0.0
7,28,29,2,2,5,0,1,3,2.0
7,28,29,1,1,2,0,2,0,0.0
7,28,29,1,1,1,0,1,0,0.0
7,28,29,2,1,4,3,1,0,0.0
7,28,9,2,2,4,0,3,1,0.0
7,28,29,1,2,3,0,2,1,0.0
7,28,29,1,2,3,2,1,0,0.0
7,28,29,2,1,2,0,0,0,0.0
7,28,29,2,3,4,1,1,2,0.0
7,28,29,2,2,9,3,6,0,0.0
7,28,29,2,2,6,0,3,0,0.0
7,28,29,2,1,2,0,2,0,0.0
7,28,29,1,1,5,5,0,0,0.0
7,28,29,1,1,1,0,1,0,0.0
7,28,29,1,1,7,5,0,3,1.0
7,28,29,2,1,28,5,4,5,1.0
7,28,29,1,2,3,3,0,0,0.0
7,28,29,1,1,1,0,0,1,0.0
7,28,29,2,3,4,0,0,3,0.0
7,28,29,2,4,19,5,0,20,4.0
7,28,29,1,1,1,0,0,0,0.0
7,28,29,1,2,2,0,2,0,0.0
7,28,29,1,1,3,0,3,0,0.0
7,28,29,1,1,1,1,0,0,0.0
7,28,29,2,2,2,0,0,0,0.0
7,28,29,2,1,2,0,2,0,0.0
7,28,9,1,1,4,3,2,0,1.0
7,28,29,2,1,3,3,0,0,0.0
7,28,29,2,1,4,1,1,0,0.0
7,28,29,1,1,1,1,0,0,0.0
7,28,29,2,3,11,6,3,0,0.0
7,28,29,2,3,10,8,0,6,4.0
7,28,29,2,5,13,0,5,1,0.0
7,28,29,1,1,1,1,0,0,0.0
7,28,29,2,1,4,0,4,0,0.0
7,28,29,2,3,6,0,0,0,0.0
7,28,29,2,2,10,6,2,1,0.0
7,28,29,2,2,3,1,0,2,0.0
7,28,29,1,1,1,0,0,1,0.0
7,28,29,1,1,1,1,0,0,0.0
7,28,29,2,2,3,0,0,3,0.0
7,28,29,1,3,3,0,0,4,1.0
7,28,29,2,3,5,1,0,1,0.0
7,28,44,2,1,5,0,1,4,1.0
7,28,29,1,1,1,1,0,0,0.0
7,28,29,1,2,2,1,0,0,0.0
7,28,29,2,3,8,5,1,1,0.0
7,28,29,1,1,2,2,0,0,0.0
7,28,29,1,1,4,0,1,0,0.0
7,28,29,2,2,5,2,0,0,0.0
7,28,29,2,5,32,0,4,2,2.0
7,28,29,1,1,1,0,0,1,0.0
7,28,24,2,3,8,4,2,2,0.0
7,28,29,1,1,1,0,1,0,0.0
7,28,29,1,1,1,1,0,0,0.0
7,28,17,1,1,1,2,0,0,1.0
7,28,24,1,1,2,1,1,0,0.0
7,28,16,2,4,10,3,2,7,3.0
7,28,29,2,1,12,7,1,2,0.0
7,28,29,1,1,1,2,0,0,1.0
7,28,9,2,1,5,0,0,5,0.0
7,28,29,2,1,11,8,0,4,1.0
7,28,29,1,1,4,1,0,2,0.0
7,28,29,1,1,6,0,0,4,1.0
7,28,29,1,1,1,0,1,0,0.0
7,28,29,1,2,3,0,3,0,0.0
7,28,29,1,2,5,3,2,1,1.0
7,28,29,1,2,3,0,4,0,1.0
7,28,29,1,1,1,0,1,0,0.0
7,29,29,1,1,1,0,0,0,0.0
7,29,29,1,1,1,0,1,0,0.0
7,29,10,2,1,4,2,0,2,0.0
7,29,29,2,3,6,2,1,4,3.0
7,29,29,2,1,3,0,0,2,0.0
7,29,29,2,1,5,1,0,3,0.0
7,29,9,2,4,7,0,0,8,1.0
7,29,29,2,1,5,0,0,1,0.0
7,29,21,2,4,7,3,1,1,0.0
7,29,29,2,4,18,3,2,7,1.0
7,29,41,1,1,1,0,0,0,0.0
7,29,9,2,1,2,0,0,3,1.0
7,29,29,2,5,26,9,0,5,4.0
7,29,29,1,1,1,1,0,0,0.0
7,29,29,2,3,13,2,1,5,0.0
7,29,9,1,2,6,1,2,0,0.0
7,29,34,1,1,1,1,0,0,0.0
7,29,29,1,1,2,1,0,0,0.0
7,29,29,2,3,13,5,0,3,0.0
7,29,29,2,3,29,5,0,24,10.0
7,29,29,2,3,3,1,0,1,0.0
7,29,9,1,1,2,0,3,0,1.0
7,29,29,2,2,2,1,0,2,1.0
7,29,29,1,1,1,1,0,0,0.0
7,29,29,2,4,17,12,0,5,3.0
7,29,29,1,1,1,0,0,1,0.0
7,29,29,2,2,2,0,0,2,0.0
7,29,29,2,2,8,0,6,0,0.0
7,29,29,2,4,7,0,2,2,0.0
7,29,41,1,1,1,1,0,0,0.0
7,29,9,1,1,1,0,0,1,0.0
7,29,29,2,3,11,6,1,1,0.0
7,29,29,1,1,2,0,1,0,0.0
7,29,29,2,2,8,8,2,0,2.0
7,29,29,1,1,1,0,1,0,0.0
7,29,29,1,1,1,0,0,1,0.0
7,29,29,2,2,2,1,0,1,0.0
7,29,29,2,2,12,1,7,1,0.0
7,29,29,2,3,20,11,5,0,3.0
7,29,29,2,2,2,1,0,0,0.0
7,29,29,2,3,8,2,3,4,1.0
7,29,29,2,2,7,3,1,2,1.0
7,29,29,1,1,2,0,4,0,2.0
7,29,27,1,1,3,3,0,0,0.0
7,29,29,1,1,1,0,0,1,0.0
7,29,29,1,1,2,1,0,0,0.0
7,29,29,1,1,1,0,0,0,0.0
7,29,29,2,3,4,0,0,2,0.0
7,29,29,2,2,3,0,0,0,1.0
7,29,29,1,2,6,1,4,1,0.0
7,29,29,2,1,2,0,0,0,0.0
7,29,29,2,1,5,0,1,1,0.0
7,29,29,1,2,3,0,5,0,1.0
7,29,29,1,2,4,2,3,0,1.0
7,29,29,1,1,2,0,0,2,0.0
7,29,29,1,1,1,0,1,0,0.0
7,29,29,2,2,3,0,4,0,1.0
7,29,29,1,1,1,0,1,0,0.0
7,29,29,2,1,3,3,0,0,0.0
7,29,29,1,1,2,2,0,0,0.0
7,29,29,1,2,7,7,0,0,0.0
7,29,29,2,1,4,4,0,0,0.0
7,29,29,1,1,1,0,1,0,0.0
7,29,29,2,3,5,0,0,1,0.0
7,29,29,2,2,3,0,3,0,0.0
7,29,29,1,1,3,1,1,1,0.0
7,29,29,2,4,10,0,0,2,0.0
7,29,29,2,4,8,6,1,0,0.0
7,29,29,2,1,3,0,3,0,0.0
7,29,29,2,2,3,0,3,0,0.0
7,29,29,2,3,15,4,3,1,1.0
7,29,29,2,2,14,8,5,0,3.0
7,29,29,2,1,5,1,1,3,0.0
7,29,29,1,2,2,0,0,1,0.0
7,29,29,2,4,23,5,15,7,6.0
7,29,29,1,1,2,2,0,0,0.0
7,29,29,2,3,9,6,0,0,0.0
7,29,29,1,1,1,0,1,0,0.0
7,29,29,1,1,1,0,1,0,0.0
7,29,29,2,1,8,8,0,0,0.0
7,29,29,2,2,3,2,0,0,0.0
7,29,29,2,1,5,1,3,0,0.0
7,29,29,2,1,8,8,0,0,0.0
7,29,29,1,2,2,0,1,1,0.0
7,29,29,1,1,2,0,2,0,0.0
7,29,29,1,2,2,0,2,0,0.0
7,29,29,1,1,1,0,0,0,0.0
7,29,29,1,1,1,0,0,1,0.0
7,29,29,2,1,5,3,0,0,0.0
7,29,29,2,2,3,2,0,0,0.0
7,29,29,1,1,1,0,0,1,0.0
7,29,29,2,5,19,7,0,2,1.0
7,29,29,1,2,2,1,0,1,0.0
7,29,29,2,3,6,4,0,0,1.0
7,29,29,1,1,2,1,0,1,0.0
7,29,29,2,3,42,15,0,15,0.0
7,29,29,2,1,2,0,0,0,0.0
7,29,29,2,5,18,1,2,2,1.0
7,29,29,2,4,7,1,0,2,0.0
7,29,29,1,1,1,0,1,0,0.0
7,29,29,2,4,12,5,2,2,0.0
7,29,29,1,1,3,2,2,0,1.0
7,29,29,2,2,7,0,7,0,0.0
7,29,29,2,2,10,0,10,0,0.0
7,29,29,1,1,4,3,1,0,0.0
7,29,44,2,3,26,3,25,1,3.0
7,29,29,2,1,4,2,0,3,1.0
7,29,29,1,1,2,0,2,0,0.0
7,29,29,2,2,5,0,0,0,0.0
7,29,29,2,2,4,0,4,0,0.0
7,29,29,1,1,1,1,0,0,0.0
7,29,29,2,3,6,0,0,0,0.0
7,29,29,2,3,15,11,0,2,3.0
7,29,46,1,1,1,0,0,0,0.0
7,29,29,2,3,7,0,5,2,0.0
7,29,29,1,1,1,0,0,0,0.0
7,29,29,1,1,2,1,0,1,0.0
7,29,29,1,1,1,0,1,0,0.0
7,29,29,2,1,2,0,0,2,0.0
7,29,29,1,1,1,0,0,1,0.0
7,29,29,2,3,3,2,0,0,1.0
7,29,29,2,1,4,4,0,0,0.0
7,29,29,2,1,3,3,0,0,0.0
7,29,29,2,2,4,0,3,1,0.0
7,29,29,2,2,10,4,5,1,0.0
7,29,29,2,1,3,0,0,1,0.0
7,29,29,2,1,5,0,0,4,0.0
7,29,29,2,1,5,0,1,2,0.0
7,29,29,2,1,2,1,0,0,0.0
7,29,46,1,1,4,3,0,1,0.0
7,29,29,2,2,2,2,0,0,0.0
7,29,29,1,1,1,0,0,1,0.0
7,29,29,2,4,10,5,1,3,0.0
7,29,29,2,3,21,18,4,2,5.0
7,29,29,2,3,10,4,0,0,0.0
7,29,41,2,2,7,0,5,1,0.0
7,29,9,1,1,1,1,0,0,0.0
7,29,29,2,4,20,7,5,0,0.0
7,29,46,2,2,3,2,0,0,0.0
7,29,29,1,3,4,0,0,3,1.0
7,29,29,2,3,5,6,0,0,1.0
7,29,29,2,1,2,0,0,0,0.0
7,29,29,2,1,6,3,0,2,0.0
7,29,29,2,2,4,0,0,0,0.0
7,29,9,1,1,1,0,1,0,0.0
7,29,29,1,1,1,0,1,0,0.0
7,29,29,1,1,1,0,0,1,0.0
7,29,29,1,1,1,1,0,0,0.0
7,29,29,1,1,1,0,0,1,0.0
7,29,29,1,1,1,1,0,0,0.0
7,29,41,1,1,2,2,0,0,0.0
7,29,29,2,3,12,6,3,3,0.0
7,29,29,2,4,8,0,3,0,0.0
7,30,29,2,4,14,0,1,3,0.0
7,30,29,2,5,12,0,0,5,1.0
7,30,29,2,2,8,3,1,1,0.0
7,30,29,1,1,5,2,1,2,0.0
7,30,9,2,3,10,0,5,5,0.0
7,30,9,1,1,1,1,0,0,0.0
7,30,16,2,3,16,1,2,13,0.0
7,30,29,2,4,10,3,0,1,0.0
7,30,29,2,4,18,1,7,0,0.0
7,30,29,2,2,43,11,20,11,1.0
7,30,42,2,1,6,1,3,1,1.0
7,30,29,1,1,5,0,4,1,0.0
7,30,29,2,2,2,1,1,0,0.0
7,30,29,1,1,1,1,0,0,0.0
7,30,29,2,3,27,15,10,9,5.0
7,30,29,2,4,10,0,0,4,4.0
7,30,29,1,1,5,0,0,2,0.0
7,30,9,2,2,7,1,5,1,0.0
7,30,29,1,2,3,1,2,0,0.0
7,30,29,2,1,4,0,4,0,1.0
7,30,29,1,1,1,0,0,0,0.0
7,30,29,1,1,3,0,3,0,0.0
7,30,29,1,1,1,0,1,0,0.0
7,30,29,1,1,7,6,0,0,0.0
7,30,29,1,4,7,0,4,3,1.0
7,30,29,2,2,4,3,0,1,0.0
7,30,29,2,1,3,3,0,0,0.0
7,30,29,1,1,1,0,0,1,0.0
7,30,15,2,1,2,2,0,0,0.0
7,30,29,2,5,12,0,0,0,0.0
7,30,24,1,1,2,0,0,1,0.0
7,30,29,1,1,3,3,0,0,0.0
7,30,29,2,1,3,1,0,2,0.0
7,30,29,2,1,2,0,2,0,0.0
7,30,29,1,1,1,0,0,0,0.0
7,30,29,1,1,1,0,0,1,0.0
7,30,29,2,3,9,0,6,0,0.0
7,30,29,1,1,3,0,3,0,0.0
7,30,29,1,1,1,0,0,0,0.0
7,30,29,2,1,3,0,2,0,0.0
7,30,29,1,1,1,0,0,0,0.0
7,30,29,2,2,7,0,0,0,2.0
7,30,29,2,2,4,0,3,0,0.0
7,30,29,2,2,2,0,1,0,0.0
7,30,29,1,1,1,0,1,0,0.0
7,30,29,1,1,1,0,0,0,0.0
7,30,29,1,1,2,0,0,0,0.0
7,30,29,1,1,1,1,0,0,0.0
7,30,29,2,1,4,0,3,1,0.0
7,30,29,1,1,2,0,1,1,0.0
7,30,29,2,3,9,0,2,5,0.0
7,30,29,2,3,12,13,0,0,1.0
7,30,29,2,1,4,3,2,0,1.0
7,30,29,1,1,1,1,0,0,0.0
7,30,29,1,2,5,0,5,0,0.0
7,30,29,2,1,3,3,0,0,0.0
7,30,29,1,1,3,4,0,0,1.0
7,30,29,2,4,15,0,8,4,1.0
7,30,29,2,3,10,3,2,5,0.0
7,30,29,1,2,4,0,4,0,0.0
7,30,29,2,2,2,0,0,1,1.0
7,30,29,1,1,1,0,0,1,0.0
7,30,29,2,2,13,4,0,0,1.0
7,30,29,1,1,5,2,2,0,0.0
7,30,29,1,1,1,0,1,0,0.0
7,30,29,1,2,3,2,1,0,0.0
7,30,29,2,4,9,0,1,2,0.0
7,30,29,2,3,7,3,2,1,0.0
7,30,29,2,1,4,0,2,0,0.0
7,30,29,1,3,4,0,1,1,0.0
7,30,29,1,1,1,1,0,0,0.0
7,30,44,2,2,6,0,0,5,0.0
7,30,29,2,2,11,0,9,1,0.0
7,30,29,2,2,5,0,0,5,0.0
7,30,29,1,1,1,0,1,0,0.0
7,30,29,2,1,4,0,3,1,0.0
7,30,29,2,1,6,4,0,2,0.0
7,30,29,2,1,5,1,1,2,1.0
7,30,29,1,1,1,0,0,0,0.0
7,30,29,2,2,4,0,0,5,1.0
7,30,29,1,1,2,0,0,0,0.0
7,30,29,2,1,2,0,2,0,0.0
7,30,46,2,2,2,1,0,0,0.0
7,30,29,2,3,13,5,6,3,1.0
7,30,29,2,1,8,0,1,3,0.0
7,30,29,1,4,5,2,0,3,0.0
7,30,29,2,2,7,5,0,4,2.0
7,30,29,1,1,3,2,0,0,0.0
7,30,29,1,1,1,1,0,0,0.0
7,30,29,2,4,17,0,2,4,0.0
7,30,29,1,2,2,0,2,0,0.0
7,30,29,2,3,9,0,0,0,1.0
7,30,29,2,5,15,5,1,4,2.0
7,30,29,1,1,2,1,1,0,0.0
7,30,29,1,1,1,0,1,0,0.0
7,30,29,1,1,1,1,0,0,0.0
7,30,29,2,1,3,0,3,0,0.0
7,30,29,1,1,1,0,1,0,0.0
7,30,29,2,2,3,1,0,0,0.0
7,30,29,2,3,8,5,1,0,0.0
7,30,29,1,1,1,1,0,0,0.0
7,30,29,2,4,11,0,0,5,1.0
7,30,29,2,4,7,0,0,0,0.0
7,30,29,1,1,1,0,1,0,0.0
7,30,9,2,2,2,0,0,2,0.0
7,30,29,2,4,19,2,4,11,0.0
7,30,29,2,5,9,1,0,0,2.0
7,30,29,2,2,2,0,0,1,0.0
7,30,29,2,2,3,0,0,2,0.0
7,30,29,2,3,18,11,4,3,0.0
7,30,29,2,3,30,13,3,6,2.0
7,30,29,1,1,3,4,0,0,1.0
7,30,29,2,1,5,5,0,0,0.0
7,30,21,1,1,1,0,0,0,0.0
7,30,29,2,4,7,4,0,3,1.0
7,30,46,2,1,4,0,3,1,0.0
7,30,29,1,1,2,2,0,0,0.0
7,30,29,2,2,5,0,0,0,0.0
7,30,29,1,2,2,1,0,1,0.0
7,30,29,2,4,8,0,0,8,0.0
7,30,29,2,1,7,7,0,0,0.0
7,30,9,1,1,7,7,0,0,0.0
7,30,29,1,1,1,1,0,0,0.0
7,30,9,1,1,1,0,0,1,0.0
7,30,44,2,3,6,0,0,3,0.0
7,30,46,2,5,21,6,0,6,1.0
7,30,16,1,1,1,0,0,1,0.0
7,30,24,1,1,1,0,0,0,0.0
7,30,29,2,3,10,1,5,4,0.0
7,30,29,2,2,4,0,2,0,0.0
7,30,29,1,1,2,0,2,0,0.0
7,30,29,2,3,8,3,1,2,1.0
7,30,29,1,1,1,1,0,0,0.0
7,30,9,1,1,4,2,2,0,0.0
7,30,9,2,3,6,2,0,4,0.0
7,30,29,1,1,1,0,0,0,0.0
7,30,29,1,1,1,1,0,0,0.0
7,30,29,1,1,1,1,0,0,0.0
7,30,29,1,3,4,1,0,3,0.0
7,30,9,2,2,5,0,6,1,2.0
7,30,29,2,1,4,0,5,0,1.0
7,30,29,1,2,2,0,2,0,0.0
7,30,46,2,2,3,2,0,0,1.0
7,30,29,2,3,4,1,2,1,0.0
7,30,29,2,2,2,1,0,1,0.0
7,30,29,1,1,3,0,3,0,0.0
7,30,29,2,3,4,3,1,0,0.0
7,30,29,2,1,2,2,0,0,0.0
7,30,29,2,2,5,4,0,1,0.0
7,30,29,1,1,1,0,0,0,0.0
7,30,9,1,1,6,6,0,0,0.0
7,30,29,1,1,1,1,0,0,0.0
7,31,29,1,1,1,0,0,1,0.0
7,31,29,2,3,11,0,0,7,0.0
7,31,9,1,1,1,0,1,0,0.0
7,31,9,1,1,4,2,2,0,0.0
7,31,38,1,1,1,1,0,0,0.0
7,31,9,2,4,17,4,4,10,1.0
7,31,29,2,3,6,1,0,2,0.0
7,31,29,2,1,6,1,0,5,0.0
7,31,29,2,3,9,0,5,1,0.0
7,31,29,2,4,17,7,3,3,2.0
7,31,29,1,3,4,5,0,0,1.0
7,31,29,1,2,6,1,5,0,0.0
7,31,29,1,1,2,1,1,0,0.0
7,31,29,1,3,6,0,3,3,0.0
7,31,29,2,4,8,1,0,1,0.0
7,31,29,2,1,2,0,0,2,0.0
7,31,29,1,1,2,0,2,0,0.0
7,31,9,1,2,5,5,0,0,0.0
7,31,29,2,4,12,3,0,0,1.0
7,31,41,2,4,6,2,0,4,0.0
7,31,29,1,2,7,0,7,0,0.0
7,31,44,1,1,2,2,0,0,0.0
7,31,16,1,3,7,0,0,7,0.0
7,31,29,2,2,4,0,1,0,0.0
7,31,9,1,2,4,2,0,2,0.0
7,31,9,2,1,5,1,3,2,1.0
7,31,9,1,1,1,1,0,0,0.0
7,31,29,1,1,1,1,0,0,0.0
7,31,29,1,1,1,0,1,0,0.0
7,31,29,1,1,2,0,4,0,1.0
7,31,29,1,1,2,1,0,0,0.0
7,31,29,2,2,2,0,1,0,0.0
7,31,29,2,1,2,0,2,0,0.0
7,31,29,2,1,3,0,3,0,0.0
7,31,29,1,1,2,0,2,0,0.0
7,31,29,2,4,19,4,0,14,0.0
7,31,29,1,2,3,0,0,1,0.0
7,31,29,2,4,10,6,1,3,0.0
7,31,29,1,1,1,0,1,0,0.0
7,31,29,2,2,2,0,1,1,0.0
7,31,29,2,2,4,3,0,1,0.0
7,31,9,2,2,2,2,0,0,0.0
7,31,24,1,1,2,1,0,0,0.0
7,31,9,2,1,2,2,0,0,0.0
7,31,9,2,2,6,4,1,2,1.0
7,31,9,2,3,5,0,0,6,1.0
7,31,29,1,1,1,1,0,0,0.0
7,31,29,2,2,2,0,0,2,0.0
7,31,29,1,1,1,0,0,1,0.0
7,31,29,1,1,1,0,0,0,0.0
7,31,29,1,1,1,0,0,0,0.0
7,31,29,2,2,4,0,0,2,0.0
7,31,29,2,2,4,0,1,2,0.0
7,31,29,1,2,3,0,0,3,0.0
7,31,29,1,1,1,0,0,0,0.0
7,31,29,1,1,4,0,2,2,0.0
7,31,29,2,4,15,2,0,5,0.0
7,31,29,2,3,4,0,2,1,0.0
7,31,29,2,4,10,0,0,0,0.0
7,31,29,1,2,3,0,3,0,0.0
7,31,29,1,1,1,0,0,0,0.0
7,31,29,2,4,7,2,3,1,0.0
7,31,29,2,3,5,0,1,0,0.0
7,31,29,1,1,2,1,2,0,1.0
7,31,29,1,1,2,0,2,0,0.0
7,31,29,2,1,5,2,0,0,0.0
7,31,29,2,3,4,0,0,1,0.0
7,31,29,2,3,6,1,0,0,0.0
7,31,29,2,1,3,1,0,2,0.0
7,31,29,1,1,1,1,0,0,0.0
7,31,29,1,1,8,8,0,0,2.0
7,31,29,2,2,8,0,4,4,0.0
7,31,29,1,1,1,0,1,0,0.0
7,31,29,1,1,1,0,1,0,0.0
7,31,29,1,1,1,0,0,1,0.0
7,31,29,1,1,1,0,0,1,0.0
7,31,29,2,3,8,5,0,3,0.0
7,31,29,2,5,17,0,0,2,0.0
7,31,29,2,4,4,1,0,3,0.0
7,31,29,2,1,5,0,0,3,1.0
7,31,29,1,1,1,1,0,0,0.0
7,31,29,1,1,2,0,2,0,0.0
7,31,29,2,2,5,0,5,0,0.0
7,31,29,2,3,6,0,0,2,0.0
7,31,44,2,1,21,5,12,5,2.0
7,31,29,2,4,15,2,6,1,0.0
7,31,29,2,3,3,0,0,2,0.0
7,31,29,2,3,3,0,1,0,0.0
7,31,29,1,2,3,2,1,0,0.0
7,31,29,2,2,10,6,3,2,1.0
7,31,29,2,2,9,2,4,1,1.0
7,31,29,1,1,2,2,0,0,0.0
7,31,29,1,2,2,0,1,0,0.0
7,31,37,1,1,1,0,1,0,0.0
7,31,29,1,1,1,0,0,0,0.0
7,31,29,2,4,6,2,0,1,0.0
7,31,29,1,1,2,0,2,0,0.0
7,31,29,2,2,2,0,0,1,0.0
7,31,29,1,1,1,0,0,0,0.0
7,31,44,2,3,8,0,3,3,0.0
7,31,29,2,1,3,0,0,0,0.0
7,31,29,2,1,10,0,3,5,0.0
7,31,29,2,3,8,4,0,4,0.0
7,31,29,2,2,3,0,0,0,0.0
7,31,29,1,1,1,0,0,1,0.0
7,31,29,1,2,2,2,0,0,0.0
7,31,29,2,5,24,9,0,3,2.0
7,31,29,1,1,1,0,0,0,1.0
7,31,29,1,2,2,0,0,2,0.0
7,31,29,2,4,9,1,0,0,1.0
7,31,29,2,4,5,0,1,3,0.0
7,31,29,2,1,10,6,4,0,1.0
7,31,29,2,1,2,1,0,0,0.0
7,31,29,2,1,4,1,1,0,0.0
7,31,29,2,2,2,2,0,0,0.0
7,31,29,2,3,12,8,0,0,0.0
7,31,9,1,1,2,3,0,0,1.0
7,31,29,2,2,3,0,0,0,0.0
7,31,29,1,1,2,2,0,0,0.0
7,31,29,2,1,4,1,0,0,0.0
7,31,29,1,1,1,0,1,0,0.0
7,31,29,1,1,1,0,0,1,0.0
7,31,29,1,1,1,1,0,0,0.0
7,31,29,1,1,1,0,1,0,0.0
7,31,29,1,1,1,0,0,1,0.0
7,31,29,1,1,1,0,2,0,1.0
7,31,29,1,2,5,0,1,4,0.0
7,31,29,1,1,1,1,0,0,0.0
7,31,29,2,3,8,5,0,2,1.0
7,31,29,1,1,1,0,1,0,0.0
7,31,29,1,1,1,1,0,0,0.0
7,31,29,2,1,2,3,0,0,1.0
7,31,29,1,1,2,2,0,0,0.0
7,31,46,1,1,1,2,0,0,1.0
7,31,29,2,3,5,0,0,4,0.0
7,31,46,2,3,10,1,3,8,2.0
7,31,29,2,4,11,0,0,8,0.0
7,31,29,1,2,2,1,1,0,0.0
7,31,29,2,4,14,10,1,3,1.0
7,31,29,1,1,1,0,1,0,0.0
7,31,29,2,1,2,2,0,0,0.0
7,31,29,1,1,1,0,0,1,0.0
7,31,29,2,1,7,0,2,3,0.0
7,31,29,1,1,1,2,0,0,1.0
7,31,29,1,1,1,0,0,1,0.0
7,31,29,1,1,5,3,0,0,3.0
7,31,9,1,1,1,1,0,0,0.0
7,31,9,2,2,10,12,0,0,2.0
7,31,29,1,2,7,4,3,0,0.0
7,31,29,1,1,4,3,1,0,0.0
7,31,29,2,2,18,0,7,0,0.0
7,31,9,2,1,17,40,0,0,10.0
7,31,28,2,3,6,3,0,0,0.0
7,31,46,2,1,4,3,1,0,0.0
7,31,9,1,2,2,3,0,0,1.0
7,31,29,2,5,28,5,10,7,2.0
7,31,29,2,4,9,2,0,0,1.0
7,31,29,2,1,2,1,0,0,0.0
7,31,29,1,1,1,0,0,1,0.0
7,31,29,1,3,7,2,0,5,0.0
7,31,9,1,1,2,2,0,0,0.0
7,31,29,2,2,6,2,5,0,1.0
7,31,29,2,2,3,0,1,0,0.0
7,31,9,2,2,5,0,1,5,1.0
7,31,46,2,3,9,3,0,1,1.0
7,31,29,1,2,3,0,0,3,0.0
7,31,29,1,2,2,0,0,0,0.0
7,31,29,1,2,7,0,7,0,0.0
7,31,29,2,1,5,2,0,2,0.0
7,31,29,2,2,4,0,0,1,1.0
7,31,9,1,1,1,1,0,0,0.0
7,31,44,2,4,9,4,0,5,0.0
7,31,46,1,1,1,1,0,0,0.0
7,31,41,1,1,1,2,0,0,1.0
7,31,29,1,1,2,0,2,0,0.0
7,31,29,2,4,17,10,0,1,0.0
7,31,29,2,5,15,3,0,5,0.0
8,1,29,1,1,4,3,0,1,0.0
8,1,29,1,1,2,0,2,0,0.0
8,1,29,2,5,9,1,0,2,0.0
8,1,29,1,3,7,0,0,7,0.0
8,1,3,1,3,10,5,0,1,0.0
8,1,29,1,1,1,0,1,0,0.0
8,1,9,1,1,1,1,0,0,0.0
8,1,29,1,2,4,1,3,0,0.0
8,1,29,1,1,3,0,3,0,0.0
8,1,9,2,3,8,3,3,2,0.0
8,1,29,1,1,1,0,1,0,0.0
8,1,29,1,2,6,0,6,0,0.0
8,1,9,2,1,3,0,2,1,0.0
8,1,29,1,2,4,0,4,0,0.0
8,1,29,1,1,1,0,0,0,0.0
8,1,29,2,2,3,0,0,1,0.0
8,1,29,1,1,1,1,0,0,0.0
8,1,29,2,1,7,4,2,0,1.0
8,1,21,2,2,7,0,0,0,0.0
8,1,41,1,1,3,3,0,0,0.0
8,1,29,1,1,1,0,1,0,0.0
8,1,29,1,1,1,0,0,0,1.0
8,1,29,2,4,9,3,0,3,1.0
8,1,29,2,4,8,1,2,5,0.0
8,1,29,2,3,15,0,12,7,6.0
8,1,29,2,1,6,1,0,3,1.0
8,1,29,2,3,4,0,0,0,0.0
8,1,21,1,1,1,0,1,0,0.0
8,1,29,2,2,11,5,3,0,0.0
8,1,29,2,3,7,0,0,1,0.0
8,1,29,1,2,2,0,0,1,0.0
8,1,29,2,3,6,0,1,4,2.0
8,1,29,2,1,8,2,4,0,0.0
8,1,29,2,1,5,3,2,0,0.0
8,1,29,2,1,2,0,0,2,0.0
8,1,29,2,3,8,3,0,6,1.0
8,1,29,2,1,2,0,0,2,0.0
8,1,29,1,3,3,2,0,0,0.0
8,1,29,2,3,7,0,1,3,0.0
8,1,29,1,1,1,1,0,0,0.0
8,1,29,1,1,1,1,0,0,0.0
8,1,29,1,1,1,0,0,0,0.0
8,1,29,2,3,4,1,1,0,0.0
8,1,29,1,1,1,0,1,0,0.0
8,1,29,2,3,13,9,0,0,2.0
8,1,29,1,1,1,0,1,0,0.0
8,1,29,2,4,18,0,1,17,1.0
8,1,29,2,3,16,3,6,5,2.0
8,1,29,2,1,10,6,0,0,2.0
8,1,29,2,3,6,2,2,2,0.0
8,1,29,1,1,1,1,0,0,0.0
8,1,29,2,3,5,0,0,0,0.0
8,1,29,1,2,6,5,1,0,0.0
8,1,29,1,1,2,1,1,0,0.0
8,1,29,2,1,5,1,2,0,0.0
8,1,29,2,3,17,7,2,3,2.0
8,1,29,2,3,21,2,10,8,0.0
8,1,29,1,1,1,2,0,0,1.0
8,1,29,1,1,1,0,1,0,0.0
8,1,29,1,1,6,0,1,5,0.0
8,1,29,1,1,3,1,1,1,0.0
8,1,29,2,3,19,4,0,0,4.0
8,1,29,1,1,2,0,2,0,0.0
8,1,29,2,3,8,4,1,3,2.0
8,1,29,2,1,8,1,0,0,1.0
8,1,29,2,4,9,0,2,3,0.0
8,1,29,2,4,29,0,9,3,1.0
8,1,29,2,1,13,9,1,4,1.0
8,1,29,1,1,1,0,1,0,0.0
8,1,29,1,1,1,0,0,0,0.0
8,1,29,2,1,5,3,1,1,0.0
8,1,29,1,1,1,0,1,0,0.0
8,1,29,2,1,4,0,4,0,0.0
8,1,29,2,2,2,0,0,1,0.0
8,1,29,2,3,5,3,0,2,1.0
8,1,29,1,1,3,1,1,1,0.0
8,1,29,2,1,20,7,0,0,4.0
8,1,29,2,4,10,3,0,3,0.0
8,1,29,2,3,5,0,0,1,0.0
8,1,29,2,4,13,3,0,0,1.0
8,1,29,1,1,2,1,1,0,0.0
8,1,29,1,1,1,0,0,0,0.0
8,1,29,1,1,2,2,0,1,1.0
8,1,29,1,2,4,4,0,0,0.0
8,1,29,2,3,4,1,1,2,0.0
8,1,29,1,2,2,2,0,0,0.0
8,1,29,2,2,3,0,3,0,2.0
8,1,29,1,1,1,0,1,0,0.0
8,1,29,1,1,1,0,1,0,0.0
8,1,29,1,1,2,2,0,0,0.0
8,1,29,1,2,3,1,2,0,0.0
8,1,29,2,1,3,0,1,0,0.0
8,1,29,1,2,5,0,1,0,0.0
8,1,29,2,5,24,1,1,0,0.0
8,1,29,2,1,2,0,2,0,0.0
8,1,29,1,2,3,2,1,0,0.0
8,1,29,1,1,1,0,0,1,0.0
8,1,29,1,1,1,1,0,0,0.0
8,1,29,2,1,4,0,0,4,0.0
8,1,29,1,2,2,0,0,2,0.0
8,1,29,1,1,1,1,0,0,0.0
8,1,29,1,2,9,7,2,2,3.0
8,1,29,1,1,3,2,0,1,0.0
8,1,29,1,1,1,0,1,0,0.0
8,1,29,1,1,3,4,0,0,1.0
8,1,29,1,1,1,0,1,0,0.0
8,1,29,1,1,1,1,0,0,0.0
8,1,29,2,3,17,2,5,7,1.0
8,1,9,1,1,6,6,0,0,0.0
8,1,29,1,2,2,0,0,2,0.0
8,1,29,2,2,4,1,0,0,1.0
8,1,46,2,1,4,2,2,0,0.0
8,1,9,2,4,15,0,7,8,0.0
8,1,29,1,1,3,0,1,0,0.0
8,1,29,1,2,3,2,0,1,0.0
8,1,29,1,1,2,1,0,1,0.0
8,1,46,2,2,2,0,1,1,0.0
8,1,29,1,1,1,1,0,0,0.0
8,1,29,2,2,4,1,0,3,0.0
8,1,29,2,2,4,0,0,1,0.0
8,1,29,1,1,1,0,0,0,1.0
8,1,29,2,2,5,0,4,0,0.0
8,1,29,2,3,5,2,0,0,0.0
8,1,29,2,1,6,0,6,0,0.0
8,1,9,1,2,2,0,5,0,2.0
8,1,29,2,3,8,0,3,3,0.0
8,1,29,2,3,10,7,0,0,0.0
8,1,29,2,4,15,10,0,1,3.0
8,1,29,1,1,1,0,1,0,0.0
8,1,29,2,3,10,5,0,5,0.0
8,1,29,2,5,27,7,4,2,0.0
8,1,29,2,1,3,1,2,0,0.0
8,1,29,1,1,2,0,2,0,0.0
8,1,29,2,2,17,4,12,0,0.0
8,2,29,1,1,1,0,0,0,0.0
8,2,29,2,1,2,1,0,0,0.0
8,2,29,2,2,2,0,0,2,0.0
8,2,29,2,1,3,0,3,0,0.0
8,2,39,1,3,8,2,9,0,3.0
8,2,39,1,2,2,1,1,0,0.0
8,2,29,2,1,2,0,0,3,1.0
8,2,29,1,1,3,1,1,1,0.0
8,2,29,1,1,1,0,0,0,0.0
8,2,9,1,1,1,0,0,1,0.0
8,2,29,1,1,4,0,6,0,1.0
8,2,9,2,3,13,11,0,5,2.0
8,2,29,1,2,3,0,1,2,0.0
8,2,29,1,1,1,0,1,0,0.0
8,2,29,1,2,2,0,1,1,0.0
8,2,9,1,1,1,0,0,1,0.0
8,2,29,2,1,8,4,0,0,0.0
8,2,29,2,1,2,0,2,0,0.0
8,2,29,1,1,1,0,1,0,0.0
8,2,24,1,1,2,1,0,1,0.0
8,2,29,2,1,9,4,0,0,0.0
8,2,29,1,1,1,0,0,1,0.0
8,2,29,1,1,1,0,1,0,0.0
8,2,29,1,1,1,0,0,0,0.0
8,2,29,2,4,12,7,2,0,0.0
8,2,29,2,3,10,11,0,1,2.0
8,2,29,2,1,3,0,0,0,0.0
8,2,29,2,4,7,0,0,6,0.0
8,2,29,1,1,2,0,2,0,0.0
8,2,24,2,1,2,0,2,0,0.0
8,2,29,1,1,1,1,0,0,0.0
8,2,29,1,4,8,0,0,2,0.0
8,2,9,2,2,3,2,0,1,0.0
8,2,21,1,2,3,2,1,0,0.0
8,2,29,2,1,3,0,3,0,0.0
8,2,29,1,1,2,1,0,1,0.0
8,2,29,1,1,3,3,0,0,0.0
8,2,9,2,4,9,6,0,4,1.0
8,2,29,2,4,9,2,0,5,0.0
8,2,29,1,1,1,2,0,0,1.0
8,2,29,2,4,11,0,6,1,0.0
8,2,29,1,2,4,0,4,0,0.0
8,2,29,2,5,10,0,1,0,0.0
8,2,29,2,3,15,6,0,4,0.0
8,2,29,2,2,9,0,17,0,3.0
8,2,29,2,3,7,4,2,0,0.0
8,2,29,1,1,1,0,1,0,0.0
8,2,29,2,1,2,0,3,0,1.0
8,2,29,1,1,4,5,0,0,1.0
8,2,29,1,2,5,1,2,2,0.0
8,2,29,1,2,2,2,0,0,0.0
8,2,29,2,3,4,0,3,1,0.0
8,2,29,1,1,4,2,0,1,0.0
8,2,29,2,2,3,0,0,0,0.0
8,2,29,2,3,10,3,4,1,0.0
8,2,29,1,1,5,5,0,0,0.0
8,2,29,1,1,1,0,1,0,0.0
8,2,29,2,1,2,2,0,0,0.0
8,2,29,2,1,2,0,0,0,0.0
8,2,29,1,1,2,1,0,0,0.0
8,2,29,1,1,1,0,1,0,0.0
8,2,29,2,1,5,0,4,0,0.0
8,2,29,1,1,2,0,2,0,0.0
8,2,29,1,1,1,0,1,0,0.0
8,2,29,2,1,17,12,2,5,4.0
8,2,29,2,1,11,0,13,0,1.0
8,2,29,1,2,2,0,0,1,0.0
8,2,29,2,2,6,1,4,0,0.0
8,2,29,2,1,2,0,1,0,0.0
8,2,29,2,4,19,2,9,6,3.0
8,2,29,1,1,2,2,0,0,0.0
8,2,29,1,1,1,0,0,1,0.0
8,2,29,2,3,8,5,1,0,0.0
8,2,9,1,1,1,0,0,1,0.0
8,2,29,1,1,1,0,1,0,0.0
8,2,29,2,4,9,1,3,3,0.0
8,2,29,2,4,11,2,2,0,1.0
8,2,29,2,3,6,0,0,6,0.0
8,2,29,2,4,10,2,3,0,0.0
8,2,29,2,1,2,1,0,1,0.0
8,2,29,1,1,4,3,1,0,0.0
8,2,29,1,2,4,4,0,1,1.0
8,2,29,1,1,4,4,0,0,0.0
8,2,29,1,1,1,1,0,0,0.0
8,2,29,1,3,3,0,2,1,0.0
8,2,29,2,4,22,9,1,6,1.0
8,2,29,1,1,1,0,1,0,0.0
8,2,29,2,3,3,0,0,0,0.0
8,2,12,2,2,3,2,0,0,0.0
8,2,29,1,1,2,1,1,0,0.0
8,2,29,1,1,1,0,0,0,0.0
8,2,29,2,4,8,0,1,0,0.0
8,2,29,2,5,10,0,0,2,1.0
8,2,29,2,3,12,9,0,0,1.0
8,2,46,1,1,3,1,0,2,0.0
8,2,29,2,1,5,2,1,0,0.0
8,2,29,2,1,3,0,3,0,0.0
8,2,29,1,1,2,2,0,0,0.0
8,2,29,1,1,1,1,0,0,0.0
8,2,29,2,1,3,0,3,0,0.0
8,2,29,1,1,1,0,0,1,0.0
8,2,29,1,1,1,0,1,0,0.0
8,2,29,1,1,1,0,0,0,0.0
8,2,29,2,1,8,0,0,3,1.0
8,2,29,2,2,3,1,0,0,0.0
8,2,29,2,3,6,3,0,3,0.0
8,2,29,1,1,1,0,0,1,0.0
8,2,29,2,2,5,1,0,0,0.0
8,2,29,2,2,4,0,4,0,0.0
8,2,29,1,1,1,0,1,0,0.0
8,2,9,2,1,11,14,0,0,3.0
8,2,29,1,1,2,0,2,0,0.0
8,2,29,2,1,13,0,10,0,1.0
8,3,29,1,2,5,5,0,0,0.0
8,3,29,2,4,4,1,0,3,0.0
8,3,9,2,1,23,6,11,8,2.0
8,3,29,1,1,4,3,0,0,0.0
8,3,9,2,2,5,2,0,3,0.0
8,3,29,1,3,6,6,0,0,0.0
8,3,29,2,2,6,0,0,5,0.0
8,3,29,2,3,7,2,0,4,0.0
8,3,29,1,1,4,4,0,0,0.0
8,3,24,1,1,1,1,0,0,0.0
8,3,29,1,3,3,0,0,3,0.0
8,3,29,1,2,3,2,0,0,0.0
8,3,29,2,2,3,0,1,1,0.0
8,3,29,1,1,2,0,1,0,0.0
8,3,41,1,1,1,0,0,1,0.0
8,3,29,2,4,23,5,3,8,0.0
8,3,29,2,3,5,2,0,4,1.0
8,3,29,1,2,2,0,1,1,0.0
8,3,29,2,5,10,1,0,2,0.0
8,3,9,1,1,1,1,0,0,0.0
8,3,21,2,4,9,4,0,6,9.0
8,3,29,2,3,5,0,0,6,1.0
8,3,29,1,1,1,0,0,0,0.0
8,3,29,1,1,1,0,1,0,0.0
8,3,29,1,1,1,0,0,1,0.0
8,3,29,2,3,11,0,2,3,1.0
8,3,9,1,1,1,1,0,0,0.0
8,3,29,2,2,9,0,10,0,1.0
8,3,29,2,2,3,1,1,1,0.0
8,3,29,2,4,6,2,0,4,0.0
8,3,29,1,2,3,1,0,2,0.0
8,3,29,2,3,7,0,4,3,0.0
8,3,29,1,1,1,0,0,0,1.0
8,3,29,1,3,5,1,1,2,0.0
8,3,29,2,4,10,0,0,0,0.0
8,3,29,1,3,4,0,3,2,1.0
8,3,29,2,3,5,1,0,4,0.0
8,3,29,2,1,5,5,0,0,0.0
8,3,29,2,2,5,2,0,3,0.0
8,3,29,2,1,6,5,3,0,2.0
8,3,29,2,1,7,0,2,0,0.0
8,3,29,2,4,6,0,0,4,0.0
8,3,29,2,4,13,0,4,4,0.0
8,3,29,1,2,3,3,1,0,1.0
8,3,29,1,1,1,1,0,0,0.0
8,3,29,2,1,4,0,4,0,0.0
8,3,29,1,1,1,1,0,0,0.0
8,3,29,1,1,3,3,0,0,0.0
8,3,29,2,2,3,0,0,0,0.0
8,3,29,2,1,5,2,0,3,0.0
8,3,29,1,1,1,0,1,0,0.0
8,3,29,2,2,4,1,0,3,0.0
8,3,29,2,1,4,0,0,6,1.0
8,3,29,1,2,7,0,7,0,0.0
8,3,29,2,2,8,0,2,0,0.0
8,3,29,2,2,4,2,2,0,0.0
8,3,29,2,1,3,1,1,1,0.0
8,3,29,1,1,1,0,0,0,0.0
8,3,29,2,2,2,1,0,0,0.0
8,3,29,2,3,4,2,1,0,0.0
8,3,29,2,1,8,0,8,0,0.0
8,3,29,2,2,9,4,5,0,1.0
8,3,29,2,2,3,3,0,0,0.0
8,3,29,1,2,2,0,2,0,0.0
8,3,29,2,3,3,0,1,0,0.0
8,3,29,2,5,13,0,4,0,0.0
8,3,29,2,2,4,0,0,2,0.0
8,3,29,2,2,2,1,0,1,0.0
8,3,29,1,1,1,1,0,0,0.0
8,3,29,2,3,5,0,0,0,0.0
8,3,29,2,3,6,0,2,4,0.0
8,3,29,2,1,4,0,0,2,0.0
8,3,29,2,5,136,28,26,50,19.0
8,3,29,1,1,2,0,1,1,0.0
8,3,29,2,3,15,0,10,0,0.0
8,3,29,2,3,6,0,0,6,0.0
8,3,29,1,1,3,3,1,0,1.0
8,3,29,2,2,8,0,10,0,2.0
8,3,29,2,5,28,7,1,9,0.0
8,3,46,2,3,8,2,2,1,0.0
8,3,29,2,1,2,0,2,0,0.0
8,3,29,2,3,9,5,0,6,2.0
8,3,29,2,4,7,2,3,0,0.0
8,3,29,1,1,1,0,1,0,0.0
8,3,29,1,1,3,1,0,0,0.0
8,3,29,2,1,4,1,2,1,0.0
8,3,29,1,2,2,0,2,0,0.0
8,3,29,1,2,2,0,0,2,0.0
8,3,29,1,1,1,1,0,0,0.0
8,3,29,1,1,1,0,1,0,0.0
8,3,29,2,3,8,2,0,0,0.0
8,3,29,1,1,3,0,3,0,0.0
8,3,29,2,3,5,0,0,0,1.0
8,3,24,1,1,1,0,1,0,0.0
8,3,29,1,1,1,0,1,0,0.0
8,3,29,1,1,2,2,0,0,0.0
8,3,29,1,1,3,0,0,3,0.0
8,3,29,1,2,2,1,0,1,0.0
8,3,29,1,1,1,1,0,0,0.0
8,3,29,1,2,4,0,5,0,1.0
8,3,21,1,1,1,1,0,0,0.0
8,3,9,2,3,19,6,8,12,7.0
8,3,9,2,4,32,0,0,33,1.0
8,3,46,2,1,2,0,1,1,0.0
8,3,29,1,1,1,1,0,0,0.0
8,3,29,2,4,16,5,7,4,3.0
8,3,46,1,1,4,0,5,0,1.0
8,3,46,2,3,6,2,0,4,0.0
8,3,29,2,1,4,2,1,1,0.0
8,3,29,1,1,4,4,0,0,0.0
8,3,29,1,1,1,1,0,0,0.0
8,3,9,1,2,4,0,4,0,0.0
8,3,29,2,1,7,4,1,2,0.0
8,3,29,2,4,8,0,0,6,0.0
8,3,29,1,1,1,0,1,0,0.0
8,3,29,1,1,1,1,0,0,0.0
8,3,46,1,1,1,0,1,0,0.0
8,3,29,1,1,1,0,0,0,0.0
8,3,29,2,2,2,0,0,1,0.0
8,3,9,1,2,2,0,0,2,0.0
8,4,29,2,4,8,0,0,1,1.0
8,4,29,1,1,2,0,0,2,0.0
8,4,29,2,3,6,0,5,1,0.0
8,4,29,2,2,4,0,0,1,0.0
8,4,29,2,3,6,3,1,2,0.0
8,4,29,1,1,1,0,0,1,0.0
8,4,9,2,4,11,6,1,12,7.0
8,4,29,2,4,13,1,6,4,0.0
8,4,29,2,2,13,4,2,0,0.0
8,4,41,1,1,1,0,0,0,0.0
8,4,9,2,1,5,5,0,1,1.0
8,4,29,2,1,6,3,2,1,0.0
8,4,29,2,1,3,0,3,0,0.0
8,4,29,2,2,6,0,4,1,2.0
8,4,29,1,1,5,2,1,1,1.0
8,4,29,2,4,6,3,0,3,0.0
8,4,29,1,1,2,0,0,0,1.0
8,4,29,1,2,2,1,1,0,0.0
8,4,9,1,1,3,3,0,0,0.0
8,4,29,2,3,5,3,0,3,1.0
8,4,29,2,4,4,0,2,1,0.0
8,4,29,2,1,2,1,0,0,0.0
8,4,29,1,1,1,0,0,0,0.0
8,4,29,2,2,4,0,3,1,0.0
8,4,29,1,1,1,0,0,1,0.0
8,4,29,1,1,3,3,0,0,0.0
8,4,29,1,1,1,0,1,0,0.0
8,4,29,2,3,7,2,0,5,0.0
8,4,9,2,1,2,2,0,1,1.0
8,4,29,1,1,1,1,0,0,0.0
8,4,29,1,1,1,0,0,0,0.0
8,4,29,2,1,2,0,0,0,0.0
8,4,29,1,1,2,0,2,0,0.0
8,4,29,2,3,7,0,0,0,0.0
8,4,29,1,1,1,1,0,0,0.0
8,4,28,2,3,9,6,1,3,1.0
8,4,29,1,1,3,0,3,0,0.0
8,4,28,2,1,15,2,6,10,8.0
8,4,29,2,4,25,3,5,0,8.0
8,4,29,2,3,7,0,0,9,1.0
8,4,29,1,1,4,0,3,0,0.0
8,4,29,1,1,1,0,1,0,0.0
8,4,29,1,1,1,0,0,0,0.0
8,4,29,2,3,4,2,0,0,0.0
8,4,9,2,3,10,9,0,7,6.0
8,4,29,2,1,4,0,3,0,0.0
8,4,29,1,2,6,0,4,2,0.0
8,4,29,1,1,3,3,0,0,0.0
8,4,29,1,1,1,0,0,1,0.0
8,4,29,1,1,1,1,0,0,0.0
8,4,29,1,1,4,4,0,0,0.0
8,4,29,1,1,1,1,0,0,0.0
8,4,29,1,1,1,0,0,0,1.0
8,4,29,1,1,1,1,0,0,0.0
8,4,29,2,2,8,0,0,3,0.0
8,4,29,2,4,7,3,0,0,0.0
8,4,29,1,1,1,0,0,1,0.0
8,4,29,1,1,1,0,1,0,0.0
8,4,29,1,1,4,3,0,1,0.0
8,4,29,1,1,3,0,0,0,0.0
8,4,29,2,4,7,0,0,6,0.0
8,4,29,2,1,3,0,3,0,0.0
8,4,29,2,4,4,1,0,2,0.0
8,4,29,2,3,7,4,3,0,0.0
8,4,29,2,1,5,0,1,2,0.0
8,4,29,2,1,3,3,0,0,0.0
8,4,29,1,1,1,0,1,0,0.0
8,4,29,1,2,10,2,5,2,0.0
8,4,38,2,2,3,1,0,2,0.0
8,4,29,2,2,3,0,3,0,0.0
8,4,29,1,1,5,0,5,0,0.0
8,4,29,2,3,9,0,0,4,0.0
8,4,29,2,3,8,1,0,5,0.0
8,4,29,2,3,10,1,6,3,0.0
8,4,29,1,1,3,1,0,2,0.0
8,4,29,2,2,3,0,2,0,0.0
8,4,29,1,1,1,0,0,1,0.0
8,4,29,1,1,1,1,0,0,0.0
8,4,29,1,1,1,0,0,2,1.0
8,4,29,1,1,2,0,0,2,0.0
8,4,29,1,2,5,0,5,0,0.0
8,4,29,1,1,1,0,1,0,0.0
8,4,9,2,3,10,3,4,3,0.0
8,4,29,1,1,2,2,0,0,0.0
8,4,29,2,1,4,0,4,0,0.0
8,4,29,2,3,6,1,0,8,3.0
8,4,29,1,1,2,2,0,0,0.0
8,4,29,1,1,1,0,0,0,0.0
8,4,29,2,2,10,2,2,6,0.0
8,4,29,2,5,19,2,0,10,0.0
8,4,29,2,1,8,4,3,1,0.0
8,4,29,2,1,2,0,0,2,0.0
8,4,46,1,1,1,0,0,1,0.0
8,4,29,1,1,2,2,0,0,0.0
8,4,29,1,1,1,0,0,0,0.0
8,4,29,2,3,4,1,0,3,0.0
8,4,29,1,1,3,3,0,0,0.0
8,4,29,2,2,4,2,0,0,0.0
8,4,29,2,4,8,1,6,2,1.0
8,4,29,1,1,1,1,0,0,0.0
8,4,29,1,4,10,7,2,1,2.0
8,4,29,2,1,5,5,0,0,0.0
8,4,29,1,1,1,2,0,0,1.0
8,4,29,1,1,1,1,0,0,0.0
8,4,29,2,2,5,1,0,0,0.0
8,4,29,1,1,2,1,0,0,0.0
8,4,29,1,1,3,1,1,1,0.0
8,4,29,2,3,25,4,11,3,1.0
8,4,29,1,2,5,5,0,0,0.0
8,4,3,1,1,1,1,0,0,0.0
8,4,29,2,2,4,1,0,0,0.0
8,4,29,1,1,3,2,1,0,0.0
8,4,29,2,3,3,3,0,0,0.0
8,4,29,2,5,24,1,6,15,3.0
8,4,29,2,2,6,0,6,0,0.0
8,4,29,1,1,1,1,0,0,0.0
8,4,29,2,2,7,0,0,3,0.0
8,4,29,2,3,4,3,0,2,1.0
8,4,46,2,2,5,3,4,0,2.0
8,4,29,1,1,2,1,0,1,0.0
8,4,29,2,5,18,5,0,3,4.0
8,4,29,1,1,1,0,1,0,0.0
8,4,29,1,1,6,2,1,2,0.0
8,4,29,2,3,3,0,0,0,1.0
8,4,29,1,3,8,3,0,3,0.0
8,4,29,1,1,1,0,0,0,0.0
8,4,29,2,2,5,3,1,1,0.0
8,4,29,1,2,2,0,2,0,0.0
8,4,29,2,3,7,3,0,4,0.0
8,4,46,2,3,6,1,1,1,0.0
8,4,29,1,2,3,0,0,3,0.0
8,4,29,1,1,1,1,0,0,0.0
8,4,29,1,1,1,0,0,1,0.0
8,4,29,2,3,24,1,15,0,1.0
8,4,9,2,1,4,2,1,1,0.0
8,4,29,1,1,3,3,0,0,0.0
8,4,29,1,1,4,0,4,0,0.0
8,4,29,2,4,30,5,12,13,0.0
8,4,29,2,3,3,1,0,0,0.0
8,4,29,1,1,1,0,0,0,0.0
8,4,29,2,3,3,0,3,0,1.0
8,4,29,1,1,2,0,2,0,0.0
8,4,29,2,4,8,0,0,0,1.0
8,4,29,2,2,10,6,0,0,0.0
8,4,29,2,3,7,0,0,3,0.0
8,4,29,1,1,1,1,0,0,0.0
8,4,29,2,4,11,0,6,1,0.0
8,4,29,2,2,3,0,0,1,0.0
8,4,29,2,4,9,0,0,0,0.0
8,4,29,2,1,15,10,3,0,0.0
8,4,29,2,4,20,0,6,11,0.0
8,4,29,1,1,4,2,2,0,0.0
8,4,29,2,3,6,2,0,2,0.0
8,4,29,2,3,8,0,0,4,0.0
8,4,29,2,1,2,0,0,2,0.0
8,4,29,1,1,1,1,0,0,0.0
8,4,29,1,2,6,0,6,0,0.0
8,4,29,2,4,5,0,0,4,0.0
8,4,44,2,3,5,0,0,2,0.0
8,4,29,1,1,1,1,0,0,0.0
8,4,29,1,2,3,2,1,0,0.0
8,4,29,2,1,5,2,1,2,0.0
8,4,9,2,3,4,1,0,3,0.0
8,4,29,1,1,1,1,0,0,0.0
8,4,9,1,2,5,5,0,0,0.0
8,4,46,1,1,6,3,2,1,0.0
8,4,29,2,1,3,1,2,0,0.0
8,4,29,2,5,10,2,1,0,0.0
8,4,29,2,3,10,0,0,9,2.0
8,4,29,2,2,8,0,2,4,1.0
8,4,29,1,1,1,1,0,0,0.0
8,4,29,1,1,1,1,0,0,0.0
8,4,29,2,1,4,1,0,0,0.0
8,4,29,1,1,4,7,0,0,3.0
8,4,46,1,1,6,5,1,0,0.0
8,4,29,2,4,6,0,2,0,0.0
8,4,44,1,1,2,1,0,1,0.0
8,4,29,2,1,12,8,0,0,0.0
8,4,29,1,1,2,1,0,0,0.0
8,4,29,2,2,6,0,0,0,0.0
8,4,29,1,1,1,0,1,0,0.0
8,4,29,1,1,1,1,0,0,0.0
8,4,29,2,5,16,1,0,0,0.0
8,4,29,2,2,11,10,0,0,2.0
8,4,34,1,1,1,1,0,0,0.0
8,4,9,2,3,15,3,0,20,5.0
8,4,29,2,1,8,4,0,0,0.0
8,4,29,1,1,1,1,0,0,0.0
8,4,29,1,1,1,1,0,0,0.0
8,4,9,1,1,1,0,0,1,0.0
8,4,29,1,1,1,1,0,0,0.0
8,4,29,1,1,2,2,0,0,0.0
8,4,29,2,3,12,0,0,1,0.0
8,4,29,2,2,2,1,0,1,0.0
8,4,29,2,3,26,12,0,0,4.0
8,5,29,2,3,5,0,3,0,0.0
8,5,29,2,2,3,1,0,2,0.0
8,5,29,2,3,6,0,0,5,0.0
8,5,29,2,4,20,2,0,10,1.0
8,5,29,1,1,1,1,0,0,0.0
8,5,29,2,2,6,2,1,2,0.0
8,5,29,2,5,10,0,1,3,1.0
8,5,9,1,1,3,3,0,0,0.0
8,5,29,2,2,3,0,0,2,0.0
8,5,29,1,1,1,0,0,0,0.0
8,5,19,1,1,1,1,0,0,0.0
8,5,9,1,2,3,2,0,1,0.0
8,5,29,2,2,6,1,4,1,0.0
8,5,9,1,1,2,0,2,0,0.0
8,5,9,2,4,5,1,0,4,0.0
8,5,29,1,1,3,0,3,0,0.0
8,5,16,1,1,2,0,2,0,0.0
8,5,29,2,4,23,3,13,1,0.0
8,5,29,2,5,14,1,0,1,1.0
8,5,29,1,2,2,0,0,1,0.0
8,5,41,2,2,6,3,3,0,0.0
8,5,29,2,5,25,10,0,3,1.0
8,5,9,1,1,1,2,0,0,1.0
8,5,29,1,1,1,0,0,1,0.0
8,5,29,1,1,1,0,1,0,0.0
8,5,29,1,1,1,1,0,0,0.0
8,5,29,2,3,3,0,0,1,0.0
8,5,29,1,1,1,0,1,0,0.0
8,5,29,1,2,4,1,3,0,0.0
8,5,29,2,4,6,0,2,0,0.0
8,5,29,2,3,8,3,0,4,0.0
8,5,29,2,1,3,1,0,0,1.0
8,5,29,2,2,2,0,0,2,0.0
8,5,10,1,1,3,2,0,1,0.0
8,5,29,1,1,1,1,0,0,0.0
8,5,29,2,2,3,2,0,0,0.0
8,5,29,2,1,6,0,0,6,1.0
8,5,29,2,1,11,5,0,3,0.0
8,5,29,2,1,2,0,0,0,0.0
8,5,29,2,1,7,4,3,0,0.0
8,5,29,2,3,3,1,0,2,0.0
8,5,29,1,2,2,0,2,0,0.0
8,5,29,1,2,3,3,0,0,0.0
8,5,29,1,1,1,0,0,1,0.0
8,5,29,1,2,2,2,0,0,0.0
8,5,29,1,2,2,0,0,0,0.0
8,5,29,2,1,5,1,0,2,0.0
8,5,29,1,1,1,0,0,1,0.0
8,5,29,2,1,4,1,1,1,0.0
8,5,29,1,1,5,4,2,0,1.0
8,5,29,1,1,1,0,0,0,0.0
8,5,29,2,3,5,3,0,0,2.0
8,5,29,1,1,1,1,0,0,0.0
8,5,29,2,2,6,2,1,0,0.0
8,5,29,1,2,3,1,0,2,1.0
8,5,29,1,3,4,3,0,4,3.0
8,5,29,2,2,8,1,6,1,0.0
8,5,29,1,1,2,2,0,0,0.0
8,5,29,1,1,3,0,2,1,0.0
8,5,29,2,4,17,6,7,1,1.0
8,5,29,1,1,1,0,1,0,0.0
8,5,29,1,2,5,0,5,0,0.0
8,5,29,1,1,6,2,0,0,0.0
8,5,29,1,1,1,0,1,0,0.0
8,5,29,1,1,1,0,0,0,0.0
8,5,29,2,1,2,0,1,0,0.0
8,5,29,1,1,3,3,0,0,0.0
8,5,29,2,4,10,1,0,9,0.0
8,5,29,2,1,8,0,0,0,0.0
8,5,29,2,3,3,0,0,1,0.0
8,5,29,2,2,4,0,4,0,0.0
8,5,29,2,3,4,1,1,0,0.0
8,5,29,2,2,2,1,1,0,0.0
8,5,29,2,2,2,0,1,0,0.0
8,5,29,2,3,4,3,0,0,0.0
8,5,29,2,5,8,1,1,3,0.0
8,5,29,2,4,11,3,0,8,0.0
8,5,29,2,1,2,1,0,0,0.0
8,5,29,1,3,4,0,1,2,0.0
8,5,29,1,2,5,3,1,1,0.0
8,5,29,1,1,2,1,0,1,0.0
8,5,29,2,1,11,1,3,0,0.0
8,5,29,2,2,4,0,4,0,0.0
8,5,29,2,3,7,5,0,3,1.0
8,5,29,2,2,4,0,0,4,0.0
8,5,29,2,4,11,4,0,7,0.0
8,5,29,1,2,2,0,2,0,0.0
8,5,29,2,1,6,0,3,0,0.0
8,5,29,2,1,3,0,3,0,0.0
8,5,29,1,1,1,0,0,0,0.0
8,5,29,2,5,27,1,0,1,0.0
8,5,29,2,3,19,0,13,1,1.0
8,5,29,1,1,1,0,0,1,0.0
8,5,29,1,1,3,0,0,0,0.0
8,5,29,1,1,1,0,0,1,0.0
8,5,29,2,3,12,3,1,8,0.0
8,5,44,1,1,1,0,0,1,0.0
8,5,29,2,1,13,7,2,3,2.0
8,5,29,1,1,1,0,0,0,0.0
8,5,29,2,4,21,1,0,0,7.0
8,5,29,2,2,10,5,1,2,0.0
8,5,29,2,5,12,1,0,5,1.0
8,5,29,2,1,4,1,2,0,0.0
8,5,29,1,1,2,0,3,0,1.0
8,5,29,2,3,5,2,0,2,0.0
8,5,29,1,1,1,1,0,0,0.0
8,5,29,1,1,1,0,0,1,0.0
8,5,29,1,1,2,0,3,0,1.0
8,5,29,2,3,9,1,0,8,0.0
8,5,29,1,1,2,2,0,0,0.0
8,5,29,2,1,4,0,0,0,2.0
8,5,29,2,4,15,5,0,2,3.0
8,5,29,2,5,10,3,0,0,0.0
8,5,29,1,1,1,0,0,1,0.0
8,5,29,1,2,2,0,0,3,1.0
8,5,29,1,1,1,1,0,0,0.0
8,5,29,2,3,8,2,0,3,1.0
8,5,29,2,3,10,6,0,2,0.0
8,5,29,1,1,4,4,0,0,0.0
8,5,29,1,1,2,2,0,0,0.0
8,5,29,1,1,1,1,0,0,0.0
8,5,29,1,1,1,0,2,0,1.0
8,5,29,2,5,16,12,0,3,4.0
8,5,29,1,1,3,5,0,0,2.0
8,5,29,2,1,3,0,4,0,1.0
8,5,29,2,5,12,2,0,0,0.0
8,5,29,2,2,2,1,0,0,0.0
8,5,29,2,3,8,6,0,2,0.0
8,5,29,1,2,2,0,0,0,0.0
8,5,29,1,1,1,0,1,0,0.0
8,5,29,1,1,1,0,1,0,0.0
8,5,29,2,3,5,0,0,3,0.0
8,5,29,2,2,17,4,12,1,0.0
8,5,29,2,3,4,0,0,2,0.0
8,5,29,1,1,1,0,0,1,0.0
8,5,29,1,1,1,0,0,0,0.0
8,5,5,2,2,4,2,0,1,0.0
8,5,29,2,2,5,2,0,0,0.0
8,5,29,2,2,5,5,0,0,0.0
8,5,29,1,1,4,6,0,0,2.0
8,5,29,2,2,3,0,3,0,0.0
8,5,29,2,1,6,2,2,1,0.0
8,5,29,2,1,3,3,0,0,0.0
8,5,29,1,1,1,0,0,0,0.0
8,5,29,2,1,3,0,3,0,1.0
8,5,29,1,1,3,0,0,0,0.0
8,5,29,2,4,5,1,1,1,0.0
8,5,29,2,2,8,2,6,0,0.0
8,5,29,2,4,12,0,2,6,0.0
8,5,29,1,1,1,0,1,0,0.0
8,5,29,1,1,2,2,0,0,0.0
8,5,46,1,1,2,1,1,0,0.0
8,5,29,2,2,6,0,0,0,0.0
8,5,29,2,4,7,0,0,4,0.0
8,5,29,1,1,1,0,0,0,0.0
8,5,29,1,1,6,5,3,0,2.0
8,5,29,1,1,4,2,0,0,0.0
8,5,29,1,1,1,0,0,2,1.0
8,5,9,2,3,8,4,0,4,0.0
8,5,29,1,1,3,0,1,1,0.0
8,5,29,1,1,2,2,0,0,0.0
8,5,29,2,3,5,0,1,4,0.0
8,5,29,1,1,2,0,0,0,0.0
8,5,44,2,2,4,0,4,0,1.0
8,5,29,2,2,15,6,1,7,0.0
8,5,9,2,3,7,5,2,0,0.0
8,5,29,1,1,2,2,0,0,0.0
8,5,29,1,1,1,0,0,0,0.0
8,5,29,2,2,3,1,0,2,0.0
8,5,29,2,3,10,28,0,0,5.0
8,5,46,1,1,1,1,0,0,0.0
8,5,29,1,1,1,0,0,1,0.0
8,5,44,1,1,1,0,0,0,0.0
8,5,44,1,2,3,0,3,0,0.0
8,5,29,1,1,1,1,0,0,0.0
8,5,34,1,1,1,0,0,1,0.0
8,5,29,2,3,7,2,2,1,0.0
8,5,29,1,1,1,0,0,0,0.0
8,5,9,1,1,3,3,0,0,0.0
8,5,29,2,2,3,0,0,3,0.0
8,5,29,1,2,4,0,3,0,0.0
8,5,29,2,3,5,0,0,0,0.0
8,5,29,1,1,1,0,0,0,0.0
8,5,29,1,1,5,0,5,0,0.0
8,5,29,1,1,1,0,2,0,1.0
8,6,29,2,4,15,9,0,2,0.0
8,6,29,1,2,4,4,0,0,0.0
8,6,29,1,1,2,0,0,2,0.0
8,6,29,2,3,5,0,1,4,0.0
8,6,29,1,1,1,1,0,0,0.0
8,6,16,1,1,2,1,0,0,0.0
8,6,29,2,1,7,0,4,3,0.0
8,6,29,2,4,9,0,0,5,2.0
8,6,29,1,1,2,1,0,0,0.0
8,6,9,2,1,9,3,5,1,0.0
8,6,2,1,1,1,0,1,0,0.0
8,6,29,2,4,10,5,2,0,1.0
8,6,9,2,4,22,11,1,11,1.0
8,6,29,2,2,2,0,0,1,0.0
8,6,29,2,4,19,5,0,13,0.0
8,6,29,2,5,12,0,0,6,1.0
8,6,29,2,4,119,37,4,56,11.0
8,6,29,1,1,1,0,1,0,0.0
8,6,29,1,1,2,0,2,0,0.0
8,6,29,2,3,6,0,2,0,0.0
8,6,29,1,1,2,0,2,0,0.0
8,6,29,2,3,10,4,8,0,1.0
8,6,29,2,4,11,7,0,5,2.0
8,6,29,1,1,2,1,0,0,0.0
8,6,29,2,1,4,0,0,0,1.0
8,6,24,1,1,1,1,0,0,0.0
8,6,29,1,1,4,4,0,0,0.0
8,6,29,2,2,8,1,0,0,1.0
8,6,29,1,1,1,0,1,0,0.0
8,6,29,1,2,5,0,4,1,0.0
8,6,29,2,1,2,2,0,0,0.0
8,6,29,2,4,11,3,0,9,5.0
8,6,29,2,2,6,4,0,0,0.0
8,6,29,2,4,13,4,0,6,1.0
8,6,29,1,4,9,3,1,3,0.0
8,6,29,2,2,2,1,0,1,0.0
8,6,29,2,2,4,0,0,0,0.0
8,6,24,1,2,3,1,0,0,0.0
8,6,10,2,4,23,0,0,13,2.0
8,6,9,1,1,1,1,0,0,0.0
8,6,29,1,2,2,0,2,0,0.0
8,6,29,2,3,11,0,6,6,1.0
8,6,29,1,1,1,0,1,0,0.0
8,6,29,1,2,6,4,1,1,1.0
8,6,29,1,1,1,0,0,0,0.0
8,6,29,2,2,3,2,0,1,0.0
8,6,29,2,2,7,0,1,6,0.0
8,6,29,2,3,6,2,0,2,0.0
8,6,29,2,2,2,0,0,2,0.0
8,6,29,2,3,5,2,3,0,1.0
8,6,29,2,4,6,1,0,2,0.0
8,6,29,2,2,2,1,0,1,0.0
8,6,29,2,4,10,6,2,1,0.0
8,6,29,1,1,1,0,2,0,1.0
8,6,29,2,1,4,3,0,0,0.0
8,6,29,1,1,2,2,0,0,0.0
8,6,29,2,3,5,3,0,2,0.0
8,6,29,1,1,1,0,0,1,0.0
8,6,29,2,1,3,1,0,2,0.0
8,6,29,1,2,2,0,0,1,0.0
8,6,29,1,1,1,0,1,0,0.0
8,6,29,2,2,11,5,0,0,1.0
8,6,38,2,3,3,1,1,1,0.0
8,6,29,1,1,3,0,3,0,1.0
8,6,29,2,4,9,3,0,0,0.0
8,6,29,1,1,2,1,1,0,0.0
8,6,29,2,2,6,0,0,2,0.0
8,6,29,2,4,11,0,0,10,0.0
8,6,29,2,2,4,3,0,0,0.0
8,6,29,2,1,8,3,1,5,1.0
8,6,29,2,3,5,2,1,2,0.0
8,6,29,2,3,6,1,3,3,1.0
8,6,29,2,3,5,0,1,4,0.0
8,6,29,1,1,1,0,0,0,0.0
8,6,29,1,2,4,2,2,0,0.0
8,6,29,2,4,10,3,0,0,0.0
8,6,29,1,1,1,0,0,0,0.0
8,6,29,2,1,3,0,0,3,0.0
8,6,29,1,1,1,0,0,0,0.0
8,6,29,1,1,3,0,0,3,0.0
8,6,29,1,2,2,1,0,1,0.0
8,6,29,2,5,50,21,9,3,0.0
8,6,29,1,1,1,1,0,0,0.0
8,6,29,2,1,8,4,3,1,0.0
8,6,29,1,1,1,0,0,1,0.0
8,6,29,1,1,1,0,0,0,0.0
8,6,29,2,1,4,3,0,1,0.0
8,6,29,1,1,1,0,0,1,0.0
8,6,29,1,1,1,1,0,0,0.0
8,6,29,2,1,5,1,5,0,1.0
8,6,29,2,3,14,10,0,1,1.0
8,6,29,1,1,2,0,2,0,0.0
8,6,29,1,1,1,0,0,0,0.0
8,6,29,2,1,7,1,0,0,3.0
8,6,29,2,2,4,3,0,0,0.0
8,6,29,1,2,8,6,0,0,0.0
8,6,29,1,1,1,0,1,0,0.0
8,6,29,1,1,1,0,0,1,0.0
8,6,29,2,4,26,6,7,7,1.0
8,6,29,1,1,2,2,0,0,0.0
8,6,29,2,2,8,0,7,1,1.0
8,6,29,2,2,7,1,5,0,0.0
8,6,29,2,2,10,3,6,1,0.0
8,6,29,1,1,2,2,0,0,0.0
8,6,29,2,1,3,0,3,0,0.0
8,6,46,2,3,14,4,16,2,6.0
8,6,29,1,4,4,1,0,2,0.0
8,6,29,2,4,10,1,4,5,0.0
8,6,29,1,1,3,0,0,1,0.0
8,6,29,1,1,3,0,0,0,0.0
8,6,29,2,4,21,14,6,2,4.0
8,6,29,1,1,2,0,1,1,0.0
8,6,29,1,2,5,0,5,0,0.0
8,6,29,2,4,14,5,2,6,0.0
8,6,29,2,4,19,0,9,4,1.0
8,6,29,1,2,4,2,2,0,0.0
8,6,29,2,5,23,7,0,0,6.0
8,6,29,2,4,11,1,0,6,1.0
8,6,29,1,2,4,0,3,0,0.0
8,6,29,1,3,7,2,4,1,1.0
8,6,34,1,1,1,0,0,0,0.0
8,6,29,2,2,6,1,1,4,0.0
8,6,29,1,1,1,0,1,0,0.0
8,6,29,2,2,4,1,0,3,0.0
8,6,29,1,1,4,2,0,0,0.0
8,6,29,2,1,2,0,0,0,0.0
8,6,29,1,2,2,0,0,2,0.0
8,6,29,2,2,6,2,1,0,0.0
8,6,29,1,1,1,0,0,2,1.0
8,6,29,1,1,3,2,0,0,0.0
8,6,29,2,3,4,0,0,1,0.0
8,6,24,1,2,5,0,7,0,1.0
8,6,29,1,1,2,2,0,0,0.0
8,6,29,2,2,3,0,0,0,0.0
8,6,29,2,4,16,6,0,5,1.0
8,6,29,2,3,10,2,1,4,0.0
8,6,29,1,2,2,1,0,1,0.0
8,6,29,2,4,9,0,0,3,0.0
8,6,29,1,1,1,1,0,0,0.0
8,6,29,2,2,4,0,4,0,0.0
8,6,29,2,2,3,2,0,1,0.0
8,6,29,2,5,28,8,4,2,2.0
8,6,29,1,1,1,0,0,1,0.0
8,6,29,2,2,2,2,0,0,0.0
8,6,29,2,2,13,5,0,2,1.0
8,6,29,1,3,3,3,0,0,0.0
8,6,9,1,1,6,6,0,0,0.0
8,6,29,1,2,2,2,0,0,0.0
8,6,46,1,1,5,2,1,2,0.0
8,6,29,2,4,15,3,0,1,0.0
8,6,29,2,1,13,5,3,2,2.0
8,6,29,1,1,1,0,1,0,0.0
8,6,29,2,2,2,1,0,1,0.0
8,6,9,1,2,9,9,0,0,0.0
8,6,9,2,3,17,11,3,5,2.0
8,6,29,2,3,23,5,7,4,0.0
8,6,29,1,2,2,0,0,1,0.0
8,6,29,2,3,5,0,0,0,1.0
8,6,29,2,4,17,7,1,4,1.0
8,6,29,1,1,2,1,1,0,0.0
8,6,29,2,1,2,0,0,0,0.0
8,6,29,2,2,13,10,0,0,0.0
8,6,29,2,1,22,10,11,0,1.0
8,6,29,2,2,2,0,0,2,0.0
8,6,29,1,1,2,0,0,2,0.0
8,6,29,2,2,10,4,1,1,1.0
8,6,29,2,1,4,1,2,1,0.0
8,6,29,2,3,8,3,1,4,1.0
8,6,29,1,1,6,7,0,0,2.0
8,6,29,2,3,3,0,1,0,0.0
8,6,46,1,1,4,0,6,0,1.0
8,6,29,1,1,1,0,0,1,0.0
8,7,29,1,1,1,0,0,0,0.0
8,7,9,1,3,12,4,5,3,0.0
8,7,29,1,1,1,1,0,0,0.0
8,7,29,2,3,12,6,3,3,0.0
8,7,29,2,4,19,7,0,0,1.0
8,7,29,1,1,1,1,0,0,0.0
8,7,3,2,4,18,0,0,0,1.0
8,7,3,2,2,7,0,4,0,0.0
8,7,29,1,1,1,0,1,0,0.0
8,7,29,2,4,8,0,0,1,0.0
8,7,9,2,3,8,2,0,6,0.0
8,7,9,1,1,1,1,0,0,0.0
8,7,29,2,2,7,5,0,0,0.0
8,7,29,1,2,3,0,3,0,0.0
8,7,29,2,3,3,0,1,0,0.0
8,7,29,2,1,2,1,0,1,0.0
8,7,9,1,1,1,0,1,0,0.0
8,7,9,1,1,1,1,0,0,0.0
8,7,29,2,4,13,3,5,0,1.0
8,7,29,2,3,8,0,3,1,0.0
8,7,29,2,3,6,2,0,2,0.0
8,7,29,1,1,3,3,0,0,0.0
8,7,29,2,3,8,1,0,0,1.0
8,7,29,1,1,1,0,0,0,0.0
8,7,29,2,1,2,0,0,1,0.0
8,7,29,2,1,3,0,2,1,0.0
8,7,29,2,2,5,0,5,0,0.0
8,7,29,2,3,7,2,2,2,0.0
8,7,29,1,1,5,0,6,0,1.0
8,7,29,1,1,1,1,0,0,0.0
8,7,29,2,3,5,1,1,0,0.0
8,7,29,2,3,5,2,2,0,0.0
8,7,29,2,2,6,0,7,0,1.0
8,7,29,2,3,17,5,6,0,1.0
8,7,29,2,2,3,2,0,0,0.0
8,7,29,1,2,4,3,1,0,0.0
8,7,9,1,2,6,0,2,4,0.0
8,7,41,1,1,1,1,0,0,0.0
8,7,29,1,1,4,0,4,0,0.0
8,7,29,1,1,3,3,0,0,0.0
8,7,29,2,2,3,1,0,0,0.0
8,7,29,2,3,5,0,1,2,0.0
8,7,29,2,2,6,6,0,0,0.0
8,7,29,1,2,3,1,1,0,0.0
8,7,29,1,1,1,1,0,0,0.0
8,7,29,1,3,5,5,0,0,0.0
8,7,29,2,2,7,0,1,0,0.0
8,7,29,1,1,1,0,0,1,0.0
8,7,29,1,1,1,0,0,2,1.0
8,7,29,1,1,1,0,0,1,0.0
8,7,29,1,2,5,5,0,0,0.0
8,7,29,1,1,1,0,0,0,0.0
8,7,29,1,1,1,0,1,0,0.0
8,7,29,2,1,12,3,0,0,3.0
8,7,29,1,1,2,0,2,0,0.0
8,7,46,1,2,2,0,2,0,0.0
8,7,29,1,2,2,0,0,0,0.0
8,7,29,1,1,1,0,0,0,0.0
8,7,29,1,1,1,0,0,1,0.0
8,7,29,2,5,5,0,1,1,0.0
8,7,29,1,1,4,4,0,0,0.0
8,7,29,2,2,6,0,1,5,0.0
8,7,29,1,1,2,1,0,0,0.0
8,7,29,1,3,3,0,0,0,0.0
8,7,16,1,1,8,8,0,0,0.0
8,7,29,2,1,7,7,0,0,1.0
8,7,29,1,1,2,0,0,2,0.0
8,7,29,2,3,17,6,1,9,1.0
8,7,29,1,1,1,1,0,0,0.0
8,7,29,1,1,1,0,1,0,0.0
8,7,29,2,4,14,8,3,2,0.0
8,7,29,2,1,2,0,2,0,0.0
8,7,29,2,2,6,0,0,6,0.0
8,7,29,1,1,6,8,0,0,3.0
8,7,29,1,1,1,0,1,0,0.0
8,7,29,1,1,1,1,0,0,0.0
8,7,29,2,1,2,0,0,0,1.0
8,7,29,1,1,3,1,1,1,0.0
8,7,29,1,1,1,0,1,0,0.0
8,7,29,1,1,1,0,0,1,0.0
8,7,29,2,2,5,0,0,1,0.0
8,7,29,1,1,3,0,3,0,0.0
8,7,29,2,1,5,0,6,0,1.0
8,7,29,2,3,4,1,0,2,0.0
8,7,29,2,3,6,2,0,3,2.0
8,7,29,2,4,9,4,2,0,1.0
8,7,29,2,2,7,0,7,0,0.0
8,7,29,2,2,3,0,0,2,0.0
8,7,29,1,2,4,0,4,0,1.0
8,7,29,1,1,4,0,0,2,1.0
8,7,29,1,1,1,0,0,1,0.0
8,7,29,1,1,1,1,0,0,0.0
8,7,29,2,2,4,3,1,0,0.0
8,7,29,1,1,4,0,4,0,0.0
8,7,29,2,5,10,1,0,3,2.0
8,7,29,2,2,3,3,0,0,0.0
8,7,29,1,1,4,4,0,0,0.0
8,7,29,2,3,19,10,3,2,0.0
8,7,29,1,1,3,1,1,1,0.0
8,7,29,2,2,6,0,6,0,0.0
8,7,29,1,1,1,0,0,0,0.0
8,7,29,2,2,5,0,5,0,0.0
8,7,29,1,1,4,4,0,0,0.0
8,7,34,2,3,3,1,0,0,0.0
8,7,29,2,4,8,1,0,0,1.0
8,7,29,1,1,9,8,0,1,1.0
8,7,29,2,1,5,1,4,0,0.0
8,7,29,2,2,6,0,0,3,0.0
8,7,29,2,2,4,0,5,0,1.0
8,7,29,2,2,7,7,1,0,1.0
8,7,29,2,5,6,0,0,0,0.0
8,7,29,2,5,8,0,6,3,3.0
8,7,29,1,2,2,0,2,0,0.0
8,7,29,2,2,3,0,1,2,0.0
8,7,29,2,1,2,1,0,0,0.0
8,7,29,1,1,1,1,0,0,0.0
8,7,29,2,1,12,15,0,3,7.0
8,7,29,1,1,1,1,0,0,0.0
8,7,29,1,1,4,5,0,0,1.0
8,7,29,1,1,2,0,2,0,0.0
8,7,29,2,3,10,2,0,7,0.0
8,7,29,1,1,1,0,1,0,0.0
8,7,29,1,1,1,0,1,0,0.0
8,7,29,2,2,3,0,0,2,0.0
8,7,29,1,1,1,1,0,0,0.0
8,7,29,1,2,4,0,4,0,0.0
8,7,29,2,5,64,0,1,10,1.0
8,7,46,1,1,3,3,0,0,0.0
8,7,46,2,1,4,1,1,2,0.0
8,7,46,1,1,1,0,0,1,0.0
8,7,29,2,1,16,3,7,0,0.0
8,7,29,2,1,2,0,0,2,0.0
8,7,29,1,1,10,0,2,3,1.0
8,7,29,1,1,1,0,0,0,0.0
8,7,9,2,2,3,0,3,0,0.0
8,7,29,1,1,3,3,0,0,0.0
8,7,29,2,1,3,2,0,0,0.0
8,7,29,2,2,7,0,0,4,0.0
8,7,29,1,1,1,0,0,0,0.0
8,7,29,1,1,1,1,0,0,0.0
8,7,29,1,1,2,0,0,1,0.0
8,7,9,2,4,8,6,0,3,1.0
8,7,9,2,2,7,0,7,0,0.0
8,7,29,1,1,3,5,2,0,3.0
8,7,12,1,1,1,0,1,0,0.0
8,7,29,1,1,1,0,0,1,0.0
8,7,29,2,4,12,6,1,2,0.0
8,7,29,1,1,2,2,0,0,0.0
8,7,29,1,1,1,1,0,0,0.0
8,7,29,1,1,7,4,0,3,0.0
8,7,29,1,1,1,0,1,0,0.0
8,7,29,2,2,11,0,1,0,4.0
8,7,29,1,1,1,0,1,0,0.0
8,8,29,2,2,5,1,0,0,2.0
8,8,29,1,1,1,0,0,0,0.0
8,8,29,1,1,1,0,1,0,0.0
8,8,29,1,1,1,0,1,0,0.0
8,8,29,1,1,4,3,1,0,0.0
8,8,29,1,1,1,2,0,0,1.0
8,8,29,2,2,2,0,0,2,0.0
8,8,42,1,1,1,0,1,0,0.0
8,8,12,2,3,20,11,6,1,2.0
8,8,9,1,1,1,0,0,1,0.0
8,8,29,1,1,1,0,0,1,0.0
8,8,29,1,1,1,1,0,0,0.0
8,8,29,2,1,8,2,1,2,0.0
8,8,29,1,1,1,0,1,0,0.0
8,8,29,1,1,3,0,0,3,0.0
8,8,29,2,1,4,0,5,0,1.0
8,8,29,1,1,1,1,0,0,0.0
8,8,37,2,5,8,3,0,0,0.0
8,8,29,2,3,21,11,0,6,3.0
8,8,29,2,3,9,0,0,0,0.0
8,8,29,2,4,14,5,0,5,0.0
8,8,29,2,1,5,2,0,0,0.0
8,8,29,2,1,2,0,1,0,0.0
8,8,29,1,1,5,3,1,0,0.0
8,8,29,2,2,3,0,1,2,0.0
8,8,29,1,1,1,0,1,0,0.0
8,8,29,2,3,6,1,1,2,0.0
8,8,29,1,2,4,1,0,3,0.0
8,8,29,1,1,6,6,1,0,1.0
8,8,29,2,4,24,13,4,3,1.0
8,8,29,1,1,4,2,1,1,0.0
8,8,29,1,1,1,1,0,0,0.0
8,8,29,1,1,1,0,1,0,0.0
8,8,29,1,1,1,0,0,1,0.0
8,8,29,2,2,17,25,0,0,8.0
8,8,29,2,3,5,0,0,4,0.0
8,8,29,2,2,4,0,0,3,0.0
8,8,29,1,2,5,0,5,0,1.0
8,8,29,2,4,10,0,0,0,1.0
8,8,29,1,1,3,1,0,0,0.0
8,8,29,1,1,2,0,2,0,0.0
8,8,29,1,1,1,0,0,1,0.0
8,8,29,1,1,1,0,0,1,0.0
8,8,29,2,2,9,0,1,8,0.0
8,8,29,1,1,2,3,0,0,1.0
8,8,29,2,3,3,3,0,0,0.0
8,8,29,1,1,1,0,1,0,0.0
8,8,29,2,3,11,4,0,4,0.0
8,8,29,1,1,2,0,0,0,0.0
8,8,29,1,1,1,0,1,0,0.0
8,8,29,1,1,1,1,0,0,0.0
8,8,29,1,1,1,1,0,0,0.0
8,8,16,1,1,2,2,0,0,0.0
8,8,29,1,1,1,1,0,0,0.0
8,8,29,2,4,13,0,3,0,1.0
8,8,29,2,4,6,0,3,0,0.0
8,8,29,1,2,3,1,2,0,0.0
8,8,29,2,2,5,3,0,0,0.0
8,8,29,1,1,1,0,1,0,0.0
8,8,29,2,4,7,1,2,4,0.0
8,8,29,1,1,1,1,0,0,0.0
8,8,29,2,3,11,6,0,0,0.0
8,8,29,2,3,3,0,1,0,0.0
8,8,29,2,5,20,7,0,7,3.0
8,8,29,2,3,8,2,0,0,0.0
8,8,29,2,5,23,10,1,7,5.0
8,8,29,2,2,10,4,0,1,0.0
8,8,29,1,1,2,1,0,0,0.0
8,8,29,2,5,37,21,4,7,2.0
8,8,29,1,2,4,3,0,0,0.0
8,8,29,2,3,8,7,1,1,1.0
8,8,29,1,1,1,0,0,1,0.0
8,8,29,2,1,5,4,1,0,0.0
8,8,29,2,5,8,0,3,0,0.0
8,8,29,1,1,1,0,0,0,0.0
8,8,29,1,1,2,2,0,0,0.0
8,8,29,2,2,13,0,8,0,0.0
8,8,29,1,1,1,0,0,1,0.0
8,8,29,2,3,5,0,1,4,0.0
8,8,29,1,2,9,0,9,0,0.0
8,8,29,1,1,3,3,0,0,0.0
8,8,29,2,2,4,3,0,1,0.0
8,8,29,1,1,1,0,0,1,0.0
8,8,29,1,1,1,0,0,1,0.0
8,8,29,2,3,10,6,0,0,2.0
8,8,29,2,2,5,0,5,0,0.0
8,8,46,2,3,7,1,2,4,0.0
8,8,29,1,2,9,12,0,0,3.0
8,8,29,1,1,1,0,1,0,0.0
8,8,29,1,2,3,1,2,0,0.0
8,8,29,2,4,13,6,0,3,1.0
8,8,29,2,3,8,0,0,2,0.0
8,8,29,2,4,14,0,0,5,3.0
8,8,29,2,5,25,9,0,4,1.0
8,8,29,2,2,4,2,5,0,3.0
8,8,41,2,5,23,0,3,4,1.0
8,8,29,1,1,1,0,1,0,0.0
8,8,29,2,2,8,0,8,0,0.0
8,8,29,1,1,2,0,2,0,0.0
8,8,29,2,4,57,23,12,18,4.0
8,8,29,1,1,4,2,2,0,0.0
8,8,29,1,1,2,2,0,0,0.0
8,8,29,1,1,1,0,0,0,0.0
8,8,29,2,3,7,2,0,5,0.0
8,8,29,2,2,4,0,4,0,0.0
8,8,29,1,1,1,1,0,0,0.0
8,8,29,2,3,4,1,2,1,0.0
8,8,29,2,2,8,3,0,5,1.0
8,8,9,2,3,6,7,0,0,1.0
8,8,29,1,1,1,0,1,0,0.0
8,8,29,2,3,6,4,0,2,0.0
8,8,29,2,3,20,9,3,1,0.0
8,8,29,1,1,2,0,2,0,0.0
8,8,29,1,1,2,0,2,0,0.0
8,8,29,1,1,3,3,0,0,0.0
8,8,29,2,3,7,3,0,4,0.0
8,8,29,2,5,31,0,1,15,5.0
8,8,29,1,1,2,2,0,0,0.0
8,8,9,1,3,4,0,0,5,1.0
8,8,29,2,2,4,0,0,0,1.0
8,8,29,2,1,3,0,3,0,0.0
8,8,29,2,3,11,2,6,2,0.0
8,8,29,1,1,1,1,0,0,0.0
8,8,9,1,1,1,0,0,1,0.0
8,8,46,1,1,5,3,2,0,0.0
8,8,29,2,4,10,1,0,10,1.0
8,8,29,1,1,1,1,0,0,0.0
8,8,29,2,1,22,16,0,1,2.0
8,8,46,2,1,3,3,0,0,0.0
8,8,29,2,3,5,3,2,1,1.0
8,8,29,1,1,1,0,2,0,1.0
8,8,29,2,4,9,1,0,9,1.0
8,8,29,2,4,12,3,0,0,2.0
8,8,9,2,3,8,4,0,4,0.0
8,8,29,1,1,1,0,0,0,0.0
8,8,29,1,1,1,0,0,1,0.0
8,8,29,2,2,13,0,13,0,0.0
8,8,29,2,2,6,0,0,5,0.0
8,8,29,2,3,10,2,6,2,0.0
8,8,29,2,2,4,0,0,4,0.0
8,8,29,2,3,6,9,0,0,3.0
8,8,29,2,5,19,6,0,4,0.0
8,8,29,1,1,1,0,1,0,0.0
8,9,29,1,1,1,0,0,1,0.0
8,9,29,2,3,8,1,1,0,0.0
8,9,29,2,2,2,2,0,0,0.0
8,9,29,2,3,18,3,0,6,1.0
8,9,29,1,1,2,2,0,0,0.0
8,9,29,2,4,7,1,3,3,0.0
8,9,9,2,4,41,18,28,35,17.0
8,9,9,1,1,1,0,0,1,0.0
8,9,29,2,3,14,10,3,0,0.0
8,9,9,1,1,1,1,0,0,0.0
8,9,29,2,2,3,0,2,1,0.0
8,9,29,2,1,6,1,0,3,0.0
8,9,29,1,1,1,1,0,0,0.0
8,9,29,1,1,3,0,0,0,0.0
8,9,9,1,1,5,5,0,0,0.0
8,9,29,2,2,7,5,0,0,0.0
8,9,29,2,1,5,0,5,0,0.0
8,9,29,2,5,17,1,7,0,1.0
8,9,29,2,2,3,0,3,0,0.0
8,9,29,1,1,2,0,2,0,0.0
8,9,29,2,3,26,22,3,7,5.0
8,9,29,2,4,23,11,6,4,2.0
8,9,29,1,1,1,1,0,0,0.0
8,9,29,1,1,6,0,6,0,0.0
8,9,29,1,1,1,0,0,0,0.0
8,9,29,2,1,12,2,4,6,0.0
8,9,29,2,2,2,2,0,0,0.0
8,9,29,1,4,4,0,1,3,0.0
8,9,29,2,4,26,6,1,8,1.0
8,9,29,1,1,3,1,1,1,0.0
8,9,29,1,1,1,1,0,0,0.0
8,9,9,2,1,2,2,0,0,0.0
8,9,29,1,1,1,0,1,0,0.0
8,9,29,2,3,5,0,0,5,0.0
8,9,29,2,3,7,7,0,0,0.0
8,9,29,2,3,6,3,1,2,0.0
8,9,29,1,2,4,0,4,0,0.0
8,9,29,1,1,2,1,0,1,0.0
8,9,29,2,3,6,1,0,2,0.0
8,9,29,2,2,2,1,0,1,0.0
8,9,29,1,1,1,1,0,0,0.0
8,9,29,1,1,1,1,0,0,0.0
8,9,29,1,1,2,2,0,0,0.0
8,9,29,2,3,12,3,1,2,1.0
8,9,29,2,2,2,1,0,1,0.0
8,9,29,1,3,5,0,0,3,0.0
8,9,29,2,2,5,0,5,0,0.0
8,9,29,2,2,2,0,2,0,0.0
8,9,29,2,3,3,0,0,0,0.0
8,9,29,2,1,5,3,0,2,0.0
8,9,29,1,1,1,0,0,0,0.0
8,9,29,1,1,5,5,1,0,1.0
8,9,29,1,1,1,0,1,0,0.0
8,9,29,2,2,15,2,11,1,2.0
8,9,29,1,1,1,0,0,0,0.0
8,9,29,2,2,6,0,9,0,3.0
8,9,29,2,2,3,4,0,1,1.0
8,9,29,1,1,1,0,0,1,0.0
8,9,29,1,1,2,2,0,0,0.0
8,9,29,2,5,6,0,0,0,0.0
8,9,9,2,3,7,2,0,5,0.0
8,9,29,2,4,26,9,6,13,2.0
8,9,29,2,5,18,0,0,0,0.0
8,9,29,1,1,1,0,0,0,0.0
8,9,29,2,1,6,4,2,0,0.0
8,9,29,2,2,2,1,0,1,0.0
8,9,29,1,2,6,3,2,1,0.0
8,9,29,2,1,2,1,0,1,0.0
8,9,29,2,3,9,0,0,11,2.0
8,9,29,1,2,3,0,3,0,0.0
8,9,29,1,3,4,0,2,2,0.0
8,9,29,1,1,5,5,0,0,0.0
8,9,29,1,1,2,0,0,0,0.0
8,9,29,2,3,3,1,0,2,0.0
8,9,29,1,1,1,1,0,0,0.0
8,9,29,2,2,9,0,9,0,1.0
8,9,29,2,1,3,0,2,0,0.0
8,9,29,2,1,10,3,2,5,0.0
8,9,29,2,4,9,2,0,0,2.0
8,9,29,2,4,8,3,2,0,0.0
8,9,29,2,4,6,0,0,1,0.0
8,9,29,2,2,10,3,1,2,0.0
8,9,29,1,4,4,1,1,3,1.0
8,9,29,1,1,1,0,0,0,0.0
8,9,29,2,5,16,1,0,2,2.0
8,9,29,2,1,3,2,1,0,0.0
8,9,29,2,1,4,0,4,0,0.0
8,9,29,1,1,1,1,0,0,0.0
8,9,29,1,1,3,2,1,0,0.0
8,9,29,2,3,11,0,2,9,0.0
8,9,29,1,1,1,1,0,0,0.0
8,9,29,1,1,2,1,1,0,0.0
8,9,29,1,1,1,1,0,0,0.0
8,9,29,2,1,7,1,3,0,0.0
8,9,29,1,1,2,2,0,0,0.0
8,9,29,2,3,4,1,0,2,0.0
8,9,29,2,1,9,4,0,4,0.0
8,9,29,2,3,16,10,8,1,3.0
8,9,29,2,2,5,1,3,0,0.0
8,9,46,1,1,1,0,1,0,0.0
8,9,29,1,1,1,1,0,0,0.0
8,9,29,1,1,1,1,0,0,0.0
8,9,29,2,2,5,4,0,0,0.0
8,9,29,2,2,2,0,0,0,0.0
8,9,29,2,3,4,0,0,2,0.0
8,9,29,2,4,10,1,0,7,4.0
8,9,29,1,1,2,2,0,0,0.0
8,9,29,2,4,14,2,3,2,0.0
8,9,29,1,1,7,0,5,1,0.0
8,9,34,1,2,7,11,0,0,4.0
8,9,29,1,1,1,0,0,1,0.0
8,9,44,1,1,2,2,0,0,0.0
8,9,29,2,3,4,1,0,0,0.0
8,9,46,2,1,4,1,1,2,0.0
8,9,29,2,2,3,0,1,1,0.0
8,9,29,1,1,3,1,0,0,0.0
8,9,29,2,1,3,0,5,0,1.0
8,9,10,2,3,5,5,1,0,1.0
8,9,29,2,2,2,0,2,0,0.0
8,9,29,1,1,4,0,3,0,0.0
8,9,9,2,3,15,22,0,6,12.0
8,9,9,2,4,11,3,3,5,0.0
8,9,9,2,1,4,4,0,0,0.0
8,9,29,1,1,6,6,0,0,0.0
8,9,29,1,1,1,1,0,0,0.0
8,9,29,1,1,2,2,0,0,0.0
8,9,41,1,1,1,1,0,0,0.0
8,9,29,2,4,11,5,1,1,0.0
8,9,29,2,1,2,0,1,0,0.0
8,10,29,1,2,3,2,1,0,0.0
8,10,29,1,1,1,1,0,0,0.0
8,10,29,2,4,8,0,0,2,0.0
8,10,29,2,4,12,0,0,0,1.0
8,10,29,1,1,1,0,1,0,0.0
8,10,29,1,1,1,1,0,0,0.0
8,10,29,2,1,14,9,2,2,2.0
8,10,29,1,1,1,1,0,0,0.0
8,10,29,2,4,6,0,2,1,0.0
8,10,29,1,1,1,0,0,1,0.0
8,10,29,2,2,15,16,3,0,3.0
8,10,29,2,4,9,0,3,7,1.0
8,10,29,2,4,20,5,10,5,0.0
8,10,29,2,4,15,4,0,2,0.0
8,10,24,1,1,1,1,0,0,0.0
8,10,29,2,3,8,1,2,0,0.0
8,10,9,2,4,9,7,0,2,0.0
8,10,9,1,1,14,24,0,0,7.0
8,10,29,1,2,4,2,2,0,0.0
8,10,29,1,1,3,2,0,1,0.0
8,10,29,2,3,13,4,4,0,0.0
8,10,29,1,2,3,0,0,0,0.0
8,10,29,1,1,1,1,0,0,0.0
8,10,29,2,3,3,0,0,2,0.0
8,10,29,2,3,3,0,0,0,0.0
8,10,29,2,3,17,1,8,2,0.0
8,10,29,1,1,1,0,1,0,0.0
8,10,24,2,4,6,0,0,1,0.0
8,10,29,1,1,1,0,1,0,0.0
8,10,29,2,2,4,2,0,2,1.0
8,10,29,1,1,1,0,0,0,0.0
8,10,29,2,2,2,0,0,2,0.0
8,10,29,2,2,3,1,0,0,0.0
8,10,29,2,2,3,0,1,0,0.0
8,10,29,1,1,5,5,0,0,0.0
8,10,29,2,4,28,0,0,1,1.0
8,10,29,1,2,3,0,1,0,1.0
8,10,29,1,1,3,4,0,0,1.0
8,10,29,1,1,1,0,0,1,0.0
8,10,29,1,1,1,0,1,0,0.0
8,10,29,2,1,3,1,2,0,0.0
8,10,29,1,1,1,0,1,0,0.0
8,10,29,2,1,3,0,0,3,0.0
8,10,29,1,1,2,0,2,0,0.0
8,10,29,1,1,1,0,0,1,0.0
8,10,29,1,1,2,0,2,0,0.0
8,10,29,1,1,2,0,0,2,0.0
8,10,29,2,4,8,4,0,0,0.0
8,10,29,1,1,1,0,0,1,0.0
8,10,9,1,2,5,4,0,1,0.0
8,10,29,1,1,3,0,0,2,0.0
8,10,29,2,2,3,1,2,0,0.0
8,10,29,1,1,2,2,0,0,0.0
8,10,29,2,5,8,0,0,1,0.0
8,10,29,1,1,1,0,0,0,0.0
8,10,29,2,2,7,3,0,3,2.0
8,10,29,2,3,6,1,0,5,0.0
8,10,29,2,2,2,0,1,0,0.0
8,10,29,1,1,4,3,1,0,0.0
8,10,29,2,1,2,1,1,0,0.0
8,10,29,2,5,20,7,0,3,0.0
8,10,46,1,1,2,3,0,0,1.0
8,10,29,1,1,1,0,0,1,0.0
8,10,29,2,5,12,0,0,0,0.0
8,10,29,2,3,9,3,0,5,0.0
8,10,29,2,5,16,3,5,2,0.0
8,10,29,1,2,3,1,1,0,0.0
8,10,29,2,2,4,0,0,0,0.0
8,10,29,1,1,4,4,0,0,0.0
8,10,29,2,5,60,6,10,35,7.0
8,10,29,1,2,2,0,1,1,0.0
8,10,29,1,1,1,0,0,1,0.0
8,10,29,1,1,2,1,0,1,0.0
8,10,29,1,1,1,0,1,0,0.0
8,10,29,1,1,4,0,0,4,0.0
8,10,29,1,1,1,0,1,0,0.0
8,10,29,2,4,6,1,0,0,0.0
8,10,29,2,4,21,9,4,9,1.0
8,10,29,1,1,1,0,1,0,0.0
8,10,29,1,3,8,0,9,1,2.0
8,10,29,2,4,19,3,7,10,1.0
8,10,29,1,3,8,6,0,0,0.0
8,10,29,2,2,3,0,0,2,0.0
8,10,29,1,2,4,4,0,0,0.0
8,10,29,1,1,2,2,0,0,0.0
8,10,29,2,1,2,0,0,1,0.0
8,10,29,1,1,1,0,1,0,0.0
8,10,29,2,1,2,0,2,0,0.0
8,10,29,1,1,1,1,0,0,0.0
8,10,9,2,3,11,11,0,0,0.0
8,10,29,2,1,2,0,0,2,0.0
8,10,29,2,3,4,1,0,0,1.0
8,10,29,1,1,1,0,0,1,0.0
8,10,29,1,1,1,0,0,0,0.0
8,10,29,1,1,2,2,0,0,0.0
8,10,29,2,2,6,2,2,0,0.0
8,10,29,1,1,1,0,0,0,0.0
8,10,29,2,3,7,3,4,0,1.0
8,10,29,1,1,4,3,1,0,0.0
8,10,29,2,1,7,6,1,0,0.0
8,10,29,1,1,1,1,0,0,0.0
8,10,29,1,1,3,0,0,3,1.0
8,10,29,1,1,1,1,0,0,0.0
8,10,29,2,1,2,0,0,0,0.0
8,10,29,1,1,5,5,0,0,0.0
8,10,9,1,1,1,0,0,1,0.0
8,10,9,2,3,10,3,0,7,0.0
8,10,29,2,3,3,0,0,0,0.0
8,10,46,1,1,6,3,1,2,0.0
8,10,44,1,1,2,0,0,0,0.0
8,10,9,2,4,11,6,0,5,0.0
8,10,29,1,1,1,0,1,0,0.0
8,10,29,2,4,7,0,1,2,2.0
8,10,29,2,2,9,1,8,0,0.0
8,10,29,1,1,1,0,1,0,0.0
8,10,29,1,1,2,0,0,0,0.0
8,10,29,2,2,6,1,3,2,0.0
8,10,29,1,1,1,0,0,0,0.0
8,10,29,2,4,13,5,10,0,7.0
8,10,9,2,3,11,10,1,8,7.0
8,10,29,1,1,3,2,0,4,3.0
8,10,29,2,2,4,0,0,2,0.0
8,10,46,1,3,5,4,0,0,0.0
8,10,29,1,1,2,2,0,0,0.0
8,10,29,1,1,1,0,0,0,0.0
8,11,29,2,2,6,2,0,2,0.0
8,11,29,1,1,1,0,0,0,0.0
8,11,29,1,1,2,2,0,0,0.0
8,11,9,2,1,2,1,0,1,0.0
8,11,29,2,3,10,0,0,6,2.0
8,11,38,2,2,7,1,2,3,1.0
8,11,9,1,1,1,1,0,0,0.0
8,11,29,2,2,4,0,0,5,2.0
8,11,29,2,2,8,4,1,1,0.0
8,11,29,2,4,10,2,0,8,0.0
8,11,29,2,1,2,1,1,0,0.0
8,11,29,1,3,11,0,9,2,0.0
8,11,29,2,1,4,3,0,0,1.0
8,11,29,2,3,23,13,4,11,5.0
8,11,29,2,2,2,0,0,1,0.0
8,11,29,1,1,1,0,1,0,0.0
8,11,29,1,1,1,0,0,2,1.0
8,11,41,1,1,1,1,0,0,0.0
8,11,9,1,3,3,3,0,0,0.0
8,11,29,2,1,3,0,0,0,1.0
8,11,29,2,5,16,0,3,0,2.0
8,11,44,1,1,3,3,0,0,0.0
8,11,29,2,4,7,0,0,0,0.0
8,11,29,2,3,12,0,3,8,0.0
8,11,29,1,1,1,0,0,1,0.0
8,11,24,1,3,10,10,0,3,3.0
8,11,24,1,1,2,3,0,0,1.0
8,11,29,1,1,2,2,0,0,0.0
8,11,29,2,2,3,0,3,0,0.0
8,11,29,1,1,1,1,0,0,0.0
8,11,29,1,1,10,8,0,0,0.0
8,11,29,1,1,1,0,1,0,0.0
8,11,29,1,1,1,1,0,0,0.0
8,11,29,2,4,14,1,2,5,1.0
8,11,29,1,1,2,0,0,2,0.0
8,11,24,1,1,1,1,0,0,0.0
8,11,29,1,1,1,0,0,1,0.0
8,11,29,1,1,1,0,0,1,0.0
8,11,29,2,4,20,5,0,5,0.0
8,11,9,1,1,1,0,0,1,0.0
8,11,29,2,2,3,0,0,0,0.0
8,11,29,2,2,7,0,7,0,0.0
8,11,29,1,1,1,0,0,1,0.0
8,11,29,2,2,4,0,1,1,0.0
8,11,29,2,1,2,0,0,0,0.0
8,11,29,1,1,3,3,0,0,0.0
8,11,29,2,3,11,5,0,6,0.0
8,11,29,1,1,1,1,0,0,0.0
8,11,29,2,2,3,0,0,1,0.0
8,11,29,2,3,9,0,2,8,1.0
8,11,29,1,1,1,0,0,0,0.0
8,11,29,1,1,3,0,3,0,0.0
8,11,29,2,1,5,0,0,0,0.0
8,11,29,1,2,3,3,0,0,0.0
8,11,29,1,1,1,0,1,0,0.0
8,11,29,2,3,14,0,0,0,5.0
8,11,29,1,2,4,1,0,3,0.0
8,11,29,1,2,10,8,0,2,0.0
8,11,29,1,1,1,0,1,0,0.0
8,11,29,2,2,5,0,3,1,0.0
8,11,29,2,5,21,10,0,7,0.0
8,11,29,1,1,1,0,0,1,0.0
8,11,29,2,2,4,0,0,0,0.0
8,11,29,1,1,3,2,0,0,0.0
8,11,29,2,3,9,5,0,4,0.0
8,11,29,1,1,1,0,0,1,0.0
8,11,29,2,3,4,0,0,3,1.0
8,11,29,1,1,1,1,0,0,0.0
8,11,29,2,2,2,0,0,0,0.0
8,11,29,1,1,1,1,0,0,0.0
8,11,29,2,3,20,8,0,1,2.0
8,11,29,2,1,7,1,4,2,0.0
8,11,29,1,1,1,1,0,0,0.0
8,11,29,2,3,11,9,0,4,1.0
8,11,29,2,2,4,2,0,1,0.0
8,11,29,2,2,11,7,0,0,0.0
8,11,29,2,3,8,3,0,2,0.0
8,11,29,2,4,16,15,2,1,2.0
8,11,29,1,2,3,0,3,0,0.0
8,11,29,1,1,4,4,0,0,0.0
8,11,29,1,1,5,2,0,3,0.0
8,11,29,2,4,4,0,0,0,0.0
8,11,29,2,5,17,4,7,2,4.0
8,11,29,2,3,6,1,2,2,0.0
8,11,29,1,1,1,0,0,1,0.0
8,11,29,1,2,2,0,2,0,0.0
8,11,29,1,1,3,1,0,2,0.0
8,11,29,2,4,15,0,0,25,5.0
8,11,29,2,1,2,0,3,0,1.0
8,11,29,2,2,5,4,0,0,0.0
8,11,29,1,1,4,0,4,0,0.0
8,11,29,2,4,9,6,0,0,0.0
8,11,29,1,1,2,2,0,0,0.0
8,11,29,2,1,3,0,0,3,0.0
8,11,29,2,4,10,0,0,5,0.0
8,11,29,1,1,6,6,0,0,0.0
8,11,29,1,1,1,0,1,0,0.0
8,11,29,2,5,19,0,0,0,0.0
8,11,29,2,1,2,1,1,0,0.0
8,11,29,2,3,4,0,0,0,0.0
8,11,29,1,1,1,0,1,0,0.0
8,11,29,2,4,6,5,0,1,0.0
8,11,29,2,1,2,0,2,0,0.0
8,11,29,2,5,8,1,0,0,0.0
8,11,29,2,2,2,0,1,1,0.0
8,11,29,1,1,1,1,0,0,0.0
8,11,29,1,1,4,4,0,0,0.0
8,11,29,1,2,2,0,0,0,0.0
8,11,29,1,1,2,0,2,0,0.0
8,11,29,1,1,1,1,0,0,0.0
8,11,29,2,1,2,2,0,0,0.0
8,11,29,1,1,1,1,0,0,0.0
8,11,29,1,1,2,0,0,2,0.0
8,11,29,2,1,5,0,5,0,0.0
8,11,29,1,1,1,0,0,1,0.0
8,11,29,1,1,1,0,1,0,0.0
8,11,29,2,2,2,0,0,1,0.0
8,11,29,2,1,3,1,3,0,1.0
8,11,29,2,3,5,5,0,0,0.0
8,11,29,2,3,10,0,0,5,0.0
8,11,29,2,3,19,12,0,3,0.0
8,11,29,2,2,12,6,1,0,0.0
8,11,29,2,4,15,5,1,5,1.0
8,11,29,2,1,5,2,0,0,0.0
8,11,29,2,1,2,1,0,0,0.0
8,11,29,2,3,12,0,0,2,0.0
8,11,29,2,3,8,4,0,4,0.0
8,11,29,1,1,1,0,1,0,0.0
8,11,29,2,3,3,0,0,0,1.0
8,11,29,2,5,20,12,0,5,1.0
8,11,44,1,1,1,1,0,0,0.0
8,11,29,1,1,3,3,0,0,0.0
8,11,29,1,1,2,2,0,0,0.0
8,11,29,1,1,1,1,0,0,0.0
8,11,29,2,1,2,1,0,0,0.0
8,11,29,1,1,2,2,0,0,0.0
8,11,29,2,1,2,2,0,0,0.0
8,11,46,2,1,7,7,0,0,0.0
8,11,29,2,3,7,1,1,5,0.0
8,11,29,1,1,3,2,1,0,0.0
8,11,29,2,2,11,7,0,2,0.0
8,11,9,2,4,20,7,5,9,1.0
8,11,46,2,1,2,1,1,0,0.0
8,11,29,1,1,3,0,0,0,0.0
8,11,29,2,2,3,2,0,1,0.0
8,11,29,1,1,1,0,0,0,0.0
8,11,29,2,1,4,0,0,0,0.0
8,11,29,2,1,2,0,0,1,0.0
8,11,29,2,2,5,0,6,0,1.0
8,11,24,2,3,6,4,2,0,2.0
8,11,46,2,5,30,1,1,2,0.0
8,11,29,1,1,1,1,0,0,0.0
8,11,29,2,4,13,5,2,0,1.0
8,11,29,2,5,27,4,7,13,3.0
8,11,29,1,1,1,1,0,0,0.0
8,11,29,1,2,2,0,0,0,0.0
8,11,29,2,3,4,0,0,4,0.0
8,11,29,1,1,3,4,0,0,1.0
8,11,29,1,1,3,3,0,0,0.0
8,11,29,1,1,1,1,0,0,0.0
8,11,29,1,3,5,5,0,0,0.0
8,11,29,2,2,7,0,0,0,0.0
8,11,29,2,2,8,5,1,3,1.0
8,11,29,2,3,5,0,2,3,0.0
8,11,34,2,2,2,1,0,1,0.0
8,11,29,2,1,3,8,0,0,3.0
8,11,29,1,1,1,0,1,0,0.0
8,11,29,1,1,2,2,0,0,0.0
8,11,29,2,4,5,1,1,3,0.0
8,11,29,1,1,1,0,1,0,0.0
8,11,29,1,1,2,0,1,1,0.0
8,11,29,2,2,3,0,1,1,0.0
8,12,29,2,3,4,0,2,2,0.0
8,12,29,1,2,2,1,0,0,0.0
8,12,29,2,3,8,4,2,0,0.0
8,12,29,1,1,1,0,1,0,0.0
8,12,9,1,3,4,0,0,4,0.0
8,12,2,2,4,15,2,7,6,0.0
8,12,29,1,2,2,0,1,1,0.0
8,12,9,2,4,7,2,2,4,1.0
8,12,29,2,1,4,0,4,0,0.0
8,12,9,2,3,6,2,0,4,0.0
8,12,29,2,3,11,7,2,0,1.0
8,12,9,1,1,1,1,0,0,0.0
8,12,10,1,1,1,0,0,1,0.0
8,12,29,1,2,3,0,0,1,1.0
8,12,29,2,3,8,1,2,5,0.0
8,12,24,2,5,16,8,1,2,6.0
8,12,29,2,1,7,2,2,3,0.0
8,12,29,1,1,2,0,2,0,0.0
8,12,29,1,2,3,2,1,0,0.0
8,12,29,2,2,5,2,3,0,1.0
8,12,41,2,4,13,2,4,7,0.0
8,12,9,2,4,10,3,0,7,0.0
8,12,29,2,1,7,4,0,3,0.0
8,12,29,1,1,1,0,0,0,0.0
8,12,29,2,5,15,10,0,2,4.0
8,12,29,2,1,5,3,0,0,0.0
8,12,29,2,2,4,0,0,0,0.0
8,12,29,2,5,27,3,1,2,0.0
8,12,29,2,2,3,1,2,1,1.0
8,12,41,1,1,1,0,1,0,0.0
8,12,29,1,1,1,1,0,0,0.0
8,12,29,2,3,8,2,1,5,0.0
8,12,29,1,1,1,1,0,0,0.0
8,12,29,1,1,1,1,0,0,0.0
8,12,24,2,4,9,1,0,8,0.0
8,12,9,1,2,2,0,1,1,0.0
8,12,24,2,5,12,2,0,3,0.0
8,12,29,1,2,4,4,0,0,0.0
8,12,21,2,3,7,0,3,5,1.0
8,12,29,2,4,10,3,3,4,0.0
8,12,29,2,1,6,0,4,0,0.0
8,12,29,1,2,3,0,0,3,0.0
8,12,29,1,1,1,0,0,1,0.0
8,12,29,2,4,20,9,1,3,0.0
8,12,24,1,1,1,0,0,1,0.0
8,12,9,1,1,1,1,0,0,0.0
8,12,29,1,1,4,1,2,1,0.0
8,12,29,1,1,1,0,0,1,0.0
8,12,29,2,3,10,1,8,1,0.0
8,12,29,2,2,5,4,0,0,0.0
8,12,29,2,4,10,3,2,1,0.0
8,12,29,1,1,1,0,0,1,0.0
8,12,29,2,4,12,0,2,0,0.0
8,12,29,2,3,7,0,1,6,0.0
8,12,29,2,4,8,2,0,4,0.0
8,12,29,2,4,12,6,0,6,0.0
8,12,29,1,1,1,1,0,0,0.0
8,12,29,1,1,1,0,0,1,0.0
8,12,29,1,2,2,0,2,0,0.0
8,12,29,1,1,1,1,0,0,0.0
8,12,29,2,3,13,4,2,2,0.0
8,12,29,2,4,16,8,0,0,1.0
8,12,29,1,1,1,1,0,0,0.0
8,12,29,2,3,9,2,6,1,0.0
8,12,29,1,1,4,4,0,0,0.0
8,12,29,1,1,1,0,0,0,0.0
8,12,29,1,1,1,0,0,1,0.0
8,12,29,2,2,5,5,0,0,0.0
8,12,29,1,3,3,3,0,0,0.0
8,12,29,1,1,2,0,1,1,0.0
8,12,29,2,4,11,7,0,2,0.0
8,12,29,2,3,10,5,0,5,0.0
8,12,29,2,3,3,0,0,0,0.0
8,12,29,2,3,6,1,3,1,0.0
8,12,29,2,3,4,0,0,0,0.0
8,12,29,2,3,3,0,0,0,1.0
8,12,29,2,2,3,2,0,0,0.0
8,12,29,2,2,4,0,0,4,0.0
8,12,29,2,1,4,3,1,0,0.0
8,12,29,2,2,7,0,1,1,0.0
8,12,29,2,3,3,0,1,2,0.0
8,12,29,2,2,4,1,0,2,0.0
8,12,29,2,1,2,1,0,1,0.0
8,12,34,2,4,29,7,21,30,24.0
8,12,29,1,1,1,0,0,0,0.0
8,12,29,2,3,7,0,2,5,0.0
8,12,29,2,3,7,0,1,6,0.0
8,12,29,2,2,12,4,9,0,1.0
8,12,29,1,1,1,0,0,0,0.0
8,12,29,1,3,5,3,2,0,0.0
8,12,29,1,1,2,0,2,0,0.0
8,12,29,1,1,3,3,0,0,0.0
8,12,29,1,1,1,0,1,0,0.0
8,12,9,2,2,2,0,0,3,1.0
8,12,29,2,2,4,1,3,0,0.0
8,12,29,2,1,3,2,1,0,0.0
8,12,29,2,2,5,2,3,0,0.0
8,12,29,1,1,1,0,1,0,0.0
8,12,29,1,1,1,0,0,1,0.0
8,12,29,1,1,2,0,0,3,1.0
8,12,29,2,4,5,0,0,1,0.0
8,12,29,2,1,2,0,0,2,0.0
8,12,29,2,2,2,1,0,0,0.0
8,12,29,2,2,8,0,0,12,3.0
8,12,29,1,1,2,2,0,0,0.0
8,12,29,2,1,2,0,0,1,0.0
8,12,29,2,1,9,4,0,3,1.0
8,12,29,2,1,5,2,0,0,1.0
8,12,29,2,3,8,4,0,0,1.0
8,12,29,1,1,1,0,0,0,0.0
8,12,29,2,1,2,0,0,0,0.0
8,12,29,1,1,1,0,0,1,0.0
8,12,29,1,2,2,0,0,1,0.0
8,12,29,2,2,2,2,0,1,1.0
8,12,29,1,1,1,0,1,0,0.0
8,12,29,2,5,14,0,0,0,0.0
8,12,29,2,4,10,1,0,1,1.0
8,12,29,1,1,1,0,0,1,0.0
8,12,29,2,4,13,7,1,5,0.0
8,12,29,1,1,7,4,3,0,0.0
8,12,29,2,3,5,1,0,0,0.0
8,12,29,1,1,2,0,2,0,0.0
8,12,29,1,3,5,5,0,0,0.0
8,12,29,2,5,12,0,2,3,1.0
8,12,46,2,4,19,6,8,1,0.0
8,12,29,2,2,5,0,0,0,0.0
8,12,29,2,4,7,1,0,3,0.0
8,12,29,2,2,4,0,0,0,0.0
8,12,12,2,1,3,3,0,0,0.0
8,12,29,2,1,2,0,2,0,0.0
8,12,29,2,4,6,1,2,3,0.0
8,12,29,2,4,5,1,0,4,0.0
8,12,29,2,1,3,0,3,0,0.0
8,12,29,1,1,1,0,0,0,0.0
8,12,29,1,1,1,0,0,1,0.0
8,12,29,2,3,7,1,5,3,2.0
8,12,29,1,1,5,0,4,1,0.0
8,12,29,2,4,5,0,0,5,0.0
8,12,29,2,2,4,2,1,0,0.0
8,12,29,2,4,16,4,2,8,0.0
8,12,29,2,4,19,0,1,6,1.0
8,12,29,1,3,3,0,0,0,0.0
8,12,29,1,1,6,4,0,0,0.0
8,12,29,1,1,4,1,2,0,0.0
8,12,44,2,2,4,3,0,1,0.0
8,12,29,1,1,2,2,0,0,0.0
8,12,29,2,2,7,1,7,0,1.0
8,12,29,2,3,4,5,0,0,1.0
8,12,29,1,1,2,1,0,1,0.0
8,12,29,1,1,1,1,0,0,0.0
8,12,29,2,1,6,2,2,1,0.0
8,12,29,1,1,5,5,0,0,0.0
8,12,29,1,2,3,0,2,1,0.0
8,12,29,1,1,3,0,3,0,0.0
8,12,29,1,1,2,4,0,0,2.0
8,12,29,2,5,12,4,0,2,0.0
8,12,9,1,1,2,3,0,0,1.0
8,12,46,1,1,5,2,2,1,0.0
8,12,29,1,1,1,0,2,0,1.0
8,12,29,2,3,9,1,5,4,1.0
8,12,29,2,2,4,2,0,2,0.0
8,12,29,1,1,1,1,0,0,0.0
8,12,16,2,2,2,0,1,0,0.0
8,12,29,1,3,5,7,0,0,1.0
8,12,29,2,2,5,0,4,0,0.0
8,12,29,1,1,1,0,0,0,0.0
8,12,29,1,1,4,4,0,0,0.0
8,12,29,2,3,4,0,0,4,0.0
8,12,29,1,1,1,0,0,0,0.0
8,12,46,1,1,1,0,0,1,0.0
8,12,29,2,4,7,3,0,0,0.0
8,12,29,2,1,4,0,1,1,0.0
8,12,29,1,1,1,0,0,0,0.0
8,12,29,2,4,23,10,4,8,0.0
8,12,29,1,1,1,0,0,1,0.0
8,12,29,1,1,1,1,0,0,0.0
8,12,34,2,4,28,14,5,12,4.0
8,12,29,2,4,16,6,4,8,3.0
8,12,29,2,3,9,0,0,9,0.0
8,12,29,1,1,1,1,0,0,0.0
8,12,29,2,2,6,0,7,0,1.0
8,12,29,2,1,3,0,0,0,0.0
8,12,29,2,2,3,0,0,0,1.0
8,13,29,1,2,2,1,1,0,0.0
8,13,29,2,2,5,5,0,0,0.0
8,13,29,2,2,7,1,0,2,0.0
8,13,29,2,4,15,6,4,0,0.0
8,13,29,1,3,3,0,0,1,0.0
8,13,29,2,3,9,0,3,5,0.0
8,13,29,2,4,34,5,9,22,17.0
8,13,29,1,1,1,0,0,1,0.0
8,13,29,2,5,9,1,0,1,0.0
8,13,44,2,2,2,1,0,1,0.0
8,13,29,1,1,1,1,0,0,0.0
8,13,29,2,2,2,1,0,0,0.0
8,13,29,2,3,20,9,1,0,0.0
8,13,29,2,3,14,7,3,0,0.0
8,13,29,1,2,4,0,2,2,0.0
8,13,29,2,1,4,3,0,0,0.0
8,13,29,2,1,2,2,0,0,0.0
8,13,29,2,1,4,3,0,0,0.0
8,13,29,1,1,1,0,1,0,0.0
8,13,9,1,1,1,1,0,0,0.0
8,13,34,2,1,3,1,1,1,0.0
